transaction_id,account_id,transaction_date,value_date,transaction_type,amount,currency,merchant_category_code,counterparty_id,channel,reference,last_updated_ts
TXN0000000001,ACC00000750,2025-07-03 02:01:00+00:00,2025-12-10 02:11:00+00:00,CREDIT,550.97,GBP,9235,CP8197,POS,REFT6E37TD542,2025-10-26 11:51:00+00:00
TXN0000000002,ACC00000346,2025-01-11 10:41:00+00:00,2024-11-03 20:36:00+00:00,DEBIT,454.71,USD,6981,CP3333,POS,REFV8IHPYXKE2,2024-11-24 22:34:00+00:00
TXN0000000003,ACC00000755,2025-06-15 21:02:00+00:00,2026-03-21 15:46:00+00:00,DEBIT,1373.32,GBP,8570,CP8497,ATM,REFZYEKH0E6DO,2025-07-19 23:12:00+00:00
TXN0000000004,ACC00000020,2024-02-07 00:58:00+00:00,2025-04-05 07:48:00+00:00,DEBIT,1130.01,USD,8038,CP8337,BRANCH,REF3ULZ8DAX75,2026-03-04 17:25:00+00:00
TXN0000000005,ACC00000166,2024-06-04 15:54:00+00:00,2025-10-23 13:45:00+00:00,CREDIT,1423.98,GBP,1634,CP5537,ONLINE,REFCJBJIWQ9OE,2024-04-13 21:38:00+00:00
TXN0000000006,ACC00000454,2025-11-29 05:46:00+00:00,2026-03-19 14:30:00+00:00,CREDIT,2297.19,GBP,3995,CP5890,ONLINE,REFTUPBI6VDXF,2024-05-17 22:29:00+00:00
TXN0000000007,ACC00000138,2024-05-11 02:19:00+00:00,2024-06-24 08:19:00+00:00,CREDIT,447.99,GBP,8616,CP8850,POS,REFVUEAF87CLA,2025-02-08 05:12:00+00:00
TXN0000000008,ACC00000787,2024-07-09 10:29:00+00:00,2024-07-14 20:19:00+00:00,CREDIT,325.13,USD,4225,CP1395,POS,REFYPPKYM9VNR,2024-08-24 21:30:00+00:00
TXN0000000009,ACC00000545,2025-11-09 06:07:00+00:00,2024-07-21 20:56:00+00:00,DEBIT,654.76,USD,2984,CP6597,ONLINE,REF3LSDXJCIGH,2025-09-03 18:22:00+00:00
TXN0000000010,ACC00000616,2025-03-11 00:38:00+00:00,2024-12-16 09:39:00+00:00,DEBIT,312.48,GBP,7958,CP4667,ONLINE,REFDVV6SFFNVO,2024-02-22 16:39:00+00:00
TXN0000000011,ACC00000513,2024-11-04 07:36:00+00:00,2025-04-18 16:31:00+00:00,CREDIT,1639.8,GBP,1325,CP8248,BRANCH,REFJZ3G4FJQ61,2025-07-06 19:34:00+00:00
TXN0000000012,ACC00000461,2025-12-09 03:49:00+00:00,2024-06-17 19:55:00+00:00,DEBIT,712.57,GBP,4909,CP7345,ATM,REFIDL8P6947A,2026-02-18 04:14:00+00:00
TXN0000000013,ACC00000641,2024-08-10 12:33:00+00:00,2025-01-20 11:30:00+00:00,DEBIT,1670.97,EUR,6707,CP8477,ONLINE,REFREJAOS6AYX,2024-11-23 04:25:00+00:00
TXN0000000014,ACC00000121,2026-04-05 20:44:00+00:00,2024-04-22 10:57:00+00:00,CREDIT,363.71,USD,1871,CP8130,ONLINE,REFM9KPJ588N7,2026-03-17 17:00:00+00:00
TXN0000000015,ACC00000254,2024-03-29 15:10:00+00:00,2025-02-19 22:54:00+00:00,DEBIT,185.07,USD,3518,CP7533,ATM,REFP8RRRZ1FEE,2024-09-14 21:02:00+00:00
TXN0000000016,ACC00000197,2024-02-05 06:07:00+00:00,2024-11-10 07:57:00+00:00,CREDIT,1860.48,GBP,6003,CP5476,ONLINE,REFWLLKDVAC3W,2024-03-30 19:13:00+00:00
TXN0000000017,ACC00000591,2024-07-21 12:39:00+00:00,2025-06-14 21:41:00+00:00,CREDIT,301.59,GBP,6574,CP7707,ONLINE,REFHUJABF8S2H,2025-06-10 14:40:00+00:00
TXN0000000018,ACC00000611,2024-12-20 11:45:00+00:00,2024-02-14 05:39:00+00:00,DEBIT,1926.53,USD,1255,CP1819,ONLINE,REFJKNHV4XNUT,2025-08-10 09:47:00+00:00
TXN0000000019,ACC00000390,2024-06-06 16:49:00+00:00,2025-08-08 01:48:00+00:00,DEBIT,887.29,GBP,7453,CP4617,ATM,REF7KWAOO7L4C,2026-01-16 12:27:00+00:00
TXN0000000020,ACC00000489,2025-02-04 05:58:00+00:00,2026-04-05 07:17:00+00:00,CREDIT,605.02,GBP,4264,,POS,REFQRUY9AES7K,2024-06-25 17:59:00+00:00
TXN0000000021,ACC00000611,2026-01-08 00:38:00+00:00,2025-06-30 20:01:00+00:00,DEBIT,765.95,GBP,3074,CP9694,ATM,REF9ET3L15R43,2025-10-23 22:20:00+00:00
TXN0000000022,ACC00000425,2025-10-22 05:36:00+00:00,2025-10-18 09:08:00+00:00,CREDIT,83.32,GBP,8586,CP3832,ONLINE,REF3YFTHRUJBB,2025-07-30 17:51:00+00:00
TXN0000000023,ACC00000503,2026-01-13 20:54:00+00:00,2024-10-27 15:37:00+00:00,CREDIT,1299.94,GBP,1996,CP4541,ATM,REFC5LT67RB70,2024-08-15 09:53:00+00:00
TXN0000000024,ACC00000029,2025-05-11 07:22:00+00:00,2025-03-04 01:40:00+00:00,CREDIT,480.9,GBP,6725,CP2248,POS,REF36VKEY4EOO,2024-02-16 04:15:00+00:00
TXN0000000025,ACC00000078,2024-05-10 23:23:00+00:00,2024-02-01 23:03:00+00:00,CREDIT,435.61,EUR,3531,CP9038,POS,REFYVGSUVQ3IK,2024-07-31 13:45:00+00:00
TXN0000000026,ACC00000053,2025-09-22 11:52:00+00:00,2025-08-04 09:00:00+00:00,DEBIT,533.22,GBP,5511,CP6979,ONLINE,REF5LP54RE6HD,2024-02-06 15:28:00+00:00
TXN0000000027,ACC00000018,2025-11-06 21:13:00+00:00,2025-09-07 02:26:00+00:00,DEBIT,883.98,USD,2442,CP4620,POS,REFE8OM9VTLLE,2026-02-12 04:24:00+00:00
TXN0000000028,ACC00000737,2024-08-28 04:10:00+00:00,2025-12-16 11:30:00+00:00,DEBIT,1298.91,GBP,8003,CP2216,POS,REFACNLMG9RRU,2024-09-12 19:30:00+00:00
TXN0000000029,ACC00000696,2024-06-03 20:44:00+00:00,2024-08-21 15:26:00+00:00,CREDIT,611.36,GBP,5213,CP8435,POS,REFTSBC23I4S4,2024-08-31 12:52:00+00:00
TXN0000000030,ACC00000266,2026-02-28 14:14:00+00:00,2024-05-10 09:56:00+00:00,CREDIT,58.24,USD,6143,CP2695,ATM,REF1PSUNCS5IF,2026-02-07 11:44:00+00:00
TXN0000000031,ACC00000072,2025-12-17 19:12:00+00:00,2024-06-20 12:24:00+00:00,DEBIT,1686.59,USD,8065,CP3326,ATM,REF5EXVDN3QF7,2025-07-02 05:43:00+00:00
TXN0000000032,ACC00000746,2025-06-18 19:38:00+00:00,2025-12-12 22:53:00+00:00,DEBIT,53.69,GBP,5911,CP9617,ONLINE,REFGZOBQMFW0T,2026-03-31 06:31:00+00:00
TXN0000000033,ACC00000286,2024-06-27 00:18:00+00:00,2024-05-21 04:23:00+00:00,DEBIT,2106.24,GBP,7251,CP4602,ONLINE,REF2HC6UWEFLG,2025-10-10 21:58:00+00:00
TXN0000000034,ACC00000595,2025-01-07 15:44:00+00:00,2024-09-24 19:09:00+00:00,DEBIT,1330.19,USD,9795,CP2919,POS,REFW1BPZJLZRP,2026-03-26 10:54:00+00:00
TXN0000000035,ACC00000767,2025-12-11 07:50:00+00:00,2024-02-03 07:26:00+00:00,DEBIT,1141.63,USD,7810,CP6787,ATM,REFMHE7H03URP,2024-10-23 15:14:00+00:00
TXN0000000036,ACC00000247,2024-12-28 07:08:00+00:00,2026-03-11 19:14:00+00:00,CREDIT,730.19,USD,7207,CP8573,ONLINE,REFJQHV0WE0BS,2024-02-20 14:16:00+00:00
TXN0000000037,ACC00000053,2024-08-20 13:27:00+00:00,2024-02-24 19:48:00+00:00,CREDIT,169.61,GBP,8648,CP5916,POS,REF3RA7GEVW02,2024-06-06 23:46:00+00:00
TXN0000000038,ACC00000499,2024-03-30 16:22:00+00:00,2024-03-27 22:17:00+00:00,DEBIT,447.4,USD,7497,CP7748,ONLINE,REFIDT815QPY6,2026-03-21 09:10:00+00:00
TXN0000000039,ACC00000253,2024-02-05 15:25:00+00:00,2026-04-30 20:03:00+00:00,DEBIT,580.31,USD,5167,CP1032,ONLINE,REF49NCDOJMUD,2024-06-21 18:20:00+00:00
TXN0000000040,ACC00000724,2024-04-03 01:35:00+00:00,2024-04-12 21:21:00+00:00,CREDIT,1871.53,GBP,7745,,BRANCH,REFKNR1IOTVTK,2025-04-04 14:34:00+00:00
TXN0000000041,ACC00000358,2025-04-15 01:32:00+00:00,2024-05-31 14:15:00+00:00,DEBIT,1533.69,GBP,2967,CP5276,ONLINE,REFA25H9HLV0H,2024-12-11 19:06:00+00:00
TXN0000000042,ACC00000271,2024-07-10 12:38:00+00:00,2024-04-21 22:07:00+00:00,DEBIT,391.62,GBP,5555,CP3681,ONLINE,REFQA5ZZ3AWZ8,2024-05-18 04:16:00+00:00
TXN0000000043,ACC00000141,2025-05-24 03:48:00+00:00,2026-02-09 14:11:00+00:00,DEBIT,1513.06,EUR,3716,CP7531,ONLINE,REF4AGFNRI3QB,2024-03-06 06:45:00+00:00
TXN0000000044,ACC00000243,2025-06-01 05:53:00+00:00,2026-04-19 05:25:00+00:00,CREDIT,649.37,USD,9274,CP2624,ONLINE,REF24DO370DI3,2025-09-02 18:44:00+00:00
TXN0000000045,ACC00000642,2024-07-23 12:02:00+00:00,2024-11-14 02:16:00+00:00,CREDIT,402.03,USD,5997,CP7743,ONLINE,REFIF9FMKHR6L,2024-10-11 04:23:00+00:00
TXN0000000046,ACC00000128,2024-04-11 00:31:00+00:00,2025-05-18 10:26:00+00:00,CREDIT,1393.0,GBP,1136,CP1664,POS,REF3ZMBERLDG4,2024-04-22 10:51:00+00:00
TXN0000000047,ACC00000705,2024-05-07 04:25:00+00:00,2025-08-08 00:56:00+00:00,DEBIT,471.35,GBP,1284,CP3174,ONLINE,REFHSJVNG8IWR,2024-04-01 02:16:00+00:00
TXN0000000048,ACC00000131,2024-04-12 11:41:00+00:00,2024-01-12 20:04:00+00:00,CREDIT,898.5,USD,1082,CP9842,ONLINE,REFK83HP0ZVVZ,2024-01-25 09:14:00+00:00
TXN0000000049,ACC00000095,2026-04-23 17:14:00+00:00,2025-06-18 08:08:00+00:00,CREDIT,1475.23,EUR,1221,CP7279,ONLINE,REF2UUCMDW0C5,2024-02-11 00:02:00+00:00
TXN0000000050,ACC00000729,2025-07-25 21:35:00+00:00,2025-09-17 07:13:00+00:00,DEBIT,1433.6,GBP,2797,CP7993,POS,REF7TC13H4UXN,2024-12-24 03:49:00+00:00
TXN0000000051,ACC00000328,2025-10-09 05:45:00+00:00,2024-12-03 19:33:00+00:00,DEBIT,1928.53,USD,4468,CP9026,POS,REFX1XH4CWUXI,2025-05-12 18:14:00+00:00
TXN0000000052,ACC00000450,2024-04-01 15:42:00+00:00,2026-01-24 08:28:00+00:00,DEBIT,800.02,GBP,8267,CP8007,ONLINE,REFFJVAC8G0TA,2025-10-04 10:56:00+00:00
TXN0000000053,ACC00000503,2026-03-23 20:27:00+00:00,2026-03-31 09:10:00+00:00,DEBIT,1023.68,GBP,5310,CP7146,ONLINE,REF0P47EWQQVH,2024-05-31 00:07:00+00:00
TXN0000000054,ACC00000560,2025-12-25 08:34:00+00:00,2024-06-10 18:34:00+00:00,CREDIT,237.91,GBP,4135,CP7097,ONLINE,REF4GOWOJ587P,2026-03-01 04:50:00+00:00
TXN0000000055,ACC00000225,2024-09-21 12:30:00+00:00,2025-10-14 07:53:00+00:00,CREDIT,550.99,GBP,8329,CP4910,POS,REF1WUOAGPUW3,2025-12-11 06:40:00+00:00
TXN0000000056,ACC00000679,2024-07-24 10:28:00+00:00,2026-03-23 20:48:00+00:00,CREDIT,751.25,GBP,9365,CP1302,ONLINE,REFBLO820WL0G,2025-12-08 14:54:00+00:00
TXN0000000057,ACC00000200,2026-02-10 08:08:00+00:00,2024-11-26 19:26:00+00:00,DEBIT,219.95,GBP,5443,CP8419,ONLINE,REFT66FN3N20V,2025-04-22 16:58:00+00:00
TXN0000000058,ACC00000091,2024-05-28 06:13:00+00:00,2025-12-01 13:58:00+00:00,DEBIT,696.27,USD,9013,CP1183,ATM,REFRT4FQGIWAO,2024-12-12 09:32:00+00:00
TXN0000000059,ACC00000757,2025-12-08 04:09:00+00:00,2025-12-11 15:50:00+00:00,CREDIT,555.47,GBP,2599,CP5517,ONLINE,REFA9VIO4EG3K,2025-09-20 23:23:00+00:00
TXN0000000060,ACC00000728,2024-06-14 22:32:00+00:00,2025-05-03 02:22:00+00:00,DEBIT,906.18,GBP,1282,CP4207,POS,REFX0H9DRAYRH,2024-05-25 17:26:00+00:00
TXN0000000061,ACC00000078,2024-01-18 20:06:00+00:00,2024-09-12 19:01:00+00:00,DEBIT,1232.99,USD,8777,CP4791,ONLINE,REFRRWSKJ3J7B,2026-03-31 21:52:00+00:00
TXN0000000062,ACC00000032,2026-02-11 19:18:00+00:00,2026-03-19 05:10:00+00:00,DEBIT,333.85,GBP,4936,CP1833,POS,REFT42ZRTGZYI,2024-07-09 21:57:00+00:00
TXN0000000063,ACC00000705,2024-09-16 04:22:00+00:00,2025-03-17 05:47:00+00:00,CREDIT,253.77,GBP,9317,,POS,REFZCFNKLXJHS,2024-07-07 01:46:00+00:00
TXN0000000064,ACC00000379,2025-07-27 21:54:00+00:00,2024-11-04 14:46:00+00:00,CREDIT,142.49,EUR,3921,CP3444,ONLINE,REF3A8MBTFF15,2025-12-09 07:49:00+00:00
TXN0000000065,ACC00000382,2026-01-28 18:09:00+00:00,2026-03-09 07:25:00+00:00,CREDIT,774.44,USD,4120,CP3147,POS,REF065GGA23S8,2024-12-22 23:01:00+00:00
TXN0000000066,ACC00000614,2026-01-04 21:43:00+00:00,2024-11-28 00:02:00+00:00,DEBIT,512.72,EUR,3956,,BRANCH,REFW6RUTJCFI1,2026-04-24 09:01:00+00:00
TXN0000000067,ACC00000469,2025-10-08 05:11:00+00:00,2026-01-06 06:09:00+00:00,DEBIT,351.21,USD,3412,CP8686,POS,REFL1SJ7AU8HF,2024-02-05 09:37:00+00:00
TXN0000000068,ACC00000791,2026-01-21 11:25:00+00:00,2025-09-11 18:01:00+00:00,DEBIT,149.92,GBP,6326,CP9147,ATM,REFPAH82U972S,2024-06-07 05:11:00+00:00
TXN0000000069,ACC00000290,2024-02-28 12:11:00+00:00,2025-08-11 01:45:00+00:00,CREDIT,1381.02,GBP,9883,CP9233,ONLINE,REFBJHWNLCWSO,2025-02-09 20:28:00+00:00
TXN0000000070,ACC00000353,2026-04-20 19:21:00+00:00,2025-10-13 01:27:00+00:00,CREDIT,929.32,USD,4653,CP9798,ONLINE,REFIEYL92AQV2,2026-03-26 02:31:00+00:00
TXN0000000071,ACC00000458,2024-08-04 11:41:00+00:00,2024-11-03 14:26:00+00:00,CREDIT,763.18,GBP,4656,CP3025,ONLINE,REFKN4AR8D3MW,2025-04-04 22:08:00+00:00
TXN0000000072,ACC00000358,2024-02-20 12:15:00+00:00,2024-03-10 20:19:00+00:00,CREDIT,930.09,USD,8878,CP3853,ONLINE,REF4QIMYJB939,2024-02-01 19:05:00+00:00
TXN0000000073,ACC00000016,2026-05-03 20:50:00+00:00,2024-11-04 04:28:00+00:00,CREDIT,52.48,USD,8004,CP2124,POS,REFXX936XY09H,2026-02-25 05:23:00+00:00
TXN0000000074,ACC00000394,2026-01-09 15:55:00+00:00,2025-05-30 15:15:00+00:00,DEBIT,1663.94,GBP,3694,CP5275,ONLINE,REFZ5O115I0WF,2025-09-23 23:56:00+00:00
TXN0000000075,ACC00000538,2026-03-28 07:04:00+00:00,2026-01-25 22:20:00+00:00,CREDIT,1133.42,GBP,3314,,ONLINE,REF6RD6RT3OJL,2025-01-23 11:49:00+00:00
TXN0000000076,ACC00000276,2025-10-25 03:34:00+00:00,2024-11-21 08:42:00+00:00,CREDIT,185.98,USD,4425,CP1060,POS,REFNXORT6SG0S,2024-05-01 16:33:00+00:00
TXN0000000077,ACC00000272,2024-02-26 08:25:00+00:00,2024-02-23 22:58:00+00:00,CREDIT,103.24,USD,4855,CP1428,POS,REFZDR50DZPO8,2024-06-24 23:52:00+00:00
TXN0000000078,ACC00000069,2025-12-01 15:17:00+00:00,2024-10-17 05:41:00+00:00,CREDIT,1421.39,USD,5400,CP3941,POS,REFI87R2X0MMZ,2024-09-12 20:30:00+00:00
TXN0000000079,ACC00000296,2024-04-17 07:00:00+00:00,2024-09-11 03:25:00+00:00,DEBIT,772.58,USD,6398,CP5819,POS,REFDJDK7ZTCLA,2025-08-27 06:28:00+00:00
TXN0000000080,ACC00000142,2025-05-12 21:20:00+00:00,2025-09-26 15:38:00+00:00,DEBIT,677.57,GBP,1727,CP8096,ATM,REFKIXG21CZDA,2025-09-30 20:13:00+00:00
TXN0000000081,ACC00000500,2024-08-22 17:19:00+00:00,2024-05-27 23:45:00+00:00,CREDIT,101.52,GBP,2894,,POS,REFDEABKLGTP8,2025-08-17 15:58:00+00:00
TXN0000000082,ACC00000542,2026-03-01 03:41:00+00:00,2026-02-06 01:47:00+00:00,CREDIT,1832.98,USD,6608,CP6337,ONLINE,REFSZB0DWOILD,2025-01-15 03:57:00+00:00
TXN0000000083,ACC00000734,2025-07-29 10:09:00+00:00,2025-03-19 14:23:00+00:00,CREDIT,1055.5,GBP,5521,,POS,REFRFGZMO4FRU,2024-02-21 14:35:00+00:00
TXN0000000084,ACC00000089,2024-01-14 21:04:00+00:00,2026-04-10 08:36:00+00:00,CREDIT,585.04,GBP,2943,CP6888,POS,REFY474MRFNED,2024-07-20 17:01:00+00:00
TXN0000000085,ACC00000749,2024-08-13 12:11:00+00:00,2024-08-18 19:12:00+00:00,DEBIT,747.88,USD,8712,CP7520,ONLINE,REFA9PKVR5PEG,2025-03-01 04:57:00+00:00
TXN0000000086,ACC00000769,2025-02-14 21:03:00+00:00,2024-11-09 07:43:00+00:00,DEBIT,188.74,USD,9090,CP4001,POS,REFE3OPM3XP40,2024-07-30 19:17:00+00:00
TXN0000000087,ACC00000158,2025-06-04 09:42:00+00:00,2025-08-11 12:37:00+00:00,CREDIT,392.95,GBP,7633,CP6814,BRANCH,REFDYGNN5DFMM,2025-03-22 13:51:00+00:00
TXN0000000088,ACC00000508,2025-02-12 07:36:00+00:00,2024-01-20 08:20:00+00:00,DEBIT,1830.6,GBP,7046,CP1859,BRANCH,REFEVI1O5UCRV,2024-05-03 19:22:00+00:00
TXN0000000089,ACC00000234,2026-04-28 23:30:00+00:00,2024-08-05 23:49:00+00:00,CREDIT,898.34,GBP,8566,CP4578,POS,REF50YQVIWWR8,2024-05-10 12:04:00+00:00
TXN0000000090,ACC00000635,2025-11-03 11:24:00+00:00,2025-11-18 18:55:00+00:00,DEBIT,1197.99,GBP,9831,CP9682,BRANCH,REFH22SN5Q94U,2024-08-17 05:22:00+00:00
TXN0000000091,ACC00000630,2024-03-05 10:46:00+00:00,2024-07-06 22:22:00+00:00,DEBIT,476.94,GBP,7906,CP3876,ONLINE,REFJX9TKWPJMW,2024-08-09 03:33:00+00:00
TXN0000000092,ACC00000284,2024-10-10 15:02:00+00:00,2024-06-27 16:30:00+00:00,CREDIT,160.47,GBP,8161,CP9553,POS,REFJD85KOG3LN,2026-03-04 07:28:00+00:00
TXN0000000093,ACC00000787,2025-01-05 10:16:00+00:00,2025-07-25 22:14:00+00:00,CREDIT,1233.41,GBP,2286,CP2939,POS,REFOYZA84QAMZ,2026-04-11 16:39:00+00:00
TXN0000000094,ACC00000396,2025-08-05 02:51:00+00:00,2024-12-08 14:12:00+00:00,CREDIT,544.68,GBP,1693,CP7477,POS,REFILE6OLRB4S,2024-01-28 08:41:00+00:00
TXN0000000095,ACC00000498,2024-06-27 20:42:00+00:00,2024-09-11 16:06:00+00:00,CREDIT,693.49,USD,1826,CP2272,ONLINE,REFQC6I0GQIR3,2025-02-02 04:31:00+00:00
TXN0000000096,ACC00000473,2024-03-09 11:05:00+00:00,2024-08-14 07:01:00+00:00,CREDIT,634.84,EUR,1585,CP5175,ONLINE,REFSPFOH24XCL,2024-02-17 13:48:00+00:00
TXN0000000097,ACC00000794,2025-03-14 23:17:00+00:00,2025-05-07 07:17:00+00:00,CREDIT,1974.54,GBP,1311,CP6985,ONLINE,REFQRPJ0PPKJU,2024-04-29 22:54:00+00:00
TXN0000000098,ACC00000293,2024-03-14 02:36:00+00:00,2024-12-14 07:40:00+00:00,CREDIT,252.88,GBP,6758,CP5857,ONLINE,REFOY74XPAAKH,2026-01-25 06:46:00+00:00
TXN0000000099,ACC00000203,2026-02-23 21:21:00+00:00,2025-11-26 06:03:00+00:00,CREDIT,635.76,USD,2413,CP4435,ONLINE,REF0IM9DBYQ2Z,2026-01-26 23:57:00+00:00
TXN0000000100,ACC00000411,2024-12-03 13:17:00+00:00,2024-07-04 07:27:00+00:00,DEBIT,794.02,GBP,3008,CP5290,BRANCH,REFWA6Y1NAXZW,2024-05-18 05:41:00+00:00
TXN0000000101,ACC00000786,2024-01-18 18:59:00+00:00,2024-11-13 03:54:00+00:00,DEBIT,797.83,EUR,9678,CP8487,ATM,REFKMR1FDFEHC,2024-02-10 23:16:00+00:00
TXN0000000102,ACC00000724,2025-11-17 02:36:00+00:00,2024-07-02 04:18:00+00:00,DEBIT,1142.04,GBP,7245,,POS,REF8I7B15TRZ1,2024-01-12 00:28:00+00:00
TXN0000000103,ACC00000019,2026-01-08 12:37:00+00:00,2026-02-15 15:59:00+00:00,DEBIT,746.57,EUR,3665,CP6274,ATM,REFQK5GPAF7W0,2024-03-14 17:19:00+00:00
TXN0000000104,ACC00000255,2024-08-04 18:20:00+00:00,2024-09-16 00:40:00+00:00,CREDIT,2089.26,GBP,5393,CP3528,POS,REFJYSCSW9EBF,2025-06-06 12:53:00+00:00
TXN0000000105,ACC00000134,2025-04-06 17:31:00+00:00,2025-08-06 17:23:00+00:00,CREDIT,754.12,GBP,9185,,POS,REF4TQEYBFUMH,2024-03-15 10:36:00+00:00
TXN0000000106,ACC00000520,2025-01-01 05:03:00+00:00,2024-07-14 22:52:00+00:00,DEBIT,961.54,GBP,4911,CP8099,ONLINE,REF1MLFL3KSIG,2025-09-16 15:12:00+00:00
TXN0000000107,ACC00000561,2025-05-03 00:51:00+00:00,2025-04-14 05:03:00+00:00,DEBIT,317.9,USD,4526,CP7363,POS,REFMM1O5CMKQG,2025-04-13 00:27:00+00:00
TXN0000000108,ACC00000211,2024-05-20 00:16:00+00:00,2024-09-04 07:22:00+00:00,CREDIT,241.44,GBP,4376,CP3321,POS,REFAXKKTYP3CS,2025-03-10 06:11:00+00:00
TXN0000000109,ACC00000797,2024-06-21 13:10:00+00:00,2024-02-15 10:58:00+00:00,DEBIT,540.91,USD,5937,CP7764,ONLINE,REFHXMJIKQNJY,2025-09-01 05:33:00+00:00
TXN0000000110,ACC00000271,2025-11-13 00:04:00+00:00,2024-03-15 12:03:00+00:00,CREDIT,1198.71,GBP,9326,CP5115,ATM,REF02LKZQGPUI,2026-02-27 15:07:00+00:00
TXN0000000111,ACC00000219,2025-09-29 20:31:00+00:00,2024-05-08 07:52:00+00:00,DEBIT,1193.92,USD,2396,CP2814,ATM,REFXKSORQ6GZR,2026-04-20 00:54:00+00:00
TXN0000000112,ACC00000797,2024-04-08 04:46:00+00:00,2024-05-15 10:06:00+00:00,CREDIT,1897.02,EUR,5672,CP2273,POS,REF2RJEPZDFYM,2025-01-13 05:24:00+00:00
TXN0000000113,ACC00000526,2025-11-08 02:09:00+00:00,2026-04-18 00:31:00+00:00,DEBIT,88.55,USD,1919,CP7713,ATM,REFEM3SATVUAD,2024-02-23 12:59:00+00:00
TXN0000000114,ACC00000528,2024-11-10 02:12:00+00:00,2025-12-26 02:23:00+00:00,DEBIT,339.37,GBP,3103,CP9030,POS,REF7CN5UBY4VB,2024-03-08 01:19:00+00:00
TXN0000000115,ACC00000267,2025-08-08 07:48:00+00:00,2024-12-31 10:34:00+00:00,DEBIT,1367.7,GBP,7467,CP2875,ONLINE,REFZUJ1IAHBYQ,2025-04-26 23:08:00+00:00
TXN0000000116,ACC00000026,2026-01-03 13:57:00+00:00,2025-05-25 01:51:00+00:00,DEBIT,738.67,GBP,7371,CP1753,POS,REFR5CT3G5RGL,2025-03-04 17:21:00+00:00
TXN0000000117,ACC00000698,2025-09-27 12:29:00+00:00,2025-08-24 08:40:00+00:00,CREDIT,380.72,GBP,4691,,ONLINE,REFYT4W0XGJO1,2024-08-17 08:07:00+00:00
TXN0000000118,ACC00000742,2025-06-28 18:41:00+00:00,2025-12-16 01:17:00+00:00,CREDIT,791.92,USD,2412,,ONLINE,REFK3HW6QGLR9,2024-08-04 06:09:00+00:00
TXN0000000119,ACC00000009,2025-04-09 12:02:00+00:00,2024-06-04 04:57:00+00:00,DEBIT,1056.7,USD,6243,CP8717,POS,REFSA4EJHF2ID,2025-05-14 15:03:00+00:00
TXN0000000120,ACC00000459,2025-08-02 16:30:00+00:00,2025-10-25 21:43:00+00:00,DEBIT,174.9,GBP,6695,CP7276,ONLINE,REFZB4H16W1EQ,2025-11-07 11:44:00+00:00
TXN0000000121,ACC00000243,2024-08-08 02:10:00+00:00,2024-11-02 10:25:00+00:00,CREDIT,252.75,GBP,6750,CP1761,ONLINE,REFGMDVKOK3NV,2025-12-20 20:25:00+00:00
TXN0000000122,ACC00000160,2025-03-12 15:57:00+00:00,2024-11-08 02:05:00+00:00,CREDIT,278.88,EUR,9613,,POS,REFUFM8HCT4ZJ,2025-02-18 21:09:00+00:00
TXN0000000123,ACC00000377,2025-05-10 07:05:00+00:00,2025-08-30 19:10:00+00:00,CREDIT,85.06,USD,1783,CP1407,ONLINE,REF5ZOBSHO8R3,2025-04-10 15:49:00+00:00
TXN0000000124,ACC00000311,2026-03-28 19:49:00+00:00,2025-01-15 11:54:00+00:00,DEBIT,912.22,GBP,1309,CP5095,ATM,REFPXC4QD809O,2026-01-25 23:07:00+00:00
TXN0000000125,ACC00000557,2024-07-08 04:28:00+00:00,2024-03-30 04:20:00+00:00,CREDIT,1372.72,USD,9247,CP8046,ONLINE,REFJO7BHOKD1Q,2024-09-26 16:30:00+00:00
TXN0000000126,ACC00000217,2025-10-29 12:43:00+00:00,2024-08-26 16:51:00+00:00,DEBIT,700.0,GBP,8879,CP3142,POS,REFDJFZALL2DP,2025-12-02 10:18:00+00:00
TXN0000000127,ACC00000301,2026-02-21 00:29:00+00:00,2026-04-12 01:31:00+00:00,CREDIT,1079.76,USD,7070,CP3732,POS,REFSZ63WZU2WC,2026-02-01 06:42:00+00:00
TXN0000000128,ACC00000294,2024-12-13 22:36:00+00:00,2026-02-28 16:04:00+00:00,DEBIT,1226.7,GBP,9163,CP6630,ATM,REF65PTNY89V8,2025-09-26 18:32:00+00:00
TXN0000000129,ACC00000411,2025-06-27 17:39:00+00:00,2025-08-23 02:54:00+00:00,DEBIT,1784.53,GBP,6545,CP3310,POS,REFVYGVYE4P4V,2026-01-02 02:17:00+00:00
TXN0000000130,ACC00000795,2025-05-01 20:34:00+00:00,2024-09-12 23:56:00+00:00,DEBIT,798.39,USD,8551,,POS,REFPC985J8SFJ,2025-10-26 12:26:00+00:00
TXN0000000131,ACC00000340,2025-03-06 11:15:00+00:00,2024-12-19 00:22:00+00:00,DEBIT,313.41,GBP,6382,CP3706,ONLINE,REF2ZEXBTAALB,2025-12-15 07:46:00+00:00
TXN0000000132,ACC00000566,2025-10-14 06:40:00+00:00,2026-01-02 23:14:00+00:00,DEBIT,1428.95,USD,2614,CP6508,ONLINE,REF30W8R1C4Z4,2025-11-10 07:27:00+00:00
TXN0000000133,ACC00000106,2025-12-02 18:57:00+00:00,2026-01-16 22:19:00+00:00,CREDIT,412.7,EUR,4473,CP7576,POS,REFAQQI8QBE9R,2025-11-02 13:13:00+00:00
TXN0000000134,ACC00000277,2025-12-16 22:19:00+00:00,2025-09-17 08:59:00+00:00,DEBIT,60.6,USD,2796,CP2779,POS,REFKOKFXMXJPD,2024-02-17 18:55:00+00:00
TXN0000000135,ACC00000210,2024-07-26 03:38:00+00:00,2026-02-19 02:39:00+00:00,DEBIT,907.36,GBP,9338,CP1379,ONLINE,REFTUI000LICS,2024-12-26 07:02:00+00:00
TXN0000000136,ACC00000155,2024-04-03 20:49:00+00:00,2025-12-31 15:07:00+00:00,DEBIT,1120.55,GBP,4659,CP5224,POS,REFJPPVEREQJ4,2025-04-06 19:27:00+00:00
TXN0000000137,ACC00000226,2025-01-26 10:19:00+00:00,2024-12-07 22:31:00+00:00,DEBIT,841.56,USD,3225,CP1431,POS,REFAGG3LWP6ED,2025-09-04 07:47:00+00:00
TXN0000000138,ACC00000067,2024-07-11 00:32:00+00:00,2026-02-13 10:22:00+00:00,DEBIT,1667.38,EUR,4155,CP2735,BRANCH,REFBQN7GWY9CJ,2024-06-30 22:54:00+00:00
TXN0000000139,ACC00000360,2025-11-19 23:50:00+00:00,2025-05-23 03:57:00+00:00,CREDIT,932.48,GBP,9047,,POS,REF8S6NVCI5KE,2024-04-27 10:55:00+00:00
TXN0000000140,ACC00000538,2025-08-15 20:21:00+00:00,2025-02-05 13:51:00+00:00,DEBIT,118.78,USD,1888,CP7598,ONLINE,REFCGXHUDRZFP,2024-10-18 02:58:00+00:00
TXN0000000141,ACC00000645,2024-07-05 07:07:00+00:00,2024-08-24 05:32:00+00:00,DEBIT,1235.86,GBP,9806,CP6703,POS,REF9SD021117N,2025-01-21 22:17:00+00:00
TXN0000000142,ACC00000731,2024-05-28 01:10:00+00:00,2025-10-08 20:08:00+00:00,CREDIT,313.97,USD,5601,CP6130,ONLINE,REFYXSVI4PFTO,2025-09-11 02:33:00+00:00
TXN0000000143,ACC00000690,2024-05-03 18:04:00+00:00,2024-10-11 13:15:00+00:00,CREDIT,1118.67,GBP,5499,,ONLINE,REFI6YESR14GR,2026-04-30 23:20:00+00:00
TXN0000000144,ACC00000717,2024-12-26 00:49:00+00:00,2024-01-18 13:07:00+00:00,CREDIT,1025.28,USD,5196,CP6234,POS,REFHDLSGBKHXD,2025-08-03 16:35:00+00:00
TXN0000000145,ACC00000019,2024-12-23 15:51:00+00:00,2026-02-01 13:08:00+00:00,CREDIT,662.95,GBP,7359,CP4609,BRANCH,REF09DT8GS2VJ,2024-02-06 20:25:00+00:00
TXN0000000146,ACC00000103,2025-01-22 08:18:00+00:00,2024-03-17 21:42:00+00:00,DEBIT,893.34,GBP,9781,CP6301,POS,REFL3BX7KIGFV,2025-08-06 18:47:00+00:00
TXN0000000147,ACC00000610,2025-07-30 20:29:00+00:00,2025-07-03 21:23:00+00:00,DEBIT,712.77,GBP,6237,,ATM,REFM3KFZKHVG9,2025-07-30 08:33:00+00:00
TXN0000000148,ACC00000195,2026-03-29 09:30:00+00:00,2026-01-03 13:15:00+00:00,DEBIT,465.11,GBP,1270,CP3895,ATM,REFSXDA0BTUXZ,2025-05-16 01:50:00+00:00
TXN0000000149,ACC00000142,2024-01-08 22:03:00+00:00,2024-11-19 04:00:00+00:00,DEBIT,1078.72,GBP,2726,CP9376,POS,REF0BT0O9F79O,2025-02-15 00:18:00+00:00
TXN0000000150,ACC00000052,2024-01-02 04:26:00+00:00,2026-03-08 00:29:00+00:00,CREDIT,374.03,GBP,4244,CP8898,ATM,REFID7QSC3HWN,2025-09-01 00:41:00+00:00
TXN0000000151,ACC00000458,2025-07-28 14:25:00+00:00,2025-03-22 02:20:00+00:00,CREDIT,209.49,GBP,9874,CP9045,ONLINE,REFR2KM6AWPPN,2025-07-15 20:12:00+00:00
TXN0000000152,ACC00000190,2024-11-09 09:34:00+00:00,2024-02-12 09:09:00+00:00,DEBIT,780.23,USD,2435,CP4139,POS,REFO2UBS8ZD3A,2024-03-09 11:12:00+00:00
TXN0000000153,ACC00000070,2025-11-12 13:31:00+00:00,2024-02-26 10:38:00+00:00,DEBIT,559.29,GBP,5006,CP2627,POS,REFOKV2D578F2,2026-05-02 07:03:00+00:00
TXN0000000154,ACC00000061,2025-02-14 09:36:00+00:00,2025-07-29 21:24:00+00:00,CREDIT,2141.45,GBP,9299,CP4219,ONLINE,REFY21NTEPQOK,2026-01-28 23:29:00+00:00
TXN0000000155,ACC00000579,2025-04-03 18:28:00+00:00,2025-05-27 11:42:00+00:00,CREDIT,294.35,GBP,7010,CP7641,ONLINE,REFEQZLQUBWLN,2025-09-05 07:54:00+00:00
TXN0000000156,ACC00000590,2024-11-12 02:26:00+00:00,2025-10-29 13:38:00+00:00,DEBIT,738.69,USD,5887,CP4872,POS,REFF1AIHZWAGG,2025-05-23 12:40:00+00:00
TXN0000000157,ACC00000273,2026-04-15 06:24:00+00:00,2025-04-01 14:56:00+00:00,DEBIT,405.42,GBP,2788,CP9359,POS,REFABDEFJID8Y,2025-08-13 15:26:00+00:00
TXN0000000158,ACC00000728,2024-12-21 13:44:00+00:00,2024-03-20 09:12:00+00:00,CREDIT,220.35,USD,9997,CP6999,POS,REF68F551NDT6,2025-07-04 11:21:00+00:00
TXN0000000159,ACC00000057,2024-02-04 08:54:00+00:00,2025-12-03 06:44:00+00:00,DEBIT,813.01,GBP,6057,CP5751,ONLINE,REFAVU7N2VZIO,2026-01-13 01:07:00+00:00
TXN0000000160,ACC00000467,2024-12-04 01:01:00+00:00,2025-03-08 00:58:00+00:00,DEBIT,1628.55,GBP,3899,CP1349,ONLINE,REFDJCTDYEX9T,2025-03-14 02:38:00+00:00
TXN0000000161,ACC00000773,2025-02-20 07:22:00+00:00,2025-06-01 01:47:00+00:00,CREDIT,1289.49,EUR,4699,CP9964,ONLINE,REFATFD0J07JY,2025-02-12 21:24:00+00:00
TXN0000000162,ACC00000776,2024-11-18 22:14:00+00:00,2026-02-22 18:02:00+00:00,CREDIT,647.1,USD,3635,CP3106,BRANCH,REFLEVWXXUOIE,2025-09-08 19:46:00+00:00
TXN0000000163,ACC00000505,2025-04-26 06:02:00+00:00,2024-04-21 01:05:00+00:00,DEBIT,965.76,GBP,7601,CP8739,POS,REFBQUCPYQ0CE,2025-09-20 17:49:00+00:00
TXN0000000164,ACC00000265,2025-08-25 23:24:00+00:00,2024-10-18 13:46:00+00:00,DEBIT,2031.59,USD,5584,,POS,REFWB3I5KW939,2025-05-18 01:27:00+00:00
TXN0000000165,ACC00000532,2024-10-05 18:27:00+00:00,2024-04-08 01:46:00+00:00,DEBIT,1890.59,GBP,6294,CP1964,ONLINE,REFP9LAKN16MU,2024-06-13 18:48:00+00:00
TXN0000000166,ACC00000491,2025-09-23 05:29:00+00:00,2024-08-09 19:09:00+00:00,CREDIT,109.79,GBP,8431,CP2712,POS,REF797TWO4X1H,2026-03-19 00:27:00+00:00
TXN0000000167,ACC00000045,2025-03-27 02:07:00+00:00,2025-05-12 16:33:00+00:00,DEBIT,712.1,GBP,1752,CP7917,ATM,REFHATXM5EQ67,2026-03-21 22:15:00+00:00
TXN0000000168,ACC00000111,2025-10-12 18:41:00+00:00,2025-05-27 17:06:00+00:00,CREDIT,96.54,GBP,2076,CP9854,ONLINE,REFZNP2TG7MXA,2025-06-30 14:53:00+00:00
TXN0000000169,ACC00000735,2025-01-01 04:36:00+00:00,2025-07-04 19:13:00+00:00,CREDIT,1401.06,GBP,8699,CP1884,ONLINE,REFYU0G5XU1O9,2025-12-31 09:55:00+00:00
TXN0000000170,ACC00000742,2025-12-13 12:14:00+00:00,2024-02-09 08:51:00+00:00,DEBIT,359.98,GBP,8353,CP7307,ONLINE,REFHWFOB1PO3W,2026-04-28 15:12:00+00:00
TXN0000000171,ACC00000149,2024-11-24 06:03:00+00:00,2025-02-04 21:07:00+00:00,DEBIT,1780.94,USD,5089,CP9647,ONLINE,REF9OTHU52AXT,2025-03-09 09:01:00+00:00
TXN0000000172,ACC00000575,2025-12-12 11:37:00+00:00,2025-01-30 07:35:00+00:00,DEBIT,1351.4,GBP,4744,CP6146,ONLINE,REFZB8VIPXA07,2024-09-13 15:58:00+00:00
TXN0000000173,ACC00000074,2025-04-22 23:00:00+00:00,2025-06-19 03:26:00+00:00,DEBIT,93.69,EUR,8981,CP1420,POS,REF9CALU4FS5G,2025-01-14 16:03:00+00:00
TXN0000000174,ACC00000347,2024-07-02 11:22:00+00:00,2025-06-04 15:45:00+00:00,CREDIT,1462.45,GBP,1622,CP2646,POS,REFSXM3QKSOG1,2025-03-15 09:15:00+00:00
TXN0000000175,ACC00000549,2024-04-22 05:33:00+00:00,2025-07-02 23:22:00+00:00,DEBIT,135.22,GBP,2094,CP8546,POS,REF6RSD3XNVYP,2026-04-04 03:32:00+00:00
TXN0000000176,ACC00000169,2024-06-13 14:26:00+00:00,2024-03-31 16:52:00+00:00,CREDIT,851.26,USD,1773,CP8928,ONLINE,REF4IXN4RQ5J7,2026-01-17 01:44:00+00:00
TXN0000000177,ACC00000574,2025-11-21 06:27:00+00:00,2025-12-02 11:59:00+00:00,DEBIT,521.68,GBP,7917,CP1609,ATM,REF0AM1GP8TPO,2025-08-09 01:15:00+00:00
TXN0000000178,ACC00000310,2024-11-02 07:05:00+00:00,2025-03-06 19:02:00+00:00,DEBIT,755.02,EUR,6920,CP9869,POS,REF3AMPFZ61QS,2026-03-08 05:15:00+00:00
TXN0000000179,ACC00000501,2024-11-17 19:18:00+00:00,2024-12-24 20:02:00+00:00,DEBIT,660.7,GBP,4155,CP6453,BRANCH,REF3L38Z9Q0O7,2025-04-26 21:18:00+00:00
TXN0000000180,ACC00000155,2025-06-21 19:54:00+00:00,2025-11-07 18:24:00+00:00,CREDIT,48.55,GBP,7580,,POS,REFJSRYF2S5YY,2025-11-13 07:14:00+00:00
TXN0000000181,ACC00000655,2025-07-27 18:48:00+00:00,2024-12-08 12:48:00+00:00,DEBIT,2483.8,GBP,1724,CP6584,ONLINE,REFEVKENCPON4,2026-04-06 20:28:00+00:00
TXN0000000182,ACC00000567,2024-12-09 19:25:00+00:00,2025-07-24 17:48:00+00:00,DEBIT,253.2,GBP,6668,CP5123,ONLINE,REF39ER2M46J6,2025-10-15 01:04:00+00:00
TXN0000000183,ACC00000397,2024-12-23 09:26:00+00:00,2024-06-13 12:30:00+00:00,DEBIT,82.54,USD,5825,CP8397,ATM,REFVSCHC78IDU,2024-11-28 20:31:00+00:00
TXN0000000184,ACC00000566,2025-11-04 13:15:00+00:00,2024-06-29 16:02:00+00:00,DEBIT,992.51,GBP,8969,CP1881,POS,REF4DXNYBXZN2,2024-07-22 05:26:00+00:00
TXN0000000185,ACC00000376,2024-11-01 10:48:00+00:00,2024-01-13 15:09:00+00:00,DEBIT,566.31,USD,2358,CP8578,ATM,REFJHISBRVRG8,2026-02-25 23:56:00+00:00
TXN0000000186,ACC00000586,2024-09-25 09:47:00+00:00,2026-01-01 15:10:00+00:00,DEBIT,863.51,USD,4012,CP9087,POS,REFSXW0XN6R31,2024-06-08 12:19:00+00:00
TXN0000000187,ACC00000474,2024-08-14 09:45:00+00:00,2026-04-23 00:46:00+00:00,CREDIT,95.96,GBP,8749,CP9418,POS,REFX5E4YWZSD2,2025-12-23 00:26:00+00:00
TXN0000000188,ACC00000689,2024-09-20 02:50:00+00:00,2025-10-15 17:07:00+00:00,DEBIT,1357.45,GBP,4816,,ONLINE,REFX26I7JXN69,2026-02-10 20:10:00+00:00
TXN0000000189,ACC00000355,2024-11-08 19:07:00+00:00,2025-11-20 21:55:00+00:00,DEBIT,444.36,USD,2294,,ATM,REFK5TMC0PG87,2024-11-05 23:38:00+00:00
TXN0000000190,ACC00000407,2025-02-09 18:59:00+00:00,2024-10-24 14:09:00+00:00,CREDIT,318.85,GBP,1623,CP5197,ATM,REFXVL1IJOLPT,2024-10-22 10:08:00+00:00
TXN0000000191,ACC00000064,2025-09-09 18:15:00+00:00,2025-10-09 06:29:00+00:00,DEBIT,149.06,GBP,9749,CP4173,ATM,REF8V3KBWTV0T,2026-03-04 02:25:00+00:00
TXN0000000192,ACC00000780,2026-02-10 19:15:00+00:00,2024-08-03 11:26:00+00:00,DEBIT,379.55,EUR,3552,CP7845,POS,REFJH9ASB5GB3,2024-09-24 11:02:00+00:00
TXN0000000193,ACC00000211,2026-05-03 22:54:00+00:00,2024-10-16 00:29:00+00:00,DEBIT,990.15,GBP,7358,CP6118,POS,REFKEFNCY2S70,2024-04-07 18:10:00+00:00
TXN0000000194,ACC00000703,2024-09-21 08:37:00+00:00,2025-06-12 07:46:00+00:00,CREDIT,1104.86,GBP,3703,CP3018,ATM,REFRPP4XR1MRK,2024-05-21 15:44:00+00:00
TXN0000000195,ACC00000461,2025-04-06 09:14:00+00:00,2026-01-11 22:49:00+00:00,DEBIT,274.31,GBP,8872,CP5325,ONLINE,REFGMXT58CXPA,2024-02-12 01:56:00+00:00
TXN0000000196,ACC00000152,2025-08-11 08:56:00+00:00,2024-01-30 17:14:00+00:00,DEBIT,770.8,GBP,8665,CP4362,ONLINE,REFOCEWANTRA0,2024-10-02 06:30:00+00:00
TXN0000000197,ACC00000100,2025-02-23 08:01:00+00:00,2024-02-20 12:38:00+00:00,DEBIT,142.98,GBP,6137,CP1229,BRANCH,REFBBLI804IKO,2026-01-29 15:40:00+00:00
TXN0000000198,ACC00000610,2025-06-22 21:53:00+00:00,2025-03-30 16:48:00+00:00,CREDIT,1400.4,GBP,7855,,ONLINE,REFMWJBRY2X4F,2026-04-20 21:44:00+00:00
TXN0000000199,ACC00000151,2025-11-04 22:35:00+00:00,2025-09-04 18:40:00+00:00,CREDIT,123.41,GBP,1004,CP7336,POS,REFACIXLEROJY,2024-01-08 20:18:00+00:00
TXN0000000200,ACC00000679,2024-06-24 04:14:00+00:00,2025-08-06 11:06:00+00:00,CREDIT,7.43,GBP,8115,CP7146,POS,REFIUFPEX23YQ,2025-11-04 14:56:00+00:00
TXN0000000201,ACC00000606,2024-02-18 18:21:00+00:00,2025-10-18 08:22:00+00:00,DEBIT,848.04,GBP,1361,CP4112,ONLINE,REFEM4RLX6PEZ,2024-11-07 07:42:00+00:00
TXN0000000202,ACC00000183,2025-05-27 13:08:00+00:00,2024-10-17 19:35:00+00:00,DEBIT,2073.88,USD,5926,CP5252,POS,REF0SYSZ9JXP1,2025-11-06 15:43:00+00:00
TXN0000000203,ACC00000316,2025-09-11 23:30:00+00:00,2024-07-28 13:29:00+00:00,DEBIT,612.62,USD,2897,CP9583,POS,REFUI8DYN9YWT,2026-01-27 13:43:00+00:00
TXN0000000204,ACC00000669,2026-01-10 06:36:00+00:00,2024-03-22 08:24:00+00:00,DEBIT,60.2,USD,9281,,ONLINE,REF15JENX7WMQ,2026-02-13 04:25:00+00:00
TXN0000000205,ACC00000238,2025-11-16 17:41:00+00:00,2025-05-07 08:36:00+00:00,DEBIT,459.62,USD,8105,CP3739,ONLINE,REFAY4RGIM8DG,2025-06-30 18:51:00+00:00
TXN0000000206,ACC00000330,2026-02-28 16:37:00+00:00,2024-02-06 13:24:00+00:00,DEBIT,1632.2,USD,7360,CP2042,POS,REFWZI1SHMQDB,2025-01-18 15:43:00+00:00
TXN0000000207,ACC00000513,2024-10-03 03:15:00+00:00,2025-06-23 16:46:00+00:00,DEBIT,2100.92,GBP,1175,CP8175,POS,REFPXWZNU8MI1,2024-03-13 10:37:00+00:00
TXN0000000208,ACC00000175,2024-06-10 03:00:00+00:00,2025-03-03 14:23:00+00:00,CREDIT,352.65,GBP,6888,CP7500,POS,REF5IAKBZM3VL,2024-06-16 19:57:00+00:00
TXN0000000209,ACC00000201,2026-02-17 18:28:00+00:00,2024-03-11 17:21:00+00:00,CREDIT,314.43,USD,7295,CP8968,ATM,REFX8A90UUFXF,2025-11-17 10:08:00+00:00
TXN0000000210,ACC00000276,2024-05-12 01:44:00+00:00,2026-02-20 15:57:00+00:00,DEBIT,1475.03,GBP,7601,CP6188,ONLINE,REFEML31X0GAI,2025-03-23 18:56:00+00:00
TXN0000000211,ACC00000193,2024-06-26 03:55:00+00:00,2024-04-13 02:27:00+00:00,DEBIT,208.89,EUR,2643,,ONLINE,REFZRRXM96IUW,2024-01-22 23:13:00+00:00
TXN0000000212,ACC00000006,2025-05-05 01:30:00+00:00,2024-11-07 11:27:00+00:00,CREDIT,1440.4,EUR,2391,CP2785,ATM,REFMKVCB2ITPV,2024-02-23 23:02:00+00:00
TXN0000000213,ACC00000713,2024-11-30 09:57:00+00:00,2024-02-16 11:42:00+00:00,DEBIT,508.04,GBP,4061,CP7877,ONLINE,REFNJWRQ5KGTG,2024-01-05 16:17:00+00:00
TXN0000000214,ACC00000547,2025-06-15 11:12:00+00:00,2025-09-14 11:52:00+00:00,CREDIT,1349.95,GBP,3124,,ONLINE,REFI0BEBSYL69,2025-09-16 21:17:00+00:00
TXN0000000215,ACC00000226,2024-10-20 20:45:00+00:00,2025-02-15 06:19:00+00:00,CREDIT,326.54,GBP,2424,CP2412,ATM,REFKHSPTUPUSQ,2024-10-12 10:43:00+00:00
TXN0000000216,ACC00000130,2026-03-14 13:23:00+00:00,2024-09-11 02:32:00+00:00,DEBIT,282.56,USD,1285,CP4704,ONLINE,REFSBU1BMYDP3,2026-01-08 04:09:00+00:00
TXN0000000217,ACC00000050,2024-12-10 15:51:00+00:00,2024-02-19 20:41:00+00:00,DEBIT,856.95,EUR,8877,CP8506,ATM,REFUWHWNYJSGN,2026-02-24 08:07:00+00:00
TXN0000000218,ACC00000396,2025-08-22 04:54:00+00:00,2025-03-25 06:37:00+00:00,CREDIT,482.91,GBP,6131,CP3520,BRANCH,REFINS0S62TDX,2024-11-09 07:37:00+00:00
TXN0000000219,ACC00000723,2026-03-07 04:02:00+00:00,2024-05-30 00:46:00+00:00,CREDIT,642.67,USD,9235,CP8761,ONLINE,REF4RTQ657SNY,2024-11-29 08:40:00+00:00
TXN0000000220,ACC00000049,2024-09-07 00:02:00+00:00,2024-02-03 04:22:00+00:00,DEBIT,415.45,USD,8057,CP7529,ONLINE,REFKDMK38003A,2024-02-04 10:20:00+00:00
TXN0000000221,ACC00000605,2024-11-05 08:36:00+00:00,2025-06-25 11:27:00+00:00,DEBIT,512.01,EUR,5984,CP8576,POS,REFB1ABMEXLDW,2025-03-07 02:30:00+00:00
TXN0000000222,ACC00000345,2025-03-19 09:24:00+00:00,2024-12-05 06:15:00+00:00,DEBIT,551.6,USD,4594,CP4742,BRANCH,REFTHKL4R2S9I,2026-03-13 20:32:00+00:00
TXN0000000223,ACC00000540,2024-03-06 04:46:00+00:00,2026-02-28 15:45:00+00:00,DEBIT,24.24,GBP,6915,CP4347,ONLINE,REF69ZBFSZZX0,2025-06-20 09:49:00+00:00
TXN0000000224,ACC00000719,2025-09-17 07:36:00+00:00,2025-05-03 15:50:00+00:00,DEBIT,1022.26,USD,4890,CP1640,ONLINE,REFGSKOD504QD,2025-01-05 19:10:00+00:00
TXN0000000225,ACC00000357,2024-02-25 00:09:00+00:00,2024-09-04 00:43:00+00:00,DEBIT,314.94,USD,1366,CP7284,ATM,REFUHU2ERETOP,2024-04-11 21:08:00+00:00
TXN0000000226,ACC00000782,2026-01-24 11:06:00+00:00,2024-07-23 03:24:00+00:00,DEBIT,92.46,EUR,9078,CP5438,ONLINE,REFN491JJRKIQ,2024-07-30 20:15:00+00:00
TXN0000000227,ACC00000540,2024-05-19 03:13:00+00:00,2025-05-22 22:35:00+00:00,DEBIT,148.29,GBP,6271,CP8355,ONLINE,REFHEB4KZB95K,2025-08-07 08:07:00+00:00
TXN0000000228,ACC00000255,2026-01-21 14:21:00+00:00,2025-05-07 03:37:00+00:00,DEBIT,3.64,USD,4657,CP4445,POS,REFMSNU42SR7J,2025-07-11 16:19:00+00:00
TXN0000000229,ACC00000618,2025-02-06 11:33:00+00:00,2026-03-12 05:53:00+00:00,CREDIT,1568.6,GBP,4247,CP7406,BRANCH,REFZ61E98LFBV,2025-03-16 08:14:00+00:00
TXN0000000230,ACC00000732,2025-12-24 19:25:00+00:00,2025-03-01 03:23:00+00:00,DEBIT,606.59,EUR,7183,CP9034,POS,REFABWZ8KC4QI,2025-11-28 21:07:00+00:00
TXN0000000231,ACC00000559,2024-07-13 10:37:00+00:00,2024-10-16 17:30:00+00:00,CREDIT,1312.36,USD,4247,CP5304,BRANCH,REFAG5N2GZY4F,2024-03-15 00:06:00+00:00
TXN0000000232,ACC00000485,2024-12-11 20:43:00+00:00,2025-11-20 04:00:00+00:00,DEBIT,594.17,GBP,2849,CP3982,ONLINE,REFCNNJSTEZ7S,2026-02-13 18:56:00+00:00
TXN0000000233,ACC00000768,2025-04-27 00:35:00+00:00,2024-04-15 04:16:00+00:00,CREDIT,2565.6,GBP,5290,CP1091,POS,REFBF5PXHU2H7,2025-01-27 22:32:00+00:00
TXN0000000234,ACC00000456,2025-03-16 02:59:00+00:00,2025-11-11 01:08:00+00:00,CREDIT,925.65,GBP,3205,CP2684,ONLINE,REFVSPZ9YKD4F,2024-09-02 16:01:00+00:00
TXN0000000235,ACC00000582,2025-08-10 19:13:00+00:00,2025-01-18 09:21:00+00:00,CREDIT,2166.43,GBP,9218,CP6241,BRANCH,REFQXX843PAQZ,2025-10-14 22:39:00+00:00
TXN0000000236,ACC00000256,2024-03-11 08:45:00+00:00,2024-11-24 00:42:00+00:00,DEBIT,2064.57,GBP,7685,CP3159,ONLINE,REFKXEAQRD7NU,2024-03-13 09:56:00+00:00
TXN0000000237,ACC00000287,2025-01-04 17:19:00+00:00,2024-02-29 10:18:00+00:00,CREDIT,81.56,GBP,2547,CP9263,POS,REFFIIGWSESPY,2026-01-17 04:53:00+00:00
TXN0000000238,ACC00000649,2024-07-12 08:44:00+00:00,2025-08-27 01:32:00+00:00,DEBIT,275.51,GBP,9454,CP3484,ATM,REF5ME95XNF2J,2024-07-12 15:44:00+00:00
TXN0000000239,ACC00000297,2024-12-01 12:24:00+00:00,2026-02-01 23:02:00+00:00,DEBIT,852.23,GBP,7623,CP4678,ONLINE,REFSV6OZKZMNL,2024-09-27 06:08:00+00:00
TXN0000000240,ACC00000241,2024-08-14 02:04:00+00:00,2025-11-12 18:37:00+00:00,DEBIT,317.41,GBP,2967,CP8612,POS,REFCJJMSWX8N1,2024-06-11 06:15:00+00:00
TXN0000000241,ACC00000392,2024-08-16 17:35:00+00:00,2025-07-17 06:36:00+00:00,DEBIT,459.54,GBP,8780,,ONLINE,REFCM27Q3N0AK,2024-02-02 17:41:00+00:00
TXN0000000242,ACC00000437,2025-01-14 01:56:00+00:00,2025-05-22 12:40:00+00:00,CREDIT,574.66,EUR,6239,CP1680,ATM,REF74H4MX91UX,2025-05-23 04:17:00+00:00
TXN0000000243,ACC00000596,2024-07-28 09:56:00+00:00,2025-04-14 07:33:00+00:00,CREDIT,432.1,USD,7466,CP9425,POS,REFZPGR0061AL,2025-04-07 05:56:00+00:00
TXN0000000244,ACC00000183,2024-07-06 06:53:00+00:00,2025-06-06 15:08:00+00:00,CREDIT,849.21,GBP,9936,CP1263,ONLINE,REFVY5TYHHMBS,2024-04-29 08:23:00+00:00
TXN0000000245,ACC00000137,2025-02-21 05:59:00+00:00,2024-11-13 12:06:00+00:00,DEBIT,133.91,GBP,8077,CP5894,ONLINE,REFVODB5QPHB3,2026-03-19 01:26:00+00:00
TXN0000000246,ACC00000553,2025-11-17 23:08:00+00:00,2025-02-05 06:00:00+00:00,CREDIT,797.27,USD,4570,CP7720,POS,REF6P5ZX7MNZU,2026-01-25 23:06:00+00:00
TXN0000000247,ACC00000328,2024-02-04 07:12:00+00:00,2024-07-26 09:15:00+00:00,DEBIT,1196.31,GBP,5101,CP8495,ONLINE,REFT43M4Q6XFJ,2025-04-29 21:16:00+00:00
TXN0000000248,ACC00000704,2024-11-13 14:18:00+00:00,2025-06-22 07:49:00+00:00,DEBIT,1401.97,USD,6196,CP5495,ATM,REFOTWU2MYD15,2025-04-28 18:24:00+00:00
TXN0000000249,ACC00000260,2024-07-06 08:26:00+00:00,2025-11-18 01:01:00+00:00,CREDIT,1423.54,EUR,5503,CP3264,POS,REFIJPISTATAD,2024-12-01 06:58:00+00:00
TXN0000000250,ACC00000638,2024-07-31 20:06:00+00:00,2024-01-31 18:05:00+00:00,DEBIT,315.7,GBP,7259,CP2914,ATM,REF01ERJACEN7,2024-07-22 17:49:00+00:00
TXN0000000251,ACC00000757,2024-01-20 09:14:00+00:00,2024-10-25 07:20:00+00:00,DEBIT,1798.97,USD,5583,CP3390,POS,REF4IW92A6STM,2025-07-29 01:34:00+00:00
TXN0000000252,ACC00000323,2025-11-10 14:45:00+00:00,2024-06-10 19:19:00+00:00,CREDIT,431.41,EUR,3778,CP6503,ATM,REFZXGV254S5J,2025-06-19 20:44:00+00:00
TXN0000000253,ACC00000695,2025-08-16 13:32:00+00:00,2025-09-25 07:01:00+00:00,DEBIT,160.77,GBP,3826,CP7285,ONLINE,REFDKOUOTP3WA,2024-06-27 16:13:00+00:00
TXN0000000254,ACC00000372,2026-01-29 22:43:00+00:00,2025-05-18 22:45:00+00:00,DEBIT,154.24,USD,1469,CP4965,BRANCH,REFKGUP2QHAG7,2024-03-11 00:15:00+00:00
TXN0000000255,ACC00000123,2026-03-31 21:25:00+00:00,2024-10-11 03:28:00+00:00,DEBIT,782.34,EUR,7816,CP1648,ATM,REF75G45AUCAO,2025-02-24 13:06:00+00:00
TXN0000000256,ACC00000591,2026-03-11 17:53:00+00:00,2025-08-04 18:41:00+00:00,DEBIT,188.46,USD,3509,CP3530,ONLINE,REF5DRMM6WERP,2024-09-06 20:25:00+00:00
TXN0000000257,ACC00000309,2024-01-29 01:35:00+00:00,2025-02-26 10:17:00+00:00,CREDIT,488.22,EUR,6543,CP7965,ONLINE,REF5P9C238LM8,2025-08-20 23:57:00+00:00
TXN0000000258,ACC00000760,2026-03-21 20:20:00+00:00,2025-02-27 12:09:00+00:00,DEBIT,641.84,USD,6621,CP5848,ATM,REFMQ1F6YSV7R,2026-01-05 17:48:00+00:00
TXN0000000259,ACC00000699,2025-12-28 22:57:00+00:00,2025-06-08 19:31:00+00:00,CREDIT,400.41,GBP,9662,CP8227,POS,REFLM3DZV3HRL,2024-07-05 16:50:00+00:00
TXN0000000260,ACC00000631,2024-05-24 18:55:00+00:00,2025-12-10 06:22:00+00:00,DEBIT,574.38,USD,4942,CP6924,ONLINE,REFDTEY6GAYOJ,2025-05-08 16:15:00+00:00
TXN0000000261,ACC00000306,2024-10-14 12:48:00+00:00,2024-04-12 16:38:00+00:00,DEBIT,726.33,USD,1892,CP2566,ATM,REFO9RCWB93GY,2025-04-29 18:50:00+00:00
TXN0000000262,ACC00000697,2025-08-19 01:09:00+00:00,2026-03-28 12:10:00+00:00,DEBIT,880.89,GBP,1177,CP1906,POS,REFRM66LR8CLP,2025-08-20 11:32:00+00:00
TXN0000000263,ACC00000120,2026-04-04 20:05:00+00:00,2024-05-28 10:09:00+00:00,DEBIT,2045.25,USD,4246,CP7688,POS,REFXRTUWM6GRT,2025-10-21 21:12:00+00:00
TXN0000000264,ACC00000293,2025-10-24 21:31:00+00:00,2025-04-08 10:40:00+00:00,DEBIT,533.94,GBP,6729,CP6711,ONLINE,REFJV9ZOOLXKJ,2025-12-22 15:35:00+00:00
TXN0000000265,ACC00000348,2025-03-24 09:04:00+00:00,2025-02-17 01:00:00+00:00,CREDIT,2596.58,GBP,9760,CP3587,BRANCH,REFA2GHFW96UE,2026-02-12 01:38:00+00:00
TXN0000000266,ACC00000654,2025-04-21 08:12:00+00:00,2024-06-18 04:15:00+00:00,DEBIT,244.41,GBP,1967,CP2727,ATM,REFJFJ6LUMVLL,2024-08-16 03:38:00+00:00
TXN0000000267,ACC00000725,2024-02-08 09:13:00+00:00,2024-02-08 04:14:00+00:00,CREDIT,672.47,USD,8536,,ATM,REFYFRHZAESVV,2025-12-24 06:19:00+00:00
TXN0000000268,ACC00000121,2024-11-22 01:09:00+00:00,2024-10-20 01:23:00+00:00,DEBIT,595.29,EUR,7033,CP6424,ATM,REFJJSLAS5AAR,2024-06-10 05:52:00+00:00
TXN0000000269,ACC00000757,2024-08-21 17:50:00+00:00,2025-01-26 23:29:00+00:00,DEBIT,698.19,USD,7647,CP7516,BRANCH,REF4Z99JSEH3W,2024-02-27 11:01:00+00:00
TXN0000000270,ACC00000174,2026-03-21 11:03:00+00:00,2025-04-07 03:11:00+00:00,DEBIT,1884.32,USD,5024,CP6475,ONLINE,REFBYGHSF644R,2025-08-20 08:50:00+00:00
TXN0000000271,ACC00000014,2024-06-16 05:52:00+00:00,2025-01-03 02:42:00+00:00,CREDIT,151.61,GBP,5160,CP7400,BRANCH,REF3ZORCGR42Q,2025-03-15 01:04:00+00:00
TXN0000000272,ACC00000378,2025-07-26 19:17:00+00:00,2025-01-12 16:36:00+00:00,DEBIT,1053.88,EUR,5748,CP6528,ONLINE,REFIERIOVTNVH,2025-11-06 14:53:00+00:00
TXN0000000273,ACC00000217,2025-03-08 12:21:00+00:00,2026-01-24 01:52:00+00:00,CREDIT,21.95,GBP,2587,CP2713,ATM,REFE45I0TFVX8,2025-02-22 04:29:00+00:00
TXN0000000274,ACC00000159,2024-07-04 14:48:00+00:00,2024-09-25 03:59:00+00:00,DEBIT,968.56,GBP,1642,CP2190,POS,REFOCMDT9AYBN,2026-02-15 15:24:00+00:00
TXN0000000275,ACC00000398,2024-12-10 23:55:00+00:00,2025-06-12 20:10:00+00:00,CREDIT,477.77,GBP,9305,CP3136,BRANCH,REFLCTOUY4SXT,2025-01-17 22:28:00+00:00
TXN0000000276,ACC00000127,2026-02-10 05:12:00+00:00,2026-03-01 16:56:00+00:00,DEBIT,1902.92,GBP,9482,CP9788,POS,REFLX06Y9DT3I,2024-01-24 21:11:00+00:00
TXN0000000277,ACC00000664,2024-07-24 04:33:00+00:00,2024-01-13 10:04:00+00:00,CREDIT,284.01,GBP,6701,CP9514,ONLINE,REFW0E4LR377A,2024-10-14 07:00:00+00:00
TXN0000000278,ACC00000684,2024-06-05 19:50:00+00:00,2025-02-26 12:27:00+00:00,DEBIT,741.33,GBP,4809,,ATM,REF8Z74NGSVR9,2024-02-01 04:39:00+00:00
TXN0000000279,ACC00000223,2024-08-27 00:08:00+00:00,2024-02-14 22:34:00+00:00,CREDIT,490.59,GBP,5755,CP4480,POS,REF94V3CK3OCI,2024-05-31 06:09:00+00:00
TXN0000000280,ACC00000152,2024-01-17 04:21:00+00:00,2026-03-31 03:54:00+00:00,DEBIT,104.67,GBP,9951,CP6316,POS,REF9UY0N2CN0V,2026-04-06 03:19:00+00:00
TXN0000000281,ACC00000486,2025-02-14 18:06:00+00:00,2024-07-03 06:37:00+00:00,DEBIT,2062.02,GBP,4932,CP5153,ONLINE,REF1RUMXX4AYO,2024-11-26 06:12:00+00:00
TXN0000000282,ACC00000400,2024-08-08 06:56:00+00:00,2024-05-10 15:33:00+00:00,DEBIT,534.8,GBP,2399,CP7559,ATM,REF9WBHXP3H07,2025-05-30 23:23:00+00:00
TXN0000000283,ACC00000349,2024-01-11 07:01:00+00:00,2025-07-20 09:49:00+00:00,CREDIT,1170.51,GBP,4054,CP6860,ATM,REF1PGACQK4TH,2024-12-31 00:39:00+00:00
TXN0000000284,ACC00000682,2024-08-12 06:16:00+00:00,2024-10-09 15:40:00+00:00,DEBIT,223.06,USD,8219,CP6823,POS,REFVYXM2R1MYG,2024-11-11 19:39:00+00:00
TXN0000000285,ACC00000390,2025-02-22 14:28:00+00:00,2025-09-20 01:37:00+00:00,DEBIT,1116.83,GBP,3680,,ONLINE,REFYAZRY1AVJY,2024-09-11 10:28:00+00:00
TXN0000000286,ACC00000533,2024-03-10 23:44:00+00:00,2025-07-24 12:51:00+00:00,CREDIT,764.29,GBP,8418,CP6293,ONLINE,REF4KSTK59XHP,2026-02-24 04:42:00+00:00
TXN0000000287,ACC00000283,2024-05-05 21:57:00+00:00,2024-07-17 13:05:00+00:00,DEBIT,155.61,USD,8249,CP9481,POS,REFFR5CXAJR00,2025-05-04 14:25:00+00:00
TXN0000000288,ACC00000085,2025-03-14 14:23:00+00:00,2024-11-30 04:30:00+00:00,DEBIT,137.06,USD,9291,CP9425,ATM,REFFG5BUNYWXM,2024-08-08 08:59:00+00:00
TXN0000000289,ACC00000763,2026-04-15 00:28:00+00:00,2025-02-04 19:20:00+00:00,CREDIT,2464.07,GBP,4435,CP1719,ONLINE,REF6QKT2SEAO8,2025-05-04 03:48:00+00:00
TXN0000000290,ACC00000565,2025-03-13 04:49:00+00:00,2026-04-29 17:51:00+00:00,CREDIT,41.4,GBP,5727,CP1824,POS,REFROJWVCNIV1,2025-02-12 18:27:00+00:00
TXN0000000291,ACC00000487,2025-05-04 19:39:00+00:00,2026-04-11 09:19:00+00:00,CREDIT,1570.74,GBP,1771,CP9989,POS,REFGX759UB9ZO,2026-01-11 22:52:00+00:00
TXN0000000292,ACC00000114,2024-12-21 10:15:00+00:00,2024-11-06 04:00:00+00:00,DEBIT,845.98,USD,9137,CP9652,ONLINE,REF5NQR81FYHY,2026-01-22 01:44:00+00:00
TXN0000000293,ACC00000416,2026-02-05 01:11:00+00:00,2024-05-28 05:51:00+00:00,CREDIT,2292.16,USD,4078,CP5728,POS,REFOPPS2KPMXH,2024-08-08 01:19:00+00:00
TXN0000000294,ACC00000396,2024-10-11 20:23:00+00:00,2024-09-22 22:35:00+00:00,DEBIT,841.49,USD,3255,CP9924,ATM,REFMJSZZ4LE2O,2024-06-27 13:51:00+00:00
TXN0000000295,ACC00000174,2024-08-03 01:05:00+00:00,2024-06-01 08:34:00+00:00,CREDIT,355.79,GBP,9223,CP5989,ATM,REFB2BB3NYMV2,2024-01-05 15:48:00+00:00
TXN0000000296,ACC00000393,2024-06-26 07:47:00+00:00,2025-07-11 12:12:00+00:00,CREDIT,228.55,GBP,2294,CP1018,ONLINE,REFH7ZX65E3V8,2026-01-20 06:23:00+00:00
TXN0000000297,ACC00000766,2025-08-18 17:49:00+00:00,2026-01-11 02:15:00+00:00,CREDIT,1622.97,GBP,2457,CP3393,ATM,REFV9WY6I8HIU,2025-09-16 07:35:00+00:00
TXN0000000298,ACC00000506,2024-09-21 15:10:00+00:00,2025-04-17 07:29:00+00:00,DEBIT,898.47,GBP,7326,CP1572,ONLINE,REFRGO9PV7Q40,2026-01-16 08:07:00+00:00
TXN0000000299,ACC00000271,2024-08-28 00:13:00+00:00,2024-03-19 09:23:00+00:00,CREDIT,1090.44,GBP,8763,CP6993,ONLINE,REFXCESRTB8CQ,2025-03-21 07:37:00+00:00
TXN0000000300,ACC00000249,2024-10-04 22:58:00+00:00,2024-02-12 07:04:00+00:00,DEBIT,1313.83,GBP,2409,CP1794,ONLINE,REFYONVUHXB4M,2026-03-29 20:52:00+00:00
TXN0000000301,ACC00000495,2026-03-22 04:02:00+00:00,2026-05-07 03:58:00+00:00,CREDIT,1076.74,GBP,9045,CP3174,POS,REFRYJ83E7X57,2026-02-07 21:21:00+00:00
TXN0000000302,ACC00000490,2024-05-10 17:18:00+00:00,2025-06-29 01:44:00+00:00,DEBIT,1156.1,USD,8404,CP9624,ONLINE,REFSKWEQYG45O,2024-10-04 05:22:00+00:00
TXN0000000303,ACC00000480,2025-04-14 02:51:00+00:00,2024-06-05 12:43:00+00:00,DEBIT,893.53,EUR,2536,CP1302,ATM,REFK930E3O7UI,2026-01-02 01:57:00+00:00
TXN0000000304,ACC00000424,2025-08-18 23:51:00+00:00,2025-01-24 20:37:00+00:00,DEBIT,969.64,USD,2953,CP1014,POS,REFN9L775S9Y8,2025-08-29 05:30:00+00:00
TXN0000000305,ACC00000273,2026-02-28 00:05:00+00:00,2026-04-11 03:58:00+00:00,DEBIT,198.51,GBP,1110,CP9143,POS,REFCFDT7U5OGL,2024-09-21 20:15:00+00:00
TXN0000000306,ACC00000299,2025-04-10 22:10:00+00:00,2024-09-26 03:38:00+00:00,DEBIT,683.89,USD,4701,CP4178,ONLINE,REFIJC518GBIE,2024-04-26 00:25:00+00:00
TXN0000000307,ACC00000551,2024-06-16 21:51:00+00:00,2026-02-19 07:42:00+00:00,DEBIT,1552.47,GBP,5661,,POS,REFOWUF75WGA7,2025-12-04 07:36:00+00:00
TXN0000000308,ACC00000103,2024-05-15 09:03:00+00:00,2025-08-10 13:00:00+00:00,CREDIT,186.58,GBP,1712,CP9240,BRANCH,REF0577IFH9XB,2025-05-03 01:34:00+00:00
TXN0000000309,ACC00000453,2025-01-17 01:28:00+00:00,2025-01-27 02:01:00+00:00,DEBIT,1241.38,EUR,3859,CP6402,ATM,REF4FHTLEJB4E,2024-04-10 16:20:00+00:00
TXN0000000310,ACC00000379,2026-04-13 23:26:00+00:00,2024-09-27 14:59:00+00:00,DEBIT,259.97,GBP,1872,CP3667,ONLINE,REFD80OAJ4YSF,2024-01-15 13:54:00+00:00
TXN0000000311,ACC00000015,2026-05-01 08:42:00+00:00,2026-03-12 02:55:00+00:00,DEBIT,481.0,GBP,9051,CP4611,BRANCH,REFQPA5GA0QVV,2025-11-18 16:01:00+00:00
TXN0000000312,ACC00000297,2025-07-13 14:46:00+00:00,2025-05-28 18:53:00+00:00,DEBIT,772.65,EUR,4584,CP7346,BRANCH,REFA2JLYUAWG8,2024-05-23 01:33:00+00:00
TXN0000000313,ACC00000197,2026-03-05 03:53:00+00:00,2026-02-01 03:53:00+00:00,CREDIT,120.82,USD,8155,CP8617,ONLINE,REFP5WQFYR56H,2024-04-08 11:46:00+00:00
TXN0000000314,ACC00000756,2025-05-02 20:40:00+00:00,2024-04-14 18:51:00+00:00,DEBIT,415.55,EUR,2082,CP6663,ATM,REFSZRLPB0NJW,2024-04-20 11:31:00+00:00
TXN0000000315,ACC00000551,2025-12-08 15:20:00+00:00,2026-03-29 19:08:00+00:00,CREDIT,108.94,GBP,9160,CP9080,ONLINE,REF64TOHXO788,2024-07-16 20:45:00+00:00
TXN0000000316,ACC00000729,2026-04-24 08:26:00+00:00,2026-01-21 10:54:00+00:00,CREDIT,783.72,USD,6093,CP6790,BRANCH,REFIFJI16GQBW,2024-05-12 10:51:00+00:00
TXN0000000317,ACC00000723,2024-04-18 19:50:00+00:00,2025-01-22 21:43:00+00:00,DEBIT,1970.61,USD,6232,CP6039,BRANCH,REFL11MIY0JH5,2024-12-30 08:49:00+00:00
TXN0000000318,ACC00000508,2026-05-02 19:59:00+00:00,2025-09-05 04:56:00+00:00,DEBIT,889.48,USD,8454,CP3362,POS,REFIN6P4GBX4T,2025-12-30 16:55:00+00:00
TXN0000000319,ACC00000722,2024-07-06 08:03:00+00:00,2024-11-07 23:31:00+00:00,DEBIT,250.21,GBP,5287,CP8354,POS,REFVQYGZJKFAM,2024-04-12 17:00:00+00:00
TXN0000000320,ACC00000381,2025-01-30 11:40:00+00:00,2025-02-23 17:35:00+00:00,DEBIT,922.66,GBP,2728,CP2703,ONLINE,REFFF9MORS1WA,2025-08-26 06:53:00+00:00
TXN0000000321,ACC00000225,2025-07-08 07:34:00+00:00,2025-11-16 06:18:00+00:00,CREDIT,712.79,USD,8761,CP3350,POS,REFQNEEY1ZI23,2025-04-21 21:24:00+00:00
TXN0000000322,ACC00000273,2025-03-27 04:50:00+00:00,2024-03-05 01:14:00+00:00,DEBIT,681.38,USD,2087,CP5072,ATM,REFMZA9GEZ551,2025-09-09 20:30:00+00:00
TXN0000000323,ACC00000636,2025-11-24 15:40:00+00:00,2024-09-25 02:17:00+00:00,CREDIT,64.59,GBP,9224,CP6857,BRANCH,REFUUPMF054RZ,2026-03-06 12:28:00+00:00
TXN0000000324,ACC00000559,2024-05-31 10:32:00+00:00,2024-04-05 06:48:00+00:00,DEBIT,711.97,GBP,5456,CP9343,ONLINE,REFRW19SG6BYH,2025-06-08 12:23:00+00:00
TXN0000000325,ACC00000722,2024-03-06 05:09:00+00:00,2024-03-12 16:06:00+00:00,DEBIT,28.4,GBP,9658,CP1284,POS,REFADCBUGUG17,2024-03-05 16:22:00+00:00
TXN0000000326,ACC00000773,2024-11-20 19:02:00+00:00,2024-04-23 17:40:00+00:00,DEBIT,1048.63,USD,1094,CP2293,POS,REFH84TSM6DS4,2026-02-04 02:41:00+00:00
TXN0000000327,ACC00000626,2026-04-01 18:50:00+00:00,2024-04-16 09:00:00+00:00,CREDIT,950.42,USD,1294,CP8966,POS,REFPKBC3O05V7,2026-03-05 22:39:00+00:00
TXN0000000328,ACC00000458,2025-12-05 10:24:00+00:00,2024-12-16 02:44:00+00:00,DEBIT,206.42,GBP,2018,CP3246,ONLINE,REF6NHRU8DXF8,2024-03-08 12:58:00+00:00
TXN0000000329,ACC00000730,2025-02-07 17:18:00+00:00,2025-12-21 07:10:00+00:00,DEBIT,218.86,GBP,1463,,ATM,REF70BTHESQZ7,2025-11-11 03:43:00+00:00
TXN0000000330,ACC00000567,2025-12-30 08:58:00+00:00,2024-11-18 20:07:00+00:00,DEBIT,66.58,EUR,1251,CP2836,ATM,REF6LJVHJFK6O,2026-03-02 13:10:00+00:00
TXN0000000331,ACC00000488,2025-06-03 23:47:00+00:00,2025-03-31 18:42:00+00:00,DEBIT,461.55,EUR,2478,,ONLINE,REFLGJJGAWA0I,2026-04-01 23:38:00+00:00
TXN0000000332,ACC00000651,2024-05-30 07:31:00+00:00,2024-01-03 09:19:00+00:00,DEBIT,374.07,USD,4730,CP6342,POS,REF988PCPAPXJ,2024-09-30 01:59:00+00:00
TXN0000000333,ACC00000200,2024-09-12 20:12:00+00:00,2025-04-06 01:32:00+00:00,DEBIT,699.88,EUR,4912,CP5449,ONLINE,REFIFD87HMS3N,2024-11-21 06:12:00+00:00
TXN0000000334,ACC00000451,2025-04-07 18:49:00+00:00,2025-01-04 13:00:00+00:00,DEBIT,973.9,EUR,1966,CP9425,POS,REF4H1RCET351,2026-05-07 20:37:00+00:00
TXN0000000335,ACC00000713,2024-03-19 05:06:00+00:00,2025-08-09 23:17:00+00:00,DEBIT,1531.61,USD,3760,CP1252,BRANCH,REF7JGTSNXP5U,2025-06-20 12:48:00+00:00
TXN0000000336,ACC00000251,2024-05-13 02:05:00+00:00,2026-03-22 01:51:00+00:00,DEBIT,684.49,USD,2924,CP5893,ATM,REF5AIUXWUZXM,2025-05-03 14:19:00+00:00
TXN0000000337,ACC00000705,2024-02-18 03:33:00+00:00,2025-01-30 14:06:00+00:00,DEBIT,407.84,GBP,5526,CP2199,POS,REFRTRTXD1P0G,2025-07-05 17:28:00+00:00
TXN0000000338,ACC00000308,2025-04-13 16:02:00+00:00,2024-10-30 21:52:00+00:00,DEBIT,788.76,GBP,9971,,POS,REFEZ4FIKED9Y,2025-01-18 12:00:00+00:00
TXN0000000339,ACC00000119,2024-08-29 22:22:00+00:00,2025-05-30 14:33:00+00:00,DEBIT,325.41,USD,1301,CP7371,ONLINE,REFH1LIV5J7B0,2026-03-18 03:13:00+00:00
TXN0000000340,ACC00000258,2025-12-05 17:26:00+00:00,2024-08-05 02:01:00+00:00,CREDIT,1379.23,GBP,5182,CP2533,ONLINE,REFJWIFTPA111,2025-03-09 09:56:00+00:00
TXN0000000341,ACC00000424,2026-04-06 23:39:00+00:00,2024-07-21 03:16:00+00:00,DEBIT,996.17,GBP,1131,CP9106,ATM,REF906P4DB71K,2026-04-22 01:06:00+00:00
TXN0000000342,ACC00000371,2024-02-21 21:58:00+00:00,2026-04-08 11:48:00+00:00,DEBIT,842.76,GBP,2305,CP8897,POS,REFQ8X8V48UYF,2025-01-19 03:26:00+00:00
TXN0000000343,ACC00000721,2024-03-16 14:54:00+00:00,2025-02-03 08:20:00+00:00,DEBIT,1593.21,GBP,2534,CP9023,ONLINE,REFO7HHZXTV82,2024-05-17 11:55:00+00:00
TXN0000000344,ACC00000758,2024-02-20 15:18:00+00:00,2025-04-30 04:48:00+00:00,DEBIT,346.57,GBP,5050,CP6486,ATM,REF31L2SLXYMM,2024-01-10 05:06:00+00:00
TXN0000000345,ACC00000583,2025-12-11 01:51:00+00:00,2024-06-05 14:20:00+00:00,CREDIT,98.82,USD,3648,CP5973,POS,REF05BIELVMH9,2026-02-18 14:19:00+00:00
TXN0000000346,ACC00000054,2025-10-06 07:38:00+00:00,2025-11-08 15:38:00+00:00,DEBIT,1313.45,USD,2784,CP7451,ATM,REFHH4C0MRMQI,2025-07-20 20:55:00+00:00
TXN0000000347,ACC00000312,2024-06-03 11:06:00+00:00,2024-10-02 01:29:00+00:00,DEBIT,457.28,USD,6820,,ONLINE,REF3C37WE6716,2025-02-23 02:02:00+00:00
TXN0000000348,ACC00000155,2025-08-24 19:39:00+00:00,2026-01-13 08:01:00+00:00,CREDIT,158.97,GBP,2278,CP9084,ONLINE,REFDNGXKLSPO3,2025-08-25 06:03:00+00:00
TXN0000000349,ACC00000616,2024-09-14 22:22:00+00:00,2024-08-15 06:54:00+00:00,DEBIT,539.39,EUR,3457,CP6040,POS,REFU77JOYEAEA,2024-02-15 08:29:00+00:00
TXN0000000350,ACC00000570,2024-07-01 19:20:00+00:00,2025-04-05 08:16:00+00:00,DEBIT,869.7,USD,8636,,ONLINE,REFKMFK47OX40,2024-04-19 14:21:00+00:00
TXN0000000351,ACC00000292,2026-01-22 03:31:00+00:00,2025-09-25 20:37:00+00:00,DEBIT,873.89,GBP,9061,CP5888,ONLINE,REF2L7NDBW275,2026-02-23 10:33:00+00:00
TXN0000000352,ACC00000623,2024-04-14 05:11:00+00:00,2025-09-20 16:28:00+00:00,DEBIT,2006.68,USD,3412,,ONLINE,REFHOEKD9QQ9I,2024-03-03 12:04:00+00:00
TXN0000000353,ACC00000379,2024-05-25 15:24:00+00:00,2024-01-04 19:14:00+00:00,DEBIT,450.44,GBP,5367,CP1335,POS,REFQHD6VX67QB,2024-04-30 11:00:00+00:00
TXN0000000354,ACC00000179,2026-02-05 08:15:00+00:00,2024-09-09 19:06:00+00:00,CREDIT,609.41,GBP,5728,CP2234,POS,REFH397AHU0WU,2024-08-31 21:32:00+00:00
TXN0000000355,ACC00000003,2024-08-13 17:29:00+00:00,2025-12-26 07:25:00+00:00,CREDIT,651.98,USD,5092,CP6610,ONLINE,REF1VZYP8CU58,2024-12-14 16:55:00+00:00
TXN0000000356,ACC00000285,2024-07-05 05:01:00+00:00,2026-02-04 19:18:00+00:00,DEBIT,395.04,GBP,8344,CP4362,POS,REFXZUDG5GYXV,2024-11-09 12:56:00+00:00
TXN0000000357,ACC00000497,2025-01-04 09:09:00+00:00,2024-04-01 05:52:00+00:00,CREDIT,1678.14,USD,7889,CP6085,ONLINE,REFD2DHW5OKHC,2025-06-13 08:46:00+00:00
TXN0000000358,ACC00000450,2024-05-27 03:24:00+00:00,2025-10-07 12:19:00+00:00,DEBIT,175.38,USD,5734,CP2136,ATM,REFFAAIBY1G9S,2024-08-26 17:49:00+00:00
TXN0000000359,ACC00000627,2024-06-29 12:43:00+00:00,2024-03-13 00:53:00+00:00,DEBIT,956.68,USD,6280,CP6974,POS,REFFL5WS8S604,2024-04-22 02:50:00+00:00
TXN0000000360,ACC00000766,2024-11-24 21:51:00+00:00,2025-01-29 00:14:00+00:00,DEBIT,357.99,EUR,7183,CP2389,ONLINE,REFCKOYOOJ3JX,2026-02-23 00:58:00+00:00
TXN0000000361,ACC00000388,2024-09-23 18:56:00+00:00,2024-06-20 13:48:00+00:00,DEBIT,499.97,GBP,2236,CP1259,ONLINE,REF7EVC1N5WR9,2024-01-05 11:13:00+00:00
TXN0000000362,ACC00000252,2025-10-23 12:54:00+00:00,2026-04-08 14:22:00+00:00,CREDIT,91.74,GBP,9482,CP2358,ATM,REFL6OAFAZHUF,2024-12-30 03:52:00+00:00
TXN0000000363,ACC00000707,2024-07-15 06:47:00+00:00,2024-08-27 02:44:00+00:00,DEBIT,1343.61,GBP,6083,CP9665,ATM,REF5MEVZS1ZDF,2024-04-21 01:24:00+00:00
TXN0000000364,ACC00000161,2026-01-23 00:44:00+00:00,2025-10-23 17:02:00+00:00,CREDIT,369.65,EUR,7984,CP9784,ONLINE,REFBV56DYY6ZH,2026-05-06 11:57:00+00:00
TXN0000000365,ACC00000649,2025-07-06 06:12:00+00:00,2024-12-22 15:59:00+00:00,CREDIT,1632.63,GBP,2616,CP8010,POS,REFAFOI6ZVQF0,2025-01-28 22:44:00+00:00
TXN0000000366,ACC00000151,2024-10-23 09:19:00+00:00,2025-02-10 07:05:00+00:00,DEBIT,1426.12,USD,7116,CP6656,POS,REFB69835AHIN,2025-03-14 14:22:00+00:00
TXN0000000367,ACC00000739,2025-03-29 00:19:00+00:00,2025-12-02 01:05:00+00:00,CREDIT,875.3,GBP,9934,CP7543,POS,REFS19UKBA2N2,2026-03-06 19:33:00+00:00
TXN0000000368,ACC00000485,2025-05-29 16:31:00+00:00,2024-01-28 17:38:00+00:00,CREDIT,1375.01,GBP,4212,CP9218,ONLINE,REFYH00VIYLL2,2025-04-22 15:42:00+00:00
TXN0000000369,ACC00000237,2025-06-04 19:37:00+00:00,2025-02-19 20:21:00+00:00,DEBIT,359.64,USD,4380,CP4297,ONLINE,REF9NCJUI84J3,2026-04-06 18:22:00+00:00
TXN0000000370,ACC00000049,2024-12-04 00:17:00+00:00,2024-10-29 13:50:00+00:00,DEBIT,1129.95,GBP,7507,CP4379,ATM,REFYRLR0AC3VM,2025-06-18 16:58:00+00:00
TXN0000000371,ACC00000708,2025-04-20 00:51:00+00:00,2024-04-06 05:20:00+00:00,CREDIT,1106.21,USD,6378,CP3469,BRANCH,REF2K519XDFJL,2024-12-29 07:00:00+00:00
TXN0000000372,ACC00000419,2024-06-19 00:55:00+00:00,2024-08-19 12:02:00+00:00,DEBIT,1536.5,GBP,8260,,POS,REF4ODV361W0P,2025-08-06 13:09:00+00:00
TXN0000000373,ACC00000404,2025-01-18 19:43:00+00:00,2025-02-01 09:01:00+00:00,CREDIT,115.28,GBP,6071,CP2550,ONLINE,REFN4QFOYANV5,2026-02-03 01:48:00+00:00
TXN0000000374,ACC00000199,2025-01-21 16:43:00+00:00,2024-03-03 08:28:00+00:00,DEBIT,579.66,USD,8985,CP6810,ATM,REFKSDHJOJCQ7,2025-08-16 15:09:00+00:00
TXN0000000375,ACC00000301,2024-12-23 02:39:00+00:00,2024-10-24 16:25:00+00:00,DEBIT,205.64,GBP,1729,CP1027,POS,REF7SXGV81XS9,2024-06-22 14:03:00+00:00
TXN0000000376,ACC00000561,2026-02-23 10:12:00+00:00,2025-04-20 19:19:00+00:00,DEBIT,245.93,GBP,2708,CP8735,ONLINE,REFQSZ4A1XF5U,2025-06-04 09:09:00+00:00
TXN0000000377,ACC00000683,2026-03-17 21:28:00+00:00,2025-07-28 12:49:00+00:00,DEBIT,1329.23,GBP,5775,CP1544,POS,REFD5B3G1KAGA,2026-03-12 01:20:00+00:00
TXN0000000378,ACC00000239,2025-05-23 08:39:00+00:00,2025-10-12 20:37:00+00:00,DEBIT,1998.82,USD,9443,,ONLINE,REFHPMR42UMH9,2026-04-30 05:25:00+00:00
TXN0000000379,ACC00000164,2025-12-19 05:25:00+00:00,2026-04-15 16:37:00+00:00,DEBIT,1198.58,GBP,8559,CP2851,BRANCH,REF5SX11C923L,2024-01-03 08:44:00+00:00
TXN0000000380,ACC00000237,2025-03-13 20:42:00+00:00,2024-10-05 16:16:00+00:00,DEBIT,112.5,GBP,2944,CP8694,POS,REFURZ41EGJY0,2025-07-01 06:33:00+00:00
TXN0000000381,ACC00000024,2024-08-02 05:56:00+00:00,2025-06-13 02:29:00+00:00,DEBIT,1629.22,EUR,4033,CP1931,POS,REFGD2UKQOGUF,2024-01-05 13:57:00+00:00
TXN0000000382,ACC00000516,2025-09-04 23:20:00+00:00,2024-01-13 20:15:00+00:00,CREDIT,930.5,GBP,1244,CP3680,BRANCH,REF4ZKRWAYE53,2025-12-01 03:35:00+00:00
TXN0000000383,ACC00000338,2025-02-28 07:17:00+00:00,2025-02-19 03:01:00+00:00,DEBIT,1236.2,GBP,9370,CP4742,POS,REF7YVVWMBJI4,2024-04-16 08:45:00+00:00
TXN0000000384,ACC00000295,2024-07-08 14:58:00+00:00,2024-02-24 14:51:00+00:00,DEBIT,1851.28,GBP,4673,CP3120,ATM,REFXVKCI5XWWB,2025-09-07 06:57:00+00:00
TXN0000000385,ACC00000621,2025-05-24 15:20:00+00:00,2025-04-24 00:48:00+00:00,CREDIT,1064.95,GBP,4650,CP7388,POS,REF95W7C5I8H9,2026-01-26 13:54:00+00:00
TXN0000000386,ACC00000795,2026-03-24 05:10:00+00:00,2024-03-14 14:31:00+00:00,DEBIT,287.07,USD,9555,CP4788,ONLINE,REF12A4HHDPSI,2024-07-24 02:09:00+00:00
TXN0000000387,ACC00000358,2025-01-02 18:09:00+00:00,2026-02-22 07:41:00+00:00,DEBIT,2560.85,GBP,3151,,ONLINE,REFUYU5YW5NZO,2024-12-28 17:34:00+00:00
TXN0000000388,ACC00000306,2024-01-18 13:05:00+00:00,2025-05-07 10:36:00+00:00,CREDIT,294.73,EUR,7158,CP7358,BRANCH,REFVYUBEZ5IFD,2025-02-09 16:14:00+00:00
TXN0000000389,ACC00000126,2025-02-12 11:34:00+00:00,2024-11-13 19:12:00+00:00,DEBIT,93.27,USD,6694,CP6469,POS,REFV1MJ6WYJ4O,2026-03-10 07:05:00+00:00
TXN0000000390,ACC00000356,2024-03-26 04:51:00+00:00,2026-04-08 06:52:00+00:00,DEBIT,275.24,GBP,7915,CP9325,ONLINE,REFQ5Q0LN2R0N,2025-12-25 13:27:00+00:00
TXN0000000391,ACC00000252,2025-09-11 04:01:00+00:00,2024-02-07 14:33:00+00:00,DEBIT,360.84,USD,2987,CP3879,ONLINE,REFZSPA2RZ6BZ,2024-08-30 11:45:00+00:00
TXN0000000392,ACC00000750,2025-10-31 11:36:00+00:00,2024-04-15 03:59:00+00:00,DEBIT,527.9,USD,8702,CP5338,ATM,REFD8G2TUYQC5,2026-01-03 19:01:00+00:00
TXN0000000393,ACC00000365,2026-01-12 05:09:00+00:00,2024-03-16 14:06:00+00:00,CREDIT,954.93,GBP,9760,CP7732,POS,REF6IGER0UKNO,2025-09-27 22:43:00+00:00
TXN0000000394,ACC00000159,2025-08-29 09:07:00+00:00,2025-08-10 22:48:00+00:00,CREDIT,301.32,GBP,7202,CP8075,ATM,REF9JYUQU5UOJ,2025-04-28 05:50:00+00:00
TXN0000000395,ACC00000486,2024-03-14 10:59:00+00:00,2025-03-09 01:02:00+00:00,DEBIT,97.55,GBP,9903,CP5999,ONLINE,REFDY08VM4KCX,2025-11-23 11:36:00+00:00
TXN0000000396,ACC00000228,2026-02-26 13:13:00+00:00,2024-10-11 19:01:00+00:00,DEBIT,462.87,GBP,2154,CP8336,POS,REFMKIL5K7ID7,2024-07-03 08:44:00+00:00
TXN0000000397,ACC00000470,2024-02-13 04:37:00+00:00,2024-06-23 02:17:00+00:00,DEBIT,953.25,GBP,3221,CP9038,ONLINE,REF0MUVV7WAO5,2024-10-19 08:09:00+00:00
TXN0000000398,ACC00000259,2024-11-21 10:48:00+00:00,2024-10-20 09:05:00+00:00,DEBIT,1078.7,USD,7176,CP3433,POS,REF8JFTDS63WH,2025-05-24 00:36:00+00:00
TXN0000000399,ACC00000014,2025-11-11 22:37:00+00:00,2026-04-09 11:21:00+00:00,DEBIT,269.63,GBP,7605,CP3571,POS,REFNEAYTSJEEL,2025-02-22 23:32:00+00:00
TXN0000000400,ACC00000042,2025-02-15 07:27:00+00:00,2025-08-29 13:28:00+00:00,CREDIT,1802.36,GBP,7740,CP3698,ONLINE,REFDXDTHZHZT1,2025-09-19 13:42:00+00:00
TXN0000000401,ACC00000262,2024-09-07 14:42:00+00:00,2024-10-13 07:14:00+00:00,DEBIT,494.55,GBP,2936,CP2421,ONLINE,REFQZA7PEEBJL,2025-12-03 16:40:00+00:00
TXN0000000402,ACC00000382,2026-01-07 04:41:00+00:00,2024-08-26 21:42:00+00:00,DEBIT,1481.27,GBP,7308,CP3264,BRANCH,REFTE032FYVWU,2025-08-24 05:10:00+00:00
TXN0000000403,ACC00000114,2025-02-22 05:52:00+00:00,2025-06-15 09:42:00+00:00,DEBIT,944.09,USD,3585,CP1087,ONLINE,REFUW4W21ZWS4,2024-07-08 15:52:00+00:00
TXN0000000404,ACC00000666,2025-09-29 23:18:00+00:00,2025-08-01 23:26:00+00:00,CREDIT,48.48,GBP,8496,CP2178,POS,REFNG692U1ZXQ,2024-08-04 02:08:00+00:00
TXN0000000405,ACC00000301,2025-11-11 05:02:00+00:00,2025-12-19 10:23:00+00:00,CREDIT,439.8,GBP,8422,CP5728,ATM,REFCXN9B25GMZ,2025-05-24 23:36:00+00:00
TXN0000000406,ACC00000021,2025-03-17 12:04:00+00:00,2024-06-14 07:36:00+00:00,CREDIT,603.93,USD,1439,CP6858,POS,REF7AK6G0HENR,2024-04-07 11:54:00+00:00
TXN0000000407,ACC00000348,2024-12-09 21:16:00+00:00,2024-04-21 15:49:00+00:00,CREDIT,1217.16,GBP,9230,CP3449,POS,REF5SOVIPTV7M,2025-01-26 13:09:00+00:00
TXN0000000408,ACC00000260,2025-09-30 16:01:00+00:00,2025-11-27 00:52:00+00:00,DEBIT,2176.24,GBP,7952,CP5133,POS,REFB4LZIKQJMK,2026-04-24 19:12:00+00:00
TXN0000000409,ACC00000143,2025-10-23 21:35:00+00:00,2024-08-04 23:14:00+00:00,DEBIT,1179.43,USD,7173,CP1442,POS,REF25WHY7EBGB,2024-10-05 19:15:00+00:00
TXN0000000410,ACC00000491,2024-12-13 03:12:00+00:00,2025-01-03 07:58:00+00:00,DEBIT,232.47,GBP,6817,CP7662,ONLINE,REFGCHU8FBPSC,2024-03-24 22:37:00+00:00
TXN0000000411,ACC00000609,2024-07-28 23:06:00+00:00,2024-01-02 01:19:00+00:00,CREDIT,774.66,GBP,8470,CP9582,ATM,REFMQCNEQCEPT,2024-01-18 13:05:00+00:00
TXN0000000412,ACC00000515,2024-08-16 20:34:00+00:00,2025-09-24 22:51:00+00:00,CREDIT,1315.61,GBP,5856,CP2367,ONLINE,REFQ9XUNAIHS8,2024-07-27 23:33:00+00:00
TXN0000000413,ACC00000260,2026-02-17 01:02:00+00:00,2025-08-22 18:11:00+00:00,DEBIT,1501.55,GBP,9831,CP8036,ONLINE,REF7AUQI3T9RY,2024-09-01 13:12:00+00:00
TXN0000000414,ACC00000606,2024-10-06 18:34:00+00:00,2025-01-28 20:25:00+00:00,DEBIT,1415.04,GBP,7950,CP2552,BRANCH,REFWWC8PH9MG0,2025-03-14 11:02:00+00:00
TXN0000000415,ACC00000032,2024-08-17 22:54:00+00:00,2024-12-22 06:46:00+00:00,CREDIT,1600.49,GBP,7081,CP4644,ONLINE,REFD6DP1GR9AG,2024-11-13 10:11:00+00:00
TXN0000000416,ACC00000410,2024-06-09 02:52:00+00:00,2025-01-30 22:07:00+00:00,DEBIT,1562.23,EUR,8371,CP9557,ONLINE,REF4UQQAHHM1N,2025-02-22 02:40:00+00:00
TXN0000000417,ACC00000579,2025-10-19 02:11:00+00:00,2026-01-27 19:30:00+00:00,DEBIT,754.05,GBP,8246,CP2156,POS,REFOT8SIS9P2E,2025-06-19 05:08:00+00:00
TXN0000000418,ACC00000571,2024-06-04 03:53:00+00:00,2025-10-25 14:15:00+00:00,CREDIT,448.38,GBP,6238,CP6553,ATM,REFNLYTCCTWDP,2025-06-29 13:13:00+00:00
TXN0000000419,ACC00000398,2024-06-26 02:23:00+00:00,2024-04-16 14:13:00+00:00,DEBIT,592.76,GBP,8601,CP1770,ONLINE,REFYA1U9X99ZF,2025-04-01 16:18:00+00:00
TXN0000000420,ACC00000742,2026-02-06 09:32:00+00:00,2025-08-04 09:48:00+00:00,DEBIT,4.29,USD,9035,CP7421,ONLINE,REFE8DIY9D9MW,2024-08-27 10:19:00+00:00
TXN0000000421,ACC00000112,2025-11-09 03:45:00+00:00,2025-03-13 22:58:00+00:00,CREDIT,1401.66,GBP,8105,CP8249,ONLINE,REFBY97HM84B5,2025-06-05 14:25:00+00:00
TXN0000000422,ACC00000082,2025-01-16 17:09:00+00:00,2024-06-07 08:32:00+00:00,DEBIT,643.76,GBP,8903,CP8140,ONLINE,REFQLHW50QCPS,2025-12-29 04:54:00+00:00
TXN0000000423,ACC00000131,2025-03-21 17:26:00+00:00,2025-05-22 22:46:00+00:00,DEBIT,721.31,USD,4505,,POS,REFTHERGBY0FZ,2025-02-14 06:39:00+00:00
TXN0000000424,ACC00000572,2025-07-02 15:25:00+00:00,2024-06-04 06:50:00+00:00,DEBIT,1138.27,GBP,9306,CP1955,ONLINE,REFRLIV1O3TO7,2024-11-05 13:38:00+00:00
TXN0000000425,ACC00000074,2024-11-01 00:06:00+00:00,2026-02-03 17:52:00+00:00,CREDIT,928.52,EUR,1256,CP5363,ATM,REFCOF3AEWNT0,2025-11-03 02:45:00+00:00
TXN0000000426,ACC00000289,2026-02-20 18:07:00+00:00,2024-12-23 16:24:00+00:00,DEBIT,88.24,USD,1642,CP3399,POS,REFHIMAHNBGSL,2025-05-25 19:57:00+00:00
TXN0000000427,ACC00000286,2025-06-27 10:16:00+00:00,2024-12-03 21:15:00+00:00,CREDIT,1348.46,GBP,8575,CP7823,POS,REFCT9Y1C9S3W,2024-02-22 23:39:00+00:00
TXN0000000428,ACC00000065,2025-07-23 17:03:00+00:00,2026-05-05 19:09:00+00:00,DEBIT,580.81,GBP,6211,CP3539,ONLINE,REFR17IQ77IC7,2025-09-06 09:03:00+00:00
TXN0000000429,ACC00000275,2025-02-02 09:19:00+00:00,2025-05-05 21:51:00+00:00,DEBIT,526.62,GBP,1556,CP7473,ATM,REFEBKM7QXIDA,2024-11-03 15:09:00+00:00
TXN0000000430,ACC00000056,2026-02-07 04:53:00+00:00,2025-02-01 17:29:00+00:00,CREDIT,636.37,GBP,7741,,POS,REFRATN8SC1A1,2025-05-11 21:58:00+00:00
TXN0000000431,ACC00000321,2026-05-06 21:00:00+00:00,2025-11-10 02:16:00+00:00,DEBIT,227.18,USD,9593,CP5034,POS,REF182LP58GDV,2024-02-01 15:09:00+00:00
TXN0000000432,ACC00000050,2024-02-13 12:11:00+00:00,2025-12-19 02:59:00+00:00,CREDIT,1.8,USD,3180,,ATM,REFTLINZ8GMMT,2026-03-25 03:04:00+00:00
TXN0000000433,ACC00000334,2025-08-06 16:58:00+00:00,2024-09-04 08:36:00+00:00,CREDIT,1471.32,GBP,4148,CP8187,POS,REFFHSFS34SQ8,2025-02-21 04:10:00+00:00
TXN0000000434,ACC00000632,2025-05-24 14:40:00+00:00,2024-07-24 03:57:00+00:00,CREDIT,836.53,GBP,5066,CP8586,ONLINE,REFG5NICZ29MA,2026-03-10 17:30:00+00:00
TXN0000000435,ACC00000556,2025-06-21 15:15:00+00:00,2026-02-22 15:58:00+00:00,DEBIT,347.41,GBP,8781,CP7340,ONLINE,REFL506M5L1MO,2025-07-03 16:41:00+00:00
TXN0000000436,ACC00000439,2026-05-01 10:33:00+00:00,2025-09-15 12:28:00+00:00,DEBIT,473.57,GBP,4850,CP1167,ONLINE,REF872BTO3M4R,2024-08-10 07:47:00+00:00
TXN0000000437,ACC00000072,2024-12-01 23:24:00+00:00,2024-02-04 13:00:00+00:00,DEBIT,411.47,GBP,4669,CP6848,ATM,REFFU3VF2KI70,2024-09-12 14:18:00+00:00
TXN0000000438,ACC00000166,2025-10-15 12:18:00+00:00,2025-01-09 11:35:00+00:00,CREDIT,635.99,EUR,4912,CP4570,POS,REFGTWGD7IWW7,2025-11-22 01:07:00+00:00
TXN0000000439,ACC00000128,2025-02-12 23:19:00+00:00,2025-10-18 03:30:00+00:00,CREDIT,290.3,EUR,5571,,ONLINE,REFX7COJ1C5BF,2025-09-13 07:28:00+00:00
TXN0000000440,ACC00000611,2026-03-04 23:07:00+00:00,2024-08-22 10:29:00+00:00,DEBIT,682.3,GBP,8661,CP8875,ONLINE,REFB47G51M922,2025-07-17 12:31:00+00:00
TXN0000000441,ACC00000695,2025-09-02 13:46:00+00:00,2025-09-14 04:07:00+00:00,DEBIT,1265.17,GBP,5628,CP4436,ONLINE,REFRFS3S5S651,2024-02-27 07:09:00+00:00
TXN0000000442,ACC00000182,2024-05-12 06:18:00+00:00,2026-01-04 03:24:00+00:00,DEBIT,1452.88,USD,2529,CP8827,BRANCH,REFO7AEMBDN7Q,2025-11-25 05:26:00+00:00
TXN0000000443,ACC00000046,2025-11-05 05:07:00+00:00,2024-05-19 10:01:00+00:00,DEBIT,1968.83,GBP,3878,CP4674,ATM,REFX2HZG3KC1A,2024-12-02 13:42:00+00:00
TXN0000000444,ACC00000547,2025-09-17 04:45:00+00:00,2025-02-06 22:51:00+00:00,CREDIT,1137.45,GBP,8110,CP8889,ATM,REFVEE1OAWVFE,2026-03-29 02:07:00+00:00
TXN0000000445,ACC00000020,2025-03-22 04:11:00+00:00,2025-08-24 17:39:00+00:00,DEBIT,607.23,USD,9171,CP4038,POS,REFAKK70OZ3ZK,2026-04-24 05:28:00+00:00
TXN0000000446,ACC00000515,2024-03-17 06:11:00+00:00,2024-07-11 11:48:00+00:00,DEBIT,604.6,GBP,9193,CP3887,ONLINE,REF2HACI167DV,2024-11-03 00:24:00+00:00
TXN0000000447,ACC00000558,2024-01-18 09:44:00+00:00,2024-09-26 12:19:00+00:00,CREDIT,1424.89,GBP,7624,CP3766,ONLINE,REF41XQLJZGL1,2024-03-14 10:39:00+00:00
TXN0000000448,ACC00000383,2024-03-06 01:18:00+00:00,2025-02-14 06:52:00+00:00,CREDIT,573.97,USD,6535,CP6110,ATM,REFVE3NMNFCAR,2024-09-16 14:41:00+00:00
TXN0000000449,ACC00000034,2024-06-16 19:16:00+00:00,2025-08-29 17:44:00+00:00,CREDIT,1211.44,EUR,8353,CP2181,POS,REF5LA3UG7YKO,2024-04-02 16:22:00+00:00
TXN0000000450,ACC00000607,2025-06-28 06:50:00+00:00,2025-09-02 14:00:00+00:00,DEBIT,1027.55,GBP,1855,CP9827,ATM,REFVFZKIJNVLG,2025-06-30 21:29:00+00:00
TXN0000000451,ACC00000760,2024-04-25 09:46:00+00:00,2024-04-14 09:42:00+00:00,CREDIT,1275.58,GBP,8319,CP7753,ONLINE,REFHSN6MAFYB0,2025-12-11 15:23:00+00:00
TXN0000000452,ACC00000764,2025-05-12 16:58:00+00:00,2025-10-05 20:20:00+00:00,DEBIT,822.3,USD,5028,CP2736,ATM,REFQF7Y15TNUE,2024-07-16 08:49:00+00:00
TXN0000000453,ACC00000111,2025-08-04 22:55:00+00:00,2025-01-04 15:00:00+00:00,DEBIT,27.48,GBP,9923,CP9268,ATM,REFSWJPBW9HKA,2025-01-30 19:58:00+00:00
TXN0000000454,ACC00000256,2024-04-24 02:30:00+00:00,2024-08-24 19:45:00+00:00,DEBIT,2196.32,EUR,7030,CP2730,BRANCH,REFFI78DXBDCE,2025-04-19 14:44:00+00:00
TXN0000000455,ACC00000311,2025-09-21 14:09:00+00:00,2024-08-31 08:42:00+00:00,DEBIT,152.78,USD,5284,CP8562,ONLINE,REF8ITOKOPOH9,2026-03-10 09:04:00+00:00
TXN0000000456,ACC00000508,2026-04-25 13:37:00+00:00,2024-05-15 15:44:00+00:00,DEBIT,2259.71,GBP,7596,CP5695,ONLINE,REF0EMIU2DG7V,2024-04-07 09:12:00+00:00
TXN0000000457,ACC00000317,2025-09-16 19:39:00+00:00,2024-04-11 23:34:00+00:00,CREDIT,233.72,GBP,1049,CP9274,ONLINE,REFJZ16BLUJI2,2025-04-05 08:34:00+00:00
TXN0000000458,ACC00000409,2024-10-11 18:44:00+00:00,2025-02-08 12:47:00+00:00,CREDIT,2034.45,USD,6888,,POS,REFZZJ0631JEC,2024-03-23 11:48:00+00:00
TXN0000000459,ACC00000232,2025-06-23 03:41:00+00:00,2025-08-20 04:23:00+00:00,CREDIT,1506.48,GBP,3546,CP1609,POS,REFCOAVBMWBG1,2024-07-21 07:31:00+00:00
TXN0000000460,ACC00000019,2024-06-13 16:44:00+00:00,2024-11-25 04:38:00+00:00,DEBIT,792.85,GBP,2332,CP2995,ATM,REF2DMWTDJYK7,2024-12-08 11:03:00+00:00
TXN0000000461,ACC00000572,2024-07-22 03:47:00+00:00,2026-05-03 20:03:00+00:00,DEBIT,1012.46,EUR,8535,CP8505,POS,REFJ16OTUFSBC,2024-11-15 20:08:00+00:00
TXN0000000462,ACC00000332,2025-07-16 00:03:00+00:00,2024-12-03 00:39:00+00:00,DEBIT,959.62,GBP,4442,CP2478,ATM,REFLJW4RBXXW8,2024-09-05 22:29:00+00:00
TXN0000000463,ACC00000055,2024-08-12 13:27:00+00:00,2024-06-26 12:03:00+00:00,DEBIT,929.19,GBP,3216,CP5821,ONLINE,REFHSL8JPDVF4,2025-08-01 13:39:00+00:00
TXN0000000464,ACC00000161,2025-02-23 00:47:00+00:00,2024-01-08 01:42:00+00:00,DEBIT,411.57,GBP,2092,CP7969,ONLINE,REF7BAXU98DGX,2026-01-31 18:20:00+00:00
TXN0000000465,ACC00000029,2025-12-05 23:10:00+00:00,2024-03-23 03:42:00+00:00,CREDIT,497.24,USD,5072,CP4074,POS,REFYALAOZZ917,2025-08-18 16:37:00+00:00
TXN0000000466,ACC00000184,2025-12-24 00:03:00+00:00,2026-02-28 23:03:00+00:00,DEBIT,684.88,GBP,4569,CP9539,POS,REFW113W1ZBYI,2026-04-11 09:38:00+00:00
TXN0000000467,ACC00000394,2024-01-06 11:59:00+00:00,2024-03-26 10:27:00+00:00,CREDIT,364.71,GBP,1049,CP9246,ONLINE,REFBIVR1X0DHA,2024-01-04 00:38:00+00:00
TXN0000000468,ACC00000280,2024-07-20 23:10:00+00:00,2024-03-16 13:04:00+00:00,DEBIT,874.39,USD,6443,CP9530,POS,REFDEQVZKLQTH,2024-08-31 00:05:00+00:00
TXN0000000469,ACC00000065,2025-07-06 10:12:00+00:00,2025-08-22 14:12:00+00:00,CREDIT,94.73,USD,9420,,ONLINE,REFEGVP6U3T78,2024-05-20 22:06:00+00:00
TXN0000000470,ACC00000706,2025-07-11 12:12:00+00:00,2025-07-29 08:50:00+00:00,CREDIT,558.96,GBP,8189,CP3616,POS,REFH9CRQOVRAL,2025-04-05 11:00:00+00:00
TXN0000000471,ACC00000408,2024-04-08 00:20:00+00:00,2024-09-15 23:39:00+00:00,CREDIT,476.27,USD,3743,CP2216,POS,REFTEE3QI2OXZ,2024-05-19 11:10:00+00:00
TXN0000000472,ACC00000664,2025-10-08 01:20:00+00:00,2025-10-03 16:05:00+00:00,CREDIT,272.18,GBP,9321,CP7343,POS,REF5R1C20SKOX,2024-04-26 00:51:00+00:00
TXN0000000473,ACC00000318,2026-04-09 05:17:00+00:00,2024-05-22 02:54:00+00:00,CREDIT,594.81,USD,9606,CP7416,ATM,REFTPI98MELQZ,2024-07-03 23:08:00+00:00
TXN0000000474,ACC00000122,2024-09-07 16:57:00+00:00,2024-08-24 00:03:00+00:00,DEBIT,532.07,USD,1246,CP9773,BRANCH,REFTV7L07ECX9,2024-10-14 21:08:00+00:00
TXN0000000475,ACC00000006,2024-08-28 17:45:00+00:00,2025-11-19 23:35:00+00:00,DEBIT,222.24,GBP,3693,CP6192,ATM,REFVD6HAW6FKP,2024-03-01 03:17:00+00:00
TXN0000000476,ACC00000503,2024-01-02 11:35:00+00:00,2025-06-08 04:41:00+00:00,DEBIT,21.03,GBP,3562,,ONLINE,REF4VWXVP8QSW,2025-08-06 14:20:00+00:00
TXN0000000477,ACC00000499,2025-12-06 05:59:00+00:00,2026-02-21 06:33:00+00:00,DEBIT,902.56,EUR,6677,CP6509,ONLINE,REFUA9US7O9J1,2025-01-14 14:58:00+00:00
TXN0000000478,ACC00000213,2025-03-03 19:10:00+00:00,2024-11-06 21:24:00+00:00,DEBIT,1166.28,GBP,6466,CP6813,ATM,REFR5XJB683BT,2024-08-19 13:22:00+00:00
TXN0000000479,ACC00000300,2025-11-06 18:49:00+00:00,2026-05-02 18:39:00+00:00,CREDIT,452.71,GBP,9190,CP9230,ONLINE,REFKACDNRWRCI,2024-02-24 07:44:00+00:00
TXN0000000480,ACC00000311,2025-09-18 01:03:00+00:00,2024-02-22 21:43:00+00:00,CREDIT,71.52,USD,7526,,POS,REF7XSWAGJMA4,2025-12-31 17:53:00+00:00
TXN0000000481,ACC00000668,2025-04-06 12:34:00+00:00,2025-12-26 17:54:00+00:00,CREDIT,380.91,USD,4571,CP7899,POS,REFW77A79F39H,2025-07-16 23:36:00+00:00
TXN0000000482,ACC00000604,2025-12-15 13:10:00+00:00,2025-02-18 15:08:00+00:00,DEBIT,48.9,GBP,1903,CP5905,ONLINE,REF1IMBNC41J6,2026-01-31 17:42:00+00:00
TXN0000000483,ACC00000206,2026-04-22 14:48:00+00:00,2024-07-20 21:59:00+00:00,CREDIT,2392.4,GBP,9389,CP8921,ONLINE,REFRWTEEOX393,2024-11-01 16:49:00+00:00
TXN0000000484,ACC00000157,2025-03-22 07:54:00+00:00,2024-08-11 02:03:00+00:00,CREDIT,55.59,GBP,9562,,ONLINE,REFZINDXKUBNC,2024-08-23 21:43:00+00:00
TXN0000000485,ACC00000719,2024-08-20 05:54:00+00:00,2024-09-27 21:16:00+00:00,CREDIT,263.68,GBP,9806,CP7149,BRANCH,REFZPJDJK0X3H,2025-05-31 23:30:00+00:00
TXN0000000486,ACC00000315,2025-07-23 06:56:00+00:00,2025-06-25 03:31:00+00:00,DEBIT,516.32,USD,4527,CP1270,ATM,REFSKQDLRSBLS,2024-02-26 06:33:00+00:00
TXN0000000487,ACC00000521,2025-05-28 19:57:00+00:00,2025-11-23 14:40:00+00:00,DEBIT,6.58,GBP,9161,CP3473,POS,REFFXQIB8I0CP,2024-11-13 14:18:00+00:00
TXN0000000488,ACC00000362,2025-01-29 21:50:00+00:00,2024-09-07 20:26:00+00:00,DEBIT,516.06,USD,1522,CP4163,ATM,REF6SFZ0WWR85,2024-04-02 07:17:00+00:00
TXN0000000489,ACC00000357,2024-07-27 06:52:00+00:00,2025-01-06 10:46:00+00:00,CREDIT,1543.43,USD,8186,CP9054,ONLINE,REF0ITWZ3IJEP,2025-04-18 06:44:00+00:00
TXN0000000490,ACC00000775,2025-05-10 13:57:00+00:00,2025-03-05 02:38:00+00:00,DEBIT,1063.82,GBP,2121,CP7554,POS,REFZZ9NDXHF1F,2024-11-24 01:37:00+00:00
TXN0000000491,ACC00000538,2026-02-03 02:32:00+00:00,2024-05-21 04:04:00+00:00,CREDIT,1294.43,USD,1166,CP4999,POS,REFF1NMT3ZWW4,2025-10-08 16:27:00+00:00
TXN0000000492,ACC00000617,2024-12-10 20:07:00+00:00,2026-03-01 16:35:00+00:00,DEBIT,705.52,GBP,7839,CP2182,ONLINE,REFL90KT5F3QV,2024-04-29 07:03:00+00:00
TXN0000000493,ACC00000164,2025-10-08 17:58:00+00:00,2024-05-19 04:01:00+00:00,CREDIT,612.56,GBP,3087,CP8736,ONLINE,REF02SDSU5W45,2026-03-20 15:19:00+00:00
TXN0000000494,ACC00000091,2026-04-10 12:11:00+00:00,2025-02-24 06:48:00+00:00,CREDIT,707.82,GBP,4087,CP6423,POS,REFQCTEVWT6RO,2025-04-21 21:12:00+00:00
TXN0000000495,ACC00000310,2025-02-11 14:06:00+00:00,2024-03-24 16:46:00+00:00,DEBIT,2294.6,USD,2361,CP3254,ONLINE,REFDNMSAXWDSB,2025-04-05 01:11:00+00:00
TXN0000000496,ACC00000086,2024-09-10 13:35:00+00:00,2025-02-11 09:07:00+00:00,DEBIT,223.16,USD,6665,CP6370,ONLINE,REF99OCGCHQVI,2024-10-21 00:22:00+00:00
TXN0000000497,ACC00000747,2024-11-08 03:00:00+00:00,2025-05-07 12:04:00+00:00,CREDIT,381.27,GBP,5620,CP4700,POS,REFLQ43V3NJ3Z,2024-09-11 07:06:00+00:00
TXN0000000498,ACC00000165,2024-03-17 06:09:00+00:00,2025-10-15 20:40:00+00:00,CREDIT,1710.56,GBP,4683,CP2111,POS,REFE6VL133JBW,2025-01-02 09:42:00+00:00
TXN0000000499,ACC00000608,2025-11-10 16:50:00+00:00,2026-01-05 07:53:00+00:00,CREDIT,440.99,USD,6022,CP1313,ONLINE,REF2JO56O6L2D,2025-02-11 19:21:00+00:00
TXN0000000500,ACC00000589,2024-06-09 06:57:00+00:00,2024-01-30 04:12:00+00:00,DEBIT,654.14,USD,5810,CP9928,POS,REFIBZXABLD1G,2025-10-02 07:48:00+00:00
TXN0000000501,ACC00000239,2024-08-19 22:38:00+00:00,2025-02-27 08:48:00+00:00,DEBIT,416.5,GBP,2290,CP7809,POS,REFVKNZRVQ8ML,2025-02-24 09:58:00+00:00
TXN0000000502,ACC00000552,2024-06-05 03:43:00+00:00,2024-04-29 22:40:00+00:00,DEBIT,808.45,USD,9061,CP6800,ONLINE,REFXSKOUDFK3F,2024-04-10 05:12:00+00:00
TXN0000000503,ACC00000172,2025-07-07 16:46:00+00:00,2025-03-22 19:15:00+00:00,DEBIT,781.95,EUR,6083,CP6961,ONLINE,REFE8FGKVTR43,2025-03-24 13:12:00+00:00
TXN0000000504,ACC00000475,2024-08-17 11:57:00+00:00,2025-03-09 16:12:00+00:00,DEBIT,140.84,USD,8440,CP1786,ONLINE,REFIBN8W2QOIM,2024-12-20 20:57:00+00:00
TXN0000000505,ACC00000243,2024-07-10 14:47:00+00:00,2024-11-20 20:39:00+00:00,DEBIT,341.45,GBP,1050,CP1640,BRANCH,REFZA667PPXQX,2024-05-11 18:47:00+00:00
TXN0000000506,ACC00000372,2025-09-06 23:54:00+00:00,2025-08-28 02:26:00+00:00,CREDIT,55.83,GBP,9944,,POS,REFB3TT23MCGV,2024-08-15 12:21:00+00:00
TXN0000000507,ACC00000519,2024-03-05 16:30:00+00:00,2025-04-18 13:17:00+00:00,DEBIT,423.2,GBP,5673,CP2436,POS,REFTZTHZDSPIK,2024-12-14 13:37:00+00:00
TXN0000000508,ACC00000184,2024-11-29 22:48:00+00:00,2024-01-16 07:09:00+00:00,DEBIT,1317.52,EUR,9867,CP1359,POS,REFNYX2A5AMLH,2026-01-13 11:33:00+00:00
TXN0000000509,ACC00000713,2026-01-23 22:01:00+00:00,2024-08-18 18:42:00+00:00,DEBIT,1471.98,GBP,7504,CP7246,POS,REFEVBTMAUMYR,2025-08-07 08:55:00+00:00
TXN0000000510,ACC00000675,2025-02-19 15:31:00+00:00,2024-03-10 22:36:00+00:00,DEBIT,1081.85,USD,8995,CP1207,POS,REFL1PIXGV65F,2024-07-09 09:51:00+00:00
TXN0000000511,ACC00000174,2025-01-29 03:41:00+00:00,2026-01-21 07:42:00+00:00,CREDIT,1188.39,GBP,3032,CP9413,ATM,REFAIO5DHUSJ9,2025-03-10 04:02:00+00:00
TXN0000000512,ACC00000020,2024-02-14 13:48:00+00:00,2024-07-02 10:08:00+00:00,DEBIT,1275.73,GBP,2831,,ONLINE,REFUDJJP19B4G,2025-09-27 15:14:00+00:00
TXN0000000513,ACC00000010,2025-10-06 23:23:00+00:00,2026-03-18 17:09:00+00:00,CREDIT,916.04,USD,8206,CP3562,ONLINE,REFM0WVGGDIYW,2024-05-11 21:31:00+00:00
TXN0000000514,ACC00000664,2026-04-25 18:10:00+00:00,2025-10-12 12:51:00+00:00,DEBIT,544.09,USD,3594,CP4459,ONLINE,REFFZDSS5871F,2026-03-11 10:57:00+00:00
TXN0000000515,ACC00000689,2024-01-07 20:57:00+00:00,2025-04-10 03:11:00+00:00,CREDIT,282.52,GBP,5802,CP9255,POS,REFV5TQH61X4V,2026-02-24 16:09:00+00:00
TXN0000000516,ACC00000166,2025-07-05 16:06:00+00:00,2025-01-24 19:15:00+00:00,CREDIT,50.31,GBP,9657,,POS,REFIEDP5E35P4,2026-03-12 10:07:00+00:00
TXN0000000517,ACC00000758,2025-10-31 08:15:00+00:00,2025-04-17 18:16:00+00:00,CREDIT,1707.53,USD,6180,CP9378,ONLINE,REFQ0PCQEPXUZ,2024-10-14 20:15:00+00:00
TXN0000000518,ACC00000311,2026-02-27 02:39:00+00:00,2025-09-11 19:36:00+00:00,DEBIT,556.44,EUR,7178,CP3543,ONLINE,REFRPLXVRFPNR,2024-09-16 21:06:00+00:00
TXN0000000519,ACC00000262,2024-05-10 14:38:00+00:00,2024-11-24 05:59:00+00:00,DEBIT,730.41,GBP,4925,CP9013,ONLINE,REF6BAEDVLZN3,2025-01-24 06:14:00+00:00
TXN0000000520,ACC00000788,2025-03-31 13:07:00+00:00,2024-07-09 10:11:00+00:00,DEBIT,1042.58,USD,5195,,POS,REFX1OSG1QBF7,2024-11-20 00:05:00+00:00
TXN0000000521,ACC00000482,2025-04-16 16:44:00+00:00,2025-09-21 13:48:00+00:00,DEBIT,496.49,GBP,4310,CP7745,BRANCH,REF76X8X2NQJU,2025-07-14 16:12:00+00:00
TXN0000000522,ACC00000133,2024-04-23 11:37:00+00:00,2024-09-20 08:19:00+00:00,DEBIT,363.39,GBP,7922,CP7397,POS,REF6IKKGEFG33,2025-03-11 00:46:00+00:00
TXN0000000523,ACC00000394,2025-03-05 18:54:00+00:00,2025-12-01 16:17:00+00:00,CREDIT,426.37,EUR,7122,CP1709,BRANCH,REF7AYHEBKKXA,2025-01-18 22:03:00+00:00
TXN0000000524,ACC00000449,2025-06-30 20:15:00+00:00,2026-02-17 07:51:00+00:00,DEBIT,51.78,GBP,1770,CP9830,ONLINE,REFMKJ3GG86VE,2025-01-18 20:48:00+00:00
TXN0000000525,ACC00000229,2025-07-08 22:19:00+00:00,2026-02-03 20:27:00+00:00,CREDIT,500.94,USD,5106,CP3980,ATM,REFCFG1HQGA5T,2024-08-28 10:29:00+00:00
TXN0000000526,ACC00000790,2024-12-24 21:31:00+00:00,2026-02-24 22:46:00+00:00,DEBIT,743.48,EUR,2709,CP2535,POS,REFZK8RN2W3MN,2024-08-22 22:27:00+00:00
TXN0000000527,ACC00000686,2024-07-01 23:43:00+00:00,2025-07-09 13:32:00+00:00,CREDIT,563.48,GBP,7841,CP9288,POS,REFV2KF2RUNVR,2026-04-21 18:48:00+00:00
TXN0000000528,ACC00000199,2024-01-18 22:52:00+00:00,2024-04-25 03:04:00+00:00,CREDIT,810.0,GBP,3314,CP6732,POS,REF16011JDIAS,2025-11-11 13:32:00+00:00
TXN0000000529,ACC00000494,2026-01-19 04:44:00+00:00,2024-11-12 07:14:00+00:00,CREDIT,1023.34,USD,7419,CP2548,ONLINE,REF12PBFMVDU1,2026-03-14 14:45:00+00:00
TXN0000000530,ACC00000708,2025-02-04 12:23:00+00:00,2024-02-17 13:16:00+00:00,DEBIT,484.54,GBP,8457,CP8900,ONLINE,REFSYJ4645YU4,2024-06-23 15:18:00+00:00
TXN0000000531,ACC00000683,2025-12-13 12:34:00+00:00,2024-01-25 19:45:00+00:00,DEBIT,1154.93,USD,3924,CP6993,ONLINE,REFOZY8OOGBPF,2025-03-28 11:58:00+00:00
TXN0000000532,ACC00000496,2025-01-28 05:39:00+00:00,2025-06-16 00:20:00+00:00,CREDIT,834.07,USD,5358,CP4080,ATM,REF2L9ICO4F0K,2025-07-16 09:32:00+00:00
TXN0000000533,ACC00000686,2024-12-28 18:53:00+00:00,2025-07-29 15:30:00+00:00,DEBIT,83.41,USD,1177,CP2420,POS,REFSMRVX9K1KK,2025-05-25 22:26:00+00:00
TXN0000000534,ACC00000758,2024-04-06 04:20:00+00:00,2024-03-28 10:20:00+00:00,CREDIT,626.83,USD,9281,CP2129,POS,REFPYULPBQ3JK,2026-04-26 02:04:00+00:00
TXN0000000535,ACC00000745,2025-04-03 06:19:00+00:00,2025-12-20 11:38:00+00:00,DEBIT,949.34,GBP,7216,CP4611,ATM,REFLQJEXGFVCT,2024-06-07 20:36:00+00:00
TXN0000000536,ACC00000243,2025-09-23 16:37:00+00:00,2025-11-22 21:50:00+00:00,DEBIT,753.22,GBP,3686,CP7190,ONLINE,REFN9V7SCZM3Z,2025-05-04 19:49:00+00:00
TXN0000000537,ACC00000306,2025-08-02 05:21:00+00:00,2025-12-11 01:49:00+00:00,CREDIT,756.97,EUR,9068,CP6007,BRANCH,REFVLCSPU3QT7,2024-10-30 06:10:00+00:00
TXN0000000538,ACC00000455,2024-11-29 07:38:00+00:00,2025-10-17 12:44:00+00:00,CREDIT,822.36,EUR,1930,CP4223,ONLINE,REFC0YP1USAZN,2025-01-09 10:34:00+00:00
TXN0000000539,ACC00000128,2024-10-06 21:27:00+00:00,2024-06-19 15:33:00+00:00,DEBIT,2777.48,USD,2365,CP5619,ONLINE,REFRSFU0V9L1R,2025-07-14 09:19:00+00:00
TXN0000000540,ACC00000043,2025-10-05 20:00:00+00:00,2025-05-05 19:03:00+00:00,DEBIT,2351.85,USD,5040,CP4813,ONLINE,REF6QSQGSCMLG,2024-01-12 09:38:00+00:00
TXN0000000541,ACC00000173,2026-02-21 14:47:00+00:00,2024-06-24 11:36:00+00:00,CREDIT,1268.12,GBP,3337,CP3321,BRANCH,REFWWIRVL67Y7,2024-06-21 12:03:00+00:00
TXN0000000542,ACC00000153,2024-11-01 04:37:00+00:00,2024-04-10 22:09:00+00:00,CREDIT,939.01,GBP,2655,CP8629,POS,REFEJBOK340RW,2026-01-29 23:52:00+00:00
TXN0000000543,ACC00000339,2025-09-14 00:28:00+00:00,2024-01-17 22:46:00+00:00,CREDIT,915.62,USD,7097,CP5394,ONLINE,REFX0YGUSOSN3,2024-08-07 09:17:00+00:00
TXN0000000544,ACC00000702,2024-10-01 20:30:00+00:00,2024-09-29 12:15:00+00:00,DEBIT,1262.53,USD,7523,CP7483,POS,REFMOBA82QV6Q,2025-06-12 06:32:00+00:00
TXN0000000545,ACC00000061,2024-05-26 19:26:00+00:00,2025-04-24 05:07:00+00:00,CREDIT,466.63,GBP,7944,CP2057,POS,REFZ093YCTWXD,2025-05-26 02:51:00+00:00
TXN0000000546,ACC00000334,2025-03-09 18:19:00+00:00,2025-02-26 05:56:00+00:00,DEBIT,1494.57,GBP,8353,CP6391,POS,REFJMS4OMG7ZT,2026-04-06 15:27:00+00:00
TXN0000000547,ACC00000018,2024-03-05 14:36:00+00:00,2026-01-11 12:25:00+00:00,CREDIT,1503.93,GBP,2013,CP7536,POS,REF9MBTHP3E36,2024-01-22 04:31:00+00:00
TXN0000000548,ACC00000617,2025-09-25 12:31:00+00:00,2026-01-12 00:13:00+00:00,CREDIT,375.87,USD,2032,CP2263,ONLINE,REFJEA1JZDZ1S,2025-09-18 21:36:00+00:00
TXN0000000549,ACC00000719,2024-01-23 17:00:00+00:00,2024-05-29 06:20:00+00:00,DEBIT,426.17,GBP,2255,CP1054,ONLINE,REFWFQI2O80TB,2025-12-11 06:46:00+00:00
TXN0000000550,ACC00000242,2025-07-20 19:29:00+00:00,2025-06-04 09:04:00+00:00,DEBIT,187.96,GBP,9369,CP7273,POS,REFAIZFGLLALZ,2025-01-03 03:27:00+00:00
TXN0000000551,ACC00000211,2024-11-10 21:43:00+00:00,2025-07-02 00:11:00+00:00,DEBIT,105.93,USD,8620,CP1942,ATM,REFARZ83XPB5B,2024-10-04 02:54:00+00:00
TXN0000000552,ACC00000745,2025-05-24 08:35:00+00:00,2025-09-29 10:22:00+00:00,CREDIT,2526.28,USD,2945,CP9378,POS,REFAX6JFN7SOB,2024-07-21 02:52:00+00:00
TXN0000000553,ACC00000710,2024-12-26 21:39:00+00:00,2025-11-04 19:37:00+00:00,DEBIT,1792.27,GBP,8614,CP8009,POS,REFVOEFBGYEWS,2026-04-25 14:43:00+00:00
TXN0000000554,ACC00000641,2025-08-07 09:25:00+00:00,2025-08-04 15:29:00+00:00,CREDIT,90.92,USD,2821,CP2247,POS,REFMORSZRENEN,2024-03-19 02:05:00+00:00
TXN0000000555,ACC00000164,2024-10-09 02:32:00+00:00,2026-02-27 07:46:00+00:00,DEBIT,93.29,GBP,1118,CP9927,ATM,REFEPROABQTYH,2025-06-05 10:45:00+00:00
TXN0000000556,ACC00000736,2024-07-17 19:51:00+00:00,2025-04-11 18:12:00+00:00,CREDIT,838.11,GBP,5387,CP7240,ONLINE,REFAEBYJUMMJ5,2025-11-15 22:20:00+00:00
TXN0000000557,ACC00000596,2025-05-31 09:07:00+00:00,2025-09-08 11:31:00+00:00,DEBIT,2484.4,USD,6465,CP5657,ATM,REF0HY9710S2W,2025-12-09 03:18:00+00:00
TXN0000000558,ACC00000546,2025-02-24 14:15:00+00:00,2025-08-15 10:48:00+00:00,DEBIT,890.69,GBP,3600,CP8718,POS,REFJLN4UPX7WN,2025-11-05 12:14:00+00:00
TXN0000000559,ACC00000025,2024-10-22 14:33:00+00:00,2024-12-20 02:36:00+00:00,DEBIT,833.66,GBP,1738,CP8413,ONLINE,REF10WCXYCYJN,2024-06-09 18:06:00+00:00
TXN0000000560,ACC00000745,2025-10-07 10:13:00+00:00,2025-10-20 04:16:00+00:00,DEBIT,642.43,GBP,8804,CP9867,POS,REFYHPIZCTVP3,2024-10-11 12:13:00+00:00
TXN0000000561,ACC00000382,2025-02-12 23:37:00+00:00,2026-01-07 14:17:00+00:00,DEBIT,286.34,GBP,2286,CP3448,POS,REF4QT3KSK4DP,2025-10-24 12:08:00+00:00
TXN0000000562,ACC00000012,2025-07-03 17:06:00+00:00,2025-11-29 02:04:00+00:00,CREDIT,1098.73,USD,9449,CP9159,ONLINE,REFG9IPLY1LK3,2024-04-05 07:00:00+00:00
TXN0000000563,ACC00000069,2025-01-24 09:49:00+00:00,2024-03-06 15:43:00+00:00,CREDIT,180.97,EUR,1366,CP3192,ONLINE,REF92OT1EJEZL,2024-12-16 11:47:00+00:00
TXN0000000564,ACC00000188,2025-08-21 17:01:00+00:00,2024-08-09 12:59:00+00:00,DEBIT,52.97,GBP,3455,CP9130,POS,REFGIS5FBLKAR,2026-04-08 21:30:00+00:00
TXN0000000565,ACC00000696,2024-09-28 09:20:00+00:00,2025-04-11 00:13:00+00:00,CREDIT,632.85,USD,3825,CP2832,ONLINE,REFK761JFA3LV,2025-06-05 05:54:00+00:00
TXN0000000566,ACC00000464,2024-01-11 19:10:00+00:00,2025-12-28 16:27:00+00:00,DEBIT,1631.26,GBP,2290,CP8001,BRANCH,REFFZR4XXN3YD,2025-02-19 05:36:00+00:00
TXN0000000567,ACC00000446,2025-11-09 20:32:00+00:00,2024-05-31 11:25:00+00:00,CREDIT,1497.55,EUR,4969,CP5993,ONLINE,REF0NQ9L6N5L8,2025-05-11 10:38:00+00:00
TXN0000000568,ACC00000217,2026-04-05 12:56:00+00:00,2025-10-30 14:55:00+00:00,DEBIT,618.6,GBP,2714,CP7110,POS,REFVLSHY7AI60,2025-07-02 14:36:00+00:00
TXN0000000569,ACC00000563,2024-01-11 10:10:00+00:00,2025-03-17 03:06:00+00:00,CREDIT,508.29,USD,7514,CP3498,POS,REF0OM13LF0RR,2025-03-06 02:39:00+00:00
TXN0000000570,ACC00000384,2024-05-01 01:10:00+00:00,2024-06-13 11:35:00+00:00,DEBIT,836.31,USD,1530,CP5786,ONLINE,REFZ4AS5LU8V2,2024-08-23 03:53:00+00:00
TXN0000000571,ACC00000586,2025-02-12 04:29:00+00:00,2024-10-25 23:54:00+00:00,DEBIT,382.72,GBP,6131,CP7415,ONLINE,REFBLZNXA0KG7,2024-12-05 13:11:00+00:00
TXN0000000572,ACC00000123,2024-02-10 12:25:00+00:00,2024-06-13 06:13:00+00:00,DEBIT,1502.49,USD,1572,CP9947,ONLINE,REF1BQ6JDQYMA,2024-04-09 08:58:00+00:00
TXN0000000573,ACC00000053,2024-10-23 17:38:00+00:00,2024-02-01 00:34:00+00:00,DEBIT,1146.12,USD,4126,CP4200,ONLINE,REFEBTMHWY5JS,2025-08-23 15:21:00+00:00
TXN0000000574,ACC00000543,2024-03-03 00:53:00+00:00,2024-02-13 11:25:00+00:00,CREDIT,689.24,EUR,6119,CP7942,ATM,REFFWI622J4Y6,2026-04-06 15:18:00+00:00
TXN0000000575,ACC00000024,2025-07-11 05:17:00+00:00,2024-09-12 01:47:00+00:00,DEBIT,52.71,GBP,7304,CP5969,ATM,REFS7RQG8G2QP,2025-08-18 19:08:00+00:00
TXN0000000576,ACC00000398,2025-07-01 08:22:00+00:00,2025-06-04 22:09:00+00:00,DEBIT,288.73,USD,2785,CP1369,POS,REFCPHEN6X2W6,2024-12-28 12:02:00+00:00
TXN0000000577,ACC00000665,2025-06-16 03:49:00+00:00,2025-08-14 05:40:00+00:00,DEBIT,350.21,GBP,2472,CP9560,ATM,REF6Y0QCTMMOJ,2025-10-06 07:31:00+00:00
TXN0000000578,ACC00000330,2024-08-14 00:35:00+00:00,2024-09-15 20:35:00+00:00,DEBIT,1174.44,GBP,8760,CP5975,POS,REF0PNEPBGHIH,2024-11-27 03:17:00+00:00
TXN0000000579,ACC00000779,2025-07-06 18:35:00+00:00,2024-05-22 16:29:00+00:00,DEBIT,923.61,USD,4898,CP6794,POS,REF6ZN7Q6DE7U,2026-02-05 05:03:00+00:00
TXN0000000580,ACC00000462,2024-07-13 21:51:00+00:00,2024-08-16 05:51:00+00:00,DEBIT,1472.71,GBP,5839,CP8446,ONLINE,REFAXIRUBMF27,2025-06-28 21:59:00+00:00
TXN0000000581,ACC00000036,2024-02-12 10:30:00+00:00,2024-04-23 01:56:00+00:00,DEBIT,1480.55,EUR,2472,CP2075,POS,REFRAEQRG7W0Y,2025-01-11 20:36:00+00:00
TXN0000000582,ACC00000051,2024-11-08 21:52:00+00:00,2025-04-28 21:45:00+00:00,CREDIT,560.29,EUR,8904,CP7949,ONLINE,REFYU6RF2SFNA,2025-03-12 15:13:00+00:00
TXN0000000583,ACC00000616,2025-07-07 17:15:00+00:00,2025-06-18 16:12:00+00:00,CREDIT,1651.43,GBP,5206,CP8681,ONLINE,REF4H07NK98PF,2025-09-26 17:53:00+00:00
TXN0000000584,ACC00000225,2025-09-25 19:47:00+00:00,2024-03-26 05:40:00+00:00,DEBIT,852.16,USD,2441,CP9673,ONLINE,REFINE982VHFM,2025-01-16 05:24:00+00:00
TXN0000000585,ACC00000226,2025-04-30 08:53:00+00:00,2025-03-27 07:45:00+00:00,CREDIT,2101.43,GBP,5568,,POS,REFUGH9VWIDV8,2025-03-01 09:13:00+00:00
TXN0000000586,ACC00000384,2026-01-31 03:35:00+00:00,2025-03-13 11:48:00+00:00,DEBIT,87.95,GBP,7679,CP2374,ONLINE,REFY8MD0MX8U2,2026-03-28 02:46:00+00:00
TXN0000000587,ACC00000642,2024-12-21 13:55:00+00:00,2024-10-24 17:22:00+00:00,DEBIT,612.63,GBP,6659,CP1349,ATM,REFF7BUEYP5VM,2024-09-22 13:37:00+00:00
TXN0000000588,ACC00000020,2024-08-30 00:09:00+00:00,2024-06-01 05:00:00+00:00,CREDIT,442.24,GBP,6967,CP4713,POS,REFBBS4WD9EBO,2025-06-26 01:14:00+00:00
TXN0000000589,ACC00000218,2025-04-02 11:58:00+00:00,2025-04-28 04:00:00+00:00,CREDIT,507.91,GBP,5915,CP8881,POS,REFUBIJ859O3Q,2025-03-10 11:35:00+00:00
TXN0000000590,ACC00000698,2024-01-14 01:00:00+00:00,2024-03-06 19:28:00+00:00,DEBIT,692.85,GBP,6368,CP7597,BRANCH,REF2S7VZ42PNA,2024-09-18 09:33:00+00:00
TXN0000000591,ACC00000188,2024-08-05 01:43:00+00:00,2024-01-24 17:18:00+00:00,CREDIT,119.86,GBP,2407,CP2479,ONLINE,REFUBHUIU30Y7,2024-09-16 22:15:00+00:00
TXN0000000592,ACC00000359,2024-12-19 23:24:00+00:00,2024-05-21 17:30:00+00:00,DEBIT,2407.86,GBP,4003,CP5654,POS,REFCJOA9656VH,2024-12-26 17:34:00+00:00
TXN0000000593,ACC00000002,2026-02-17 21:25:00+00:00,2024-09-16 21:04:00+00:00,DEBIT,677.43,GBP,5052,CP9181,POS,REFWZFG582BL9,2026-04-18 10:37:00+00:00
TXN0000000594,ACC00000521,2024-04-14 18:56:00+00:00,2025-03-23 21:45:00+00:00,DEBIT,20.72,EUR,4382,CP8386,ONLINE,REF1R4L1D7KAD,2025-06-11 01:41:00+00:00
TXN0000000595,ACC00000699,2026-03-08 19:22:00+00:00,2024-06-13 15:39:00+00:00,CREDIT,17.84,GBP,6574,CP8599,ATM,REFC5R25ECRIL,2025-04-27 03:08:00+00:00
TXN0000000596,ACC00000669,2025-10-22 06:01:00+00:00,2025-12-15 13:48:00+00:00,DEBIT,417.85,GBP,6966,CP7281,POS,REFMYK50PY7RN,2024-08-11 13:01:00+00:00
TXN0000000597,ACC00000349,2025-01-01 12:18:00+00:00,2024-08-02 20:25:00+00:00,DEBIT,996.81,GBP,2228,CP7693,ONLINE,REFJDWG2LKC2M,2025-08-12 16:54:00+00:00
TXN0000000598,ACC00000762,2024-04-09 17:16:00+00:00,2024-11-30 02:10:00+00:00,CREDIT,717.23,GBP,7799,CP9184,ONLINE,REFWEW3L2M093,2025-01-07 16:05:00+00:00
TXN0000000599,ACC00000391,2026-02-24 18:12:00+00:00,2025-10-01 23:46:00+00:00,CREDIT,425.62,GBP,5942,CP2313,POS,REF87IA8EGQVK,2024-09-07 23:15:00+00:00
TXN0000000600,ACC00000186,2026-04-25 14:34:00+00:00,2024-12-01 11:21:00+00:00,CREDIT,303.22,GBP,2427,CP8902,ATM,REFN64CL4QPUE,2026-02-22 07:45:00+00:00
TXN0000000601,ACC00000679,2025-11-11 09:27:00+00:00,2024-04-03 21:45:00+00:00,CREDIT,1432.08,GBP,6717,CP4718,POS,REFH1ERDNQL8D,2026-01-04 08:36:00+00:00
TXN0000000602,ACC00000038,2025-04-04 18:03:00+00:00,2024-01-20 00:23:00+00:00,DEBIT,126.52,GBP,7728,CP8082,ATM,REFLRLQBDIXA1,2025-12-08 06:11:00+00:00
TXN0000000603,ACC00000292,2025-05-29 15:58:00+00:00,2024-03-23 01:32:00+00:00,CREDIT,794.63,GBP,7654,CP8228,ONLINE,REF4OXXUYE1JK,2024-05-08 19:02:00+00:00
TXN0000000604,ACC00000479,2026-01-08 00:41:00+00:00,2024-04-27 19:19:00+00:00,DEBIT,1924.05,EUR,4168,CP6639,POS,REF6ZIJ9BLC72,2025-03-15 00:33:00+00:00
TXN0000000605,ACC00000366,2024-05-01 16:30:00+00:00,2025-12-06 17:49:00+00:00,DEBIT,663.46,GBP,1385,CP8953,ONLINE,REFK2VVOOFIIH,2024-01-05 19:05:00+00:00
TXN0000000606,ACC00000378,2024-06-14 13:56:00+00:00,2024-09-19 22:08:00+00:00,DEBIT,221.61,GBP,4217,CP4574,BRANCH,REFEFOG5WJ60L,2025-09-02 13:19:00+00:00
TXN0000000607,ACC00000132,2025-10-20 01:01:00+00:00,2024-05-11 13:56:00+00:00,DEBIT,626.09,GBP,7256,CP5639,ONLINE,REFZNPYEVQ2WO,2025-08-13 11:46:00+00:00
TXN0000000608,ACC00000527,2024-04-25 20:48:00+00:00,2024-06-26 06:44:00+00:00,DEBIT,21.29,GBP,4273,CP1957,ONLINE,REFY7PH5UPQLJ,2024-10-03 13:47:00+00:00
TXN0000000609,ACC00000298,2024-07-27 13:23:00+00:00,2024-02-18 00:13:00+00:00,CREDIT,16.61,GBP,4812,CP3496,POS,REFQZSC4VLZFC,2025-12-14 07:50:00+00:00
TXN0000000610,ACC00000441,2025-12-05 03:03:00+00:00,2025-03-04 00:28:00+00:00,DEBIT,446.97,GBP,9397,CP2659,ATM,REFMA21NTH5YQ,2025-06-05 05:10:00+00:00
TXN0000000611,ACC00000117,2024-08-24 08:58:00+00:00,2024-05-17 04:15:00+00:00,DEBIT,1650.46,GBP,7751,CP3991,ONLINE,REF6HCRGE9KS9,2024-04-21 20:50:00+00:00
TXN0000000612,ACC00000589,2024-10-29 09:16:00+00:00,2024-11-25 01:09:00+00:00,CREDIT,221.02,USD,6041,CP7804,POS,REF8QI29ETQM4,2026-01-05 07:26:00+00:00
TXN0000000613,ACC00000278,2024-05-14 19:38:00+00:00,2026-02-02 20:33:00+00:00,DEBIT,46.01,GBP,9338,CP7876,ONLINE,REFQ9XLGD2KZC,2024-03-25 02:36:00+00:00
TXN0000000614,ACC00000140,2024-02-14 12:30:00+00:00,2024-08-24 00:45:00+00:00,DEBIT,214.0,USD,7547,CP3663,ATM,REF3XJ6MN4VDQ,2026-02-12 19:50:00+00:00
TXN0000000615,ACC00000322,2024-10-07 21:21:00+00:00,2024-07-13 21:17:00+00:00,DEBIT,496.7,EUR,6452,CP8453,ONLINE,REFYJDQPX1UGJ,2025-07-11 21:02:00+00:00
TXN0000000616,ACC00000374,2025-03-08 17:57:00+00:00,2025-11-30 04:56:00+00:00,DEBIT,405.82,USD,1312,CP9262,ONLINE,REFZGWSPEFY44,2024-02-25 20:18:00+00:00
TXN0000000617,ACC00000278,2025-02-14 11:10:00+00:00,2026-04-18 20:17:00+00:00,DEBIT,117.16,GBP,1893,CP4914,POS,REF0FIXZPTYXR,2024-05-05 09:51:00+00:00
TXN0000000618,ACC00000234,2024-11-04 01:24:00+00:00,2024-07-21 14:21:00+00:00,CREDIT,1481.15,USD,8314,CP3912,ATM,REFFUUVNV295V,2025-09-30 18:39:00+00:00
TXN0000000619,ACC00000652,2024-05-25 04:07:00+00:00,2026-04-06 06:36:00+00:00,CREDIT,2209.38,GBP,5826,CP4407,ATM,REFRTW8IJFS14,2026-03-24 01:50:00+00:00
TXN0000000620,ACC00000602,2024-11-27 11:39:00+00:00,2024-04-27 13:49:00+00:00,CREDIT,535.29,EUR,5291,CP4267,ONLINE,REFVYWNPVZRMK,2025-05-07 15:46:00+00:00
TXN0000000621,ACC00000396,2025-09-03 13:55:00+00:00,2025-08-09 04:54:00+00:00,CREDIT,794.49,GBP,4420,,ATM,REFSJ4LNY4EIY,2025-07-07 12:02:00+00:00
TXN0000000622,ACC00000434,2025-05-04 04:20:00+00:00,2025-07-27 00:55:00+00:00,CREDIT,297.83,GBP,6334,CP9464,ONLINE,REFPPFPQ8ASZL,2026-02-23 06:58:00+00:00
TXN0000000623,ACC00000289,2025-03-11 05:11:00+00:00,2025-09-12 03:55:00+00:00,DEBIT,433.74,GBP,3938,CP4169,BRANCH,REFPO23C55KWN,2025-08-13 19:35:00+00:00
TXN0000000624,ACC00000346,2024-07-04 03:38:00+00:00,2025-03-01 22:25:00+00:00,DEBIT,884.15,GBP,6194,CP9194,ATM,REFO8PH66UQVA,2024-07-16 06:30:00+00:00
TXN0000000625,ACC00000482,2024-01-09 10:15:00+00:00,2024-08-14 03:27:00+00:00,CREDIT,1073.89,GBP,1023,CP3069,ONLINE,REFPAAOPZ41YY,2025-03-13 02:15:00+00:00
TXN0000000626,ACC00000708,2024-08-08 20:41:00+00:00,2026-03-14 13:39:00+00:00,CREDIT,819.77,USD,2053,CP1732,BRANCH,REFE70323RH5L,2025-03-03 15:38:00+00:00
TXN0000000627,ACC00000267,2025-11-06 09:28:00+00:00,2025-01-29 17:30:00+00:00,CREDIT,398.97,GBP,2435,CP8352,POS,REFAJAZUCX030,2024-04-28 10:01:00+00:00
TXN0000000628,ACC00000287,2026-03-23 00:16:00+00:00,2026-01-14 21:19:00+00:00,DEBIT,1051.52,USD,7770,CP8514,ATM,REF5OUL9VZAFZ,2025-06-15 07:48:00+00:00
TXN0000000629,ACC00000374,2025-05-25 09:30:00+00:00,2024-01-10 07:13:00+00:00,CREDIT,418.13,GBP,6994,CP7069,ONLINE,REF4JBVL2DRGH,2024-06-29 03:18:00+00:00
TXN0000000630,ACC00000603,2025-02-02 09:34:00+00:00,2024-01-02 08:23:00+00:00,DEBIT,24.47,USD,4784,CP2413,POS,REFVVQ4K3HO8G,2024-07-29 22:05:00+00:00
TXN0000000631,ACC00000690,2024-10-22 21:50:00+00:00,2024-10-12 08:04:00+00:00,CREDIT,200.96,GBP,7514,CP8678,POS,REFQHC3HS3XR5,2025-12-20 00:28:00+00:00
TXN0000000632,ACC00000132,2024-11-29 11:38:00+00:00,2024-01-20 12:06:00+00:00,DEBIT,261.39,USD,5254,CP1243,ONLINE,REFLP23MXOI7Y,2024-12-05 07:47:00+00:00
TXN0000000633,ACC00000035,2024-08-16 19:27:00+00:00,2025-03-22 12:16:00+00:00,DEBIT,698.3,GBP,8553,,ONLINE,REF72V0EKDQ1V,2025-07-30 22:21:00+00:00
TXN0000000634,ACC00000406,2024-11-30 05:06:00+00:00,2025-08-17 14:00:00+00:00,DEBIT,1.85,USD,1322,CP9896,POS,REF8ESZ5LUG0H,2025-04-28 23:40:00+00:00
TXN0000000635,ACC00000688,2026-04-23 07:34:00+00:00,2024-02-01 21:34:00+00:00,CREDIT,630.65,GBP,7436,CP5186,POS,REF7LVXLW7LHQ,2025-04-06 08:57:00+00:00
TXN0000000636,ACC00000501,2024-08-18 10:00:00+00:00,2024-10-21 09:50:00+00:00,DEBIT,1784.41,GBP,8129,CP5795,ONLINE,REF2XYXUBVMEC,2025-07-27 14:23:00+00:00
TXN0000000637,ACC00000480,2025-05-15 02:08:00+00:00,2026-01-22 10:35:00+00:00,CREDIT,492.75,GBP,7996,,ONLINE,REFJ6CT073GUA,2024-12-05 21:33:00+00:00
TXN0000000638,ACC00000433,2024-10-21 10:46:00+00:00,2024-01-29 03:21:00+00:00,DEBIT,848.07,GBP,8862,CP5516,ONLINE,REF62QHGENYPV,2024-12-02 16:10:00+00:00
TXN0000000639,ACC00000666,2024-12-22 06:06:00+00:00,2026-01-16 20:06:00+00:00,DEBIT,988.84,GBP,8953,CP8986,ONLINE,REF1YZSXHRAUR,2024-12-27 23:38:00+00:00
TXN0000000640,ACC00000128,2024-06-19 22:53:00+00:00,2025-05-16 13:19:00+00:00,DEBIT,1285.09,USD,9311,CP6753,POS,REFHD91W3WRRD,2026-04-25 16:41:00+00:00
TXN0000000641,ACC00000639,2025-09-02 01:00:00+00:00,2024-05-26 18:26:00+00:00,DEBIT,157.1,GBP,2623,,POS,REFU2PLCFOJD2,2024-07-06 06:41:00+00:00
TXN0000000642,ACC00000112,2026-01-28 07:25:00+00:00,2026-04-30 22:10:00+00:00,CREDIT,463.65,GBP,4407,CP7444,BRANCH,REF7ID7SBJ7TF,2025-04-08 14:08:00+00:00
TXN0000000643,ACC00000654,2024-05-10 21:11:00+00:00,2025-06-12 00:37:00+00:00,CREDIT,210.39,GBP,5337,CP3717,POS,REFMNPGT71K4F,2024-04-14 08:36:00+00:00
TXN0000000644,ACC00000165,2024-04-03 02:59:00+00:00,2024-05-12 09:06:00+00:00,DEBIT,227.65,USD,2056,CP4280,ONLINE,REF2Q8EWK8NR3,2024-01-24 04:03:00+00:00
TXN0000000645,ACC00000555,2026-01-04 15:15:00+00:00,2024-05-01 11:00:00+00:00,DEBIT,1441.17,USD,6061,,POS,REFTQJKCOAZ83,2026-02-26 06:35:00+00:00
TXN0000000646,ACC00000066,2026-03-08 20:09:00+00:00,2024-11-21 00:41:00+00:00,DEBIT,201.37,GBP,6606,CP7135,POS,REFR6XRJG90MB,2024-05-29 17:33:00+00:00
TXN0000000647,ACC00000336,2025-10-10 14:31:00+00:00,2025-09-16 13:39:00+00:00,DEBIT,982.33,USD,3452,CP9342,ONLINE,REFB12JHMPA5M,2025-09-07 13:43:00+00:00
TXN0000000648,ACC00000090,2024-06-09 13:49:00+00:00,2025-08-09 22:26:00+00:00,DEBIT,1622.4,USD,5489,CP9748,BRANCH,REF21JYGHPO1V,2024-03-27 05:19:00+00:00
TXN0000000649,ACC00000402,2024-10-04 17:41:00+00:00,2024-04-11 23:46:00+00:00,CREDIT,294.08,GBP,5513,CP6498,ONLINE,REFGKEYUXFDLU,2024-05-15 03:59:00+00:00
TXN0000000650,ACC00000034,2025-07-12 23:15:00+00:00,2026-03-02 06:07:00+00:00,DEBIT,454.07,GBP,9971,CP3458,POS,REFUUO0QBSMJ0,2025-03-03 23:21:00+00:00
TXN0000000651,ACC00000084,2025-09-24 11:35:00+00:00,2024-12-03 05:45:00+00:00,DEBIT,742.98,GBP,8097,CP3064,ONLINE,REFESPVXWAYJZ,2025-01-03 02:07:00+00:00
TXN0000000652,ACC00000004,2024-11-24 22:43:00+00:00,2024-12-05 11:10:00+00:00,DEBIT,976.17,GBP,5500,CP1856,BRANCH,REFNLFPH1KT03,2025-03-05 23:10:00+00:00
TXN0000000653,ACC00000748,2024-11-24 17:20:00+00:00,2025-12-15 07:44:00+00:00,DEBIT,316.42,GBP,2062,,POS,REFV0JBUKXPOZ,2026-02-28 17:02:00+00:00
TXN0000000654,ACC00000532,2024-06-24 05:37:00+00:00,2024-06-15 04:42:00+00:00,CREDIT,568.48,GBP,6183,CP6676,POS,REFRYLYD8UE15,2026-01-20 01:36:00+00:00
TXN0000000655,ACC00000132,2025-11-15 09:10:00+00:00,2026-03-23 17:59:00+00:00,DEBIT,153.08,GBP,4540,CP8836,POS,REFY3PMYQI0BF,2025-10-23 10:59:00+00:00
TXN0000000656,ACC00000182,2025-11-28 11:08:00+00:00,2024-02-19 10:32:00+00:00,CREDIT,11.86,GBP,6670,CP6010,ONLINE,REFXRLREJ84UG,2025-02-01 15:19:00+00:00
TXN0000000657,ACC00000568,2025-12-30 10:06:00+00:00,2026-05-07 17:12:00+00:00,CREDIT,161.55,GBP,1401,CP5864,POS,REFNZRQ5TECI8,2024-02-19 21:19:00+00:00
TXN0000000658,ACC00000268,2025-02-19 03:32:00+00:00,2025-04-11 20:28:00+00:00,CREDIT,2143.4,USD,1283,CP1920,ONLINE,REFPI0H5X19BB,2024-06-02 09:56:00+00:00
TXN0000000659,ACC00000094,2024-12-01 15:23:00+00:00,2025-10-13 09:15:00+00:00,DEBIT,457.42,USD,5349,,ONLINE,REFDM5KAW8JMH,2024-10-15 20:12:00+00:00
TXN0000000660,ACC00000586,2025-09-21 02:28:00+00:00,2024-12-24 08:47:00+00:00,DEBIT,660.53,GBP,4216,CP1041,ATM,REFJPN5HYEK8G,2024-04-10 07:59:00+00:00
TXN0000000661,ACC00000638,2024-03-09 01:21:00+00:00,2024-02-28 22:54:00+00:00,CREDIT,118.81,USD,6753,CP5673,POS,REFVP80W94ZO1,2024-10-16 14:37:00+00:00
TXN0000000662,ACC00000439,2024-02-23 16:54:00+00:00,2025-12-31 09:31:00+00:00,DEBIT,763.76,USD,2243,CP1020,ONLINE,REFUFS2UTKR48,2026-03-24 11:41:00+00:00
TXN0000000663,ACC00000316,2025-10-14 01:23:00+00:00,2025-02-18 05:21:00+00:00,CREDIT,578.8,GBP,9531,CP8654,ONLINE,REFCH7C8MDRXB,2024-12-14 03:13:00+00:00
TXN0000000664,ACC00000526,2024-11-11 19:05:00+00:00,2026-02-03 21:12:00+00:00,DEBIT,546.68,GBP,5543,CP3834,ONLINE,REF8XF9AS323D,2025-10-21 02:56:00+00:00
TXN0000000665,ACC00000315,2024-09-21 14:29:00+00:00,2025-09-02 11:02:00+00:00,DEBIT,970.27,USD,1643,,ONLINE,REFF16E10EBO6,2024-06-24 03:01:00+00:00
TXN0000000666,ACC00000462,2024-11-10 08:30:00+00:00,2026-03-01 03:05:00+00:00,DEBIT,542.58,GBP,7203,CP5597,POS,REFU4G73ZZNXP,2024-03-02 00:54:00+00:00
TXN0000000667,ACC00000600,2024-08-23 11:40:00+00:00,2024-04-28 10:49:00+00:00,CREDIT,1541.21,GBP,4418,CP8029,ATM,REF4WXPHL849A,2025-06-05 05:00:00+00:00
TXN0000000668,ACC00000551,2024-08-07 11:49:00+00:00,2024-06-11 10:20:00+00:00,DEBIT,130.4,USD,3513,CP8743,ATM,REF083NPPMHED,2025-05-19 08:40:00+00:00
TXN0000000669,ACC00000791,2024-05-24 09:28:00+00:00,2025-06-02 21:27:00+00:00,DEBIT,198.78,GBP,5218,CP1450,ONLINE,REFDYY83JSXB9,2026-03-10 23:41:00+00:00
TXN0000000670,ACC00000181,2025-06-25 23:47:00+00:00,2026-05-04 05:29:00+00:00,DEBIT,441.06,GBP,7619,CP2980,POS,REF5VBBQIU7W7,2024-10-31 01:28:00+00:00
TXN0000000671,ACC00000516,2026-01-19 09:07:00+00:00,2025-04-01 22:34:00+00:00,CREDIT,395.28,GBP,6963,CP7353,POS,REFGSE8AE97HY,2025-04-28 23:25:00+00:00
TXN0000000672,ACC00000125,2026-05-03 14:07:00+00:00,2025-07-19 17:11:00+00:00,CREDIT,668.5,GBP,2610,CP2320,POS,REFS5QZDI5FQD,2024-05-14 03:53:00+00:00
TXN0000000673,ACC00000556,2024-12-30 18:19:00+00:00,2025-02-15 01:14:00+00:00,DEBIT,208.66,GBP,4349,CP8920,ONLINE,REFQDMOD9ZIAO,2025-03-29 12:23:00+00:00
TXN0000000674,ACC00000603,2025-12-20 18:29:00+00:00,2024-03-25 14:17:00+00:00,DEBIT,64.75,USD,3372,CP4853,POS,REF56EKZSBH97,2024-04-23 15:18:00+00:00
TXN0000000675,ACC00000573,2024-07-23 08:18:00+00:00,2025-06-28 18:01:00+00:00,DEBIT,19.23,GBP,8467,,POS,REFZ1NW76X8PH,2025-04-21 16:41:00+00:00
TXN0000000676,ACC00000715,2025-09-09 06:02:00+00:00,2024-08-31 00:16:00+00:00,CREDIT,386.09,GBP,2405,CP6619,ATM,REF0EHDVGVHGI,2025-09-09 09:30:00+00:00
TXN0000000677,ACC00000776,2024-12-07 07:31:00+00:00,2025-01-02 17:57:00+00:00,DEBIT,96.08,GBP,1805,CP7508,POS,REFKRXB2BB1PM,2025-01-13 02:44:00+00:00
TXN0000000678,ACC00000640,2025-06-06 17:01:00+00:00,2026-03-27 16:00:00+00:00,DEBIT,459.76,USD,1565,CP9837,POS,REFNONZPSCCU4,2025-08-18 14:59:00+00:00
TXN0000000679,ACC00000397,2024-08-15 06:07:00+00:00,2025-12-24 18:30:00+00:00,DEBIT,62.97,USD,5902,,ONLINE,REFV7RHTGBJAM,2025-05-03 07:22:00+00:00
TXN0000000680,ACC00000733,2025-06-26 06:26:00+00:00,2024-04-30 17:27:00+00:00,CREDIT,140.38,GBP,2699,CP2573,ATM,REFH0WHMFMVF4,2024-06-16 20:59:00+00:00
TXN0000000681,ACC00000556,2024-03-26 02:44:00+00:00,2024-03-10 09:52:00+00:00,CREDIT,73.2,USD,3833,CP7801,ATM,REFHA28LXTJMT,2024-06-05 10:09:00+00:00
TXN0000000682,ACC00000246,2024-07-24 07:52:00+00:00,2024-05-14 05:38:00+00:00,CREDIT,73.08,GBP,8033,CP2667,ONLINE,REFH81AV1X1WG,2026-01-11 17:37:00+00:00
TXN0000000683,ACC00000605,2025-10-21 16:58:00+00:00,2024-08-13 11:44:00+00:00,CREDIT,121.76,GBP,5591,CP7912,ONLINE,REFA5Q50VSM7M,2024-04-26 07:21:00+00:00
TXN0000000684,ACC00000243,2025-09-07 05:27:00+00:00,2024-12-02 22:49:00+00:00,CREDIT,75.28,GBP,4858,CP3681,ATM,REF2Z9F6T3KT3,2024-03-16 06:13:00+00:00
TXN0000000685,ACC00000168,2024-02-08 16:30:00+00:00,2024-10-29 21:46:00+00:00,DEBIT,511.85,USD,9461,CP3508,ONLINE,REFZ7FLOUTSG8,2025-10-04 01:01:00+00:00
TXN0000000686,ACC00000511,2025-06-02 17:56:00+00:00,2025-01-08 19:56:00+00:00,DEBIT,224.04,GBP,5346,CP1631,ONLINE,REFFDBVPDGZTY,2025-01-02 10:51:00+00:00
TXN0000000687,ACC00000762,2024-06-28 17:04:00+00:00,2024-07-04 01:20:00+00:00,DEBIT,63.9,GBP,8734,CP2031,ONLINE,REF678NLV4MJG,2024-03-16 23:25:00+00:00
TXN0000000688,ACC00000153,2024-12-27 05:30:00+00:00,2026-01-24 11:36:00+00:00,CREDIT,339.4,GBP,1423,CP3283,ONLINE,REF3SNDOE7C9N,2024-09-29 03:58:00+00:00
TXN0000000689,ACC00000013,2025-07-10 15:12:00+00:00,2025-02-20 14:20:00+00:00,DEBIT,993.96,GBP,2605,CP1342,POS,REFVQUZG602DF,2024-05-23 14:15:00+00:00
TXN0000000690,ACC00000237,2024-01-10 09:52:00+00:00,2025-03-31 15:38:00+00:00,CREDIT,373.43,USD,3592,CP6955,ATM,REFFYFWT0NEML,2024-07-17 06:17:00+00:00
TXN0000000691,ACC00000166,2025-07-22 13:11:00+00:00,2025-09-13 02:06:00+00:00,CREDIT,1387.05,USD,1281,,ONLINE,REFJYOAMNWG0N,2025-01-24 17:34:00+00:00
TXN0000000692,ACC00000663,2024-11-19 21:04:00+00:00,2025-11-27 06:50:00+00:00,CREDIT,1138.96,USD,6937,CP7241,POS,REF8C71X0M8R8,2024-01-19 06:42:00+00:00
TXN0000000693,ACC00000545,2024-11-16 05:07:00+00:00,2025-04-04 18:51:00+00:00,DEBIT,1192.65,GBP,1797,CP5263,POS,REFVUGBE5XNRG,2025-01-27 19:38:00+00:00
TXN0000000694,ACC00000054,2025-03-31 22:19:00+00:00,2025-07-15 07:01:00+00:00,CREDIT,979.72,USD,2557,CP4181,ONLINE,REFOUSAC69ZPQ,2024-06-15 18:52:00+00:00
TXN0000000695,ACC00000363,2025-02-22 10:53:00+00:00,2025-12-26 09:48:00+00:00,CREDIT,122.08,GBP,7278,CP9678,ONLINE,REF7RTHQRH822,2024-06-24 18:01:00+00:00
TXN0000000696,ACC00000096,2025-11-07 06:59:00+00:00,2024-12-05 14:26:00+00:00,DEBIT,1374.9,GBP,4461,CP5359,POS,REFWRXD56FVDR,2025-02-09 11:20:00+00:00
TXN0000000697,ACC00000756,2024-12-01 23:14:00+00:00,2024-05-26 14:55:00+00:00,DEBIT,542.59,GBP,4917,CP3383,BRANCH,REFW2ING1FTOB,2025-04-08 20:40:00+00:00
TXN0000000698,ACC00000530,2025-05-09 16:03:00+00:00,2024-09-13 10:49:00+00:00,DEBIT,1879.05,USD,3480,CP8273,POS,REFDDFK9OKJXW,2025-10-10 02:00:00+00:00
TXN0000000699,ACC00000009,2024-04-13 16:36:00+00:00,2025-11-30 03:05:00+00:00,CREDIT,591.43,GBP,4995,CP8674,ONLINE,REFOSFTIHC9JT,2026-02-28 15:47:00+00:00
TXN0000000700,ACC00000479,2024-04-19 11:27:00+00:00,2025-02-02 00:35:00+00:00,CREDIT,193.23,GBP,7406,CP5956,ONLINE,REFKSZEFAH9Q9,2025-03-19 19:52:00+00:00
TXN0000000701,ACC00000275,2025-12-03 15:12:00+00:00,2025-08-06 11:33:00+00:00,CREDIT,592.04,GBP,3082,CP6091,ONLINE,REFY8S2D9QRS0,2025-10-08 02:58:00+00:00
TXN0000000702,ACC00000300,2024-10-26 08:55:00+00:00,2025-08-07 14:58:00+00:00,CREDIT,2582.9,GBP,6207,CP2849,BRANCH,REF2WRSHKWTNK,2024-12-21 09:36:00+00:00
TXN0000000703,ACC00000244,2025-01-25 15:05:00+00:00,2024-02-09 03:56:00+00:00,CREDIT,893.51,GBP,4604,CP8652,ONLINE,REFFN90LZ4NO4,2024-08-09 02:57:00+00:00
TXN0000000704,ACC00000496,2026-01-22 15:28:00+00:00,2024-12-22 21:59:00+00:00,DEBIT,1264.39,EUR,3197,CP7170,ONLINE,REF91GSUED6V5,2025-05-09 09:41:00+00:00
TXN0000000705,ACC00000736,2026-01-30 12:59:00+00:00,2024-06-20 05:07:00+00:00,CREDIT,488.95,GBP,8020,CP7316,ONLINE,REFZ3AT8D3GFS,2025-07-23 23:39:00+00:00
TXN0000000706,ACC00000509,2024-06-15 18:51:00+00:00,2026-03-06 06:12:00+00:00,DEBIT,584.64,GBP,6919,,ATM,REFBJD6WRBODD,2025-02-06 16:40:00+00:00
TXN0000000707,ACC00000475,2025-02-11 18:59:00+00:00,2025-01-23 22:33:00+00:00,DEBIT,861.56,USD,9021,CP7527,POS,REFFN4ZTNER4B,2024-10-22 01:40:00+00:00
TXN0000000708,ACC00000544,2024-03-07 09:14:00+00:00,2025-09-01 12:03:00+00:00,DEBIT,1313.05,GBP,2961,CP4645,ATM,REFS7SGGVC432,2024-11-27 05:27:00+00:00
TXN0000000709,ACC00000782,2024-08-02 12:08:00+00:00,2024-01-08 16:12:00+00:00,CREDIT,1230.83,GBP,2820,CP4863,ATM,REF5GXQTKN8FI,2024-09-24 01:02:00+00:00
TXN0000000710,ACC00000400,2025-08-24 19:36:00+00:00,2024-10-05 14:27:00+00:00,CREDIT,935.3,GBP,3766,CP3958,BRANCH,REF1V8SMWVT00,2024-11-24 23:22:00+00:00
TXN0000000711,ACC00000282,2024-09-20 12:40:00+00:00,2025-11-28 23:04:00+00:00,DEBIT,1659.52,USD,5801,CP1162,ATM,REF7GCM2J726A,2024-06-20 19:22:00+00:00
TXN0000000712,ACC00000205,2026-03-23 13:16:00+00:00,2024-05-13 21:32:00+00:00,CREDIT,466.76,GBP,2771,CP8918,ONLINE,REFGD23RZIM0T,2024-03-03 21:13:00+00:00
TXN0000000713,ACC00000379,2024-12-15 01:39:00+00:00,2025-10-12 18:56:00+00:00,CREDIT,591.62,USD,3293,CP2345,BRANCH,REFQWME50ZMHP,2024-03-10 01:37:00+00:00
TXN0000000714,ACC00000639,2025-08-24 18:37:00+00:00,2025-06-12 18:39:00+00:00,DEBIT,37.72,GBP,9369,,POS,REFVSS6TY44Z4,2025-03-17 10:57:00+00:00
TXN0000000715,ACC00000603,2026-03-20 00:44:00+00:00,2026-01-08 07:00:00+00:00,DEBIT,1974.53,USD,4471,CP2676,ONLINE,REFAQ3B9WPHD0,2024-03-15 22:30:00+00:00
TXN0000000716,ACC00000616,2024-02-07 03:03:00+00:00,2025-12-04 15:17:00+00:00,CREDIT,438.81,USD,1042,CP9229,ONLINE,REFWRZRNKWXFU,2024-05-13 10:43:00+00:00
TXN0000000717,ACC00000339,2025-06-29 19:35:00+00:00,2025-02-03 03:47:00+00:00,DEBIT,276.85,USD,1435,CP8529,ATM,REFHB73FGTI1B,2025-04-09 04:35:00+00:00
TXN0000000718,ACC00000470,2024-12-14 15:14:00+00:00,2024-04-29 23:15:00+00:00,DEBIT,1152.57,USD,8005,CP8798,POS,REFU7TPKB85E6,2024-08-06 22:27:00+00:00
TXN0000000719,ACC00000705,2025-08-14 00:34:00+00:00,2026-01-18 18:38:00+00:00,CREDIT,1463.05,GBP,3837,CP6439,BRANCH,REFHPZZENGUGV,2025-12-03 18:17:00+00:00
TXN0000000720,ACC00000760,2024-08-27 21:45:00+00:00,2026-02-12 20:30:00+00:00,DEBIT,913.29,EUR,4915,CP2875,ONLINE,REFIF3VDVC5NK,2025-08-30 15:42:00+00:00
TXN0000000721,ACC00000548,2024-12-14 05:06:00+00:00,2025-08-14 19:08:00+00:00,DEBIT,333.64,GBP,9716,CP9587,POS,REFDHSNCXBC7L,2025-02-20 10:53:00+00:00
TXN0000000722,ACC00000796,2025-12-22 02:34:00+00:00,2025-04-22 03:40:00+00:00,DEBIT,645.34,GBP,2846,CP2012,POS,REFW00D222K2Z,2024-06-25 09:42:00+00:00
TXN0000000723,ACC00000304,2025-08-31 13:42:00+00:00,2024-12-02 22:25:00+00:00,DEBIT,1575.49,GBP,9394,CP5433,ONLINE,REFEUJ70E653N,2025-12-26 23:00:00+00:00
TXN0000000724,ACC00000771,2025-06-18 09:57:00+00:00,2024-02-19 07:13:00+00:00,DEBIT,1132.87,GBP,4470,CP9365,ONLINE,REFUP3QPYE3U4,2024-08-24 08:51:00+00:00
TXN0000000725,ACC00000608,2024-10-21 05:41:00+00:00,2025-06-17 21:31:00+00:00,DEBIT,903.74,USD,3784,,ONLINE,REF29KWUKBFE5,2025-11-27 15:13:00+00:00
TXN0000000726,ACC00000070,2024-10-28 12:17:00+00:00,2026-02-05 17:56:00+00:00,DEBIT,713.64,GBP,5395,CP8702,POS,REFYW71RBS5QI,2025-05-02 10:34:00+00:00
TXN0000000727,ACC00000202,2026-01-23 16:49:00+00:00,2025-06-15 21:22:00+00:00,DEBIT,525.44,GBP,6964,CP2350,ONLINE,REFCJKTZO8MRQ,2024-08-24 12:32:00+00:00
TXN0000000728,ACC00000074,2025-06-13 09:39:00+00:00,2026-04-28 04:32:00+00:00,CREDIT,478.24,USD,2899,CP4982,ONLINE,REFQ1HC0SN5HP,2024-08-29 20:30:00+00:00
TXN0000000729,ACC00000197,2026-02-08 21:39:00+00:00,2025-01-09 23:41:00+00:00,CREDIT,395.1,USD,7790,,ATM,REFN6YHGBKCON,2024-06-07 00:52:00+00:00
TXN0000000730,ACC00000665,2026-01-11 14:37:00+00:00,2025-07-28 19:32:00+00:00,DEBIT,862.31,USD,9091,CP1542,ONLINE,REF3WLQY1FIY7,2025-01-04 04:23:00+00:00
TXN0000000731,ACC00000506,2025-01-14 14:10:00+00:00,2025-02-10 16:41:00+00:00,CREDIT,2090.41,GBP,2462,,ONLINE,REF6BEFRDV64E,2024-05-02 02:32:00+00:00
TXN0000000732,ACC00000076,2025-07-28 11:52:00+00:00,2024-04-17 17:49:00+00:00,CREDIT,344.89,GBP,9086,CP2006,ONLINE,REFZPFEF9J2WC,2024-05-31 16:43:00+00:00
TXN0000000733,ACC00000304,2026-03-04 15:21:00+00:00,2026-02-24 08:49:00+00:00,CREDIT,1499.86,USD,8375,CP3622,POS,REFPGF0B2HAA9,2025-12-17 01:59:00+00:00
TXN0000000734,ACC00000270,2025-10-12 22:36:00+00:00,2024-08-28 18:29:00+00:00,CREDIT,737.71,USD,7553,CP2819,ONLINE,REF9IF4XJ5K6D,2025-10-05 18:05:00+00:00
TXN0000000735,ACC00000483,2024-12-22 16:08:00+00:00,2025-02-09 22:15:00+00:00,DEBIT,519.16,GBP,3004,,POS,REFXQKTQMJ6AM,2024-01-12 10:29:00+00:00
TXN0000000736,ACC00000376,2025-06-14 23:07:00+00:00,2024-02-22 22:58:00+00:00,DEBIT,81.45,USD,8155,CP7448,POS,REF0513XJWBUU,2024-06-07 20:19:00+00:00
TXN0000000737,ACC00000259,2025-08-29 01:11:00+00:00,2025-08-05 00:41:00+00:00,CREDIT,154.3,GBP,1128,CP7735,POS,REFZ2H806M6G5,2024-03-16 17:28:00+00:00
TXN0000000738,ACC00000443,2024-05-26 02:28:00+00:00,2024-01-05 15:15:00+00:00,DEBIT,294.21,GBP,9051,CP4042,ATM,REFG2I2DOD83G,2025-04-24 21:39:00+00:00
TXN0000000739,ACC00000564,2026-02-02 18:29:00+00:00,2025-05-23 18:18:00+00:00,DEBIT,253.65,USD,2398,CP2760,POS,REFWMNVBSEDCX,2024-11-11 13:16:00+00:00
TXN0000000740,ACC00000361,2026-01-18 17:38:00+00:00,2025-09-22 18:39:00+00:00,CREDIT,949.94,GBP,2554,CP7382,ATM,REF18R4LG2R6H,2026-03-05 22:47:00+00:00
TXN0000000741,ACC00000491,2025-11-07 21:54:00+00:00,2026-03-12 23:41:00+00:00,DEBIT,905.85,GBP,8738,CP1387,ONLINE,REFY94YSF4895,2024-04-21 03:38:00+00:00
TXN0000000742,ACC00000076,2025-10-08 02:52:00+00:00,2026-04-23 09:50:00+00:00,CREDIT,417.57,GBP,3304,CP9459,POS,REF5IXC82Q6QB,2025-05-05 15:05:00+00:00
TXN0000000743,ACC00000548,2024-05-20 09:33:00+00:00,2024-10-10 10:29:00+00:00,DEBIT,1332.35,USD,3446,CP1894,POS,REFIZMPXO1H34,2024-08-23 09:19:00+00:00
TXN0000000744,ACC00000475,2025-07-07 06:40:00+00:00,2025-12-01 20:42:00+00:00,DEBIT,369.03,EUR,4885,,ONLINE,REFAGUWV2P4E0,2026-04-06 17:46:00+00:00
TXN0000000745,ACC00000541,2025-09-15 14:57:00+00:00,2024-09-15 09:17:00+00:00,CREDIT,2153.61,GBP,4742,CP6798,ONLINE,REF51BSAIED98,2024-08-04 11:07:00+00:00
TXN0000000746,ACC00000023,2024-03-24 14:00:00+00:00,2024-04-22 01:28:00+00:00,CREDIT,1280.97,GBP,6345,CP4059,ATM,REFEUM9DDU0LJ,2026-01-15 17:45:00+00:00
TXN0000000747,ACC00000406,2024-12-02 18:33:00+00:00,2025-02-16 18:57:00+00:00,DEBIT,637.94,USD,3013,CP5335,ONLINE,REFD9JSFD2NTO,2024-08-21 08:50:00+00:00
TXN0000000748,ACC00000056,2024-11-02 08:59:00+00:00,2026-04-28 05:47:00+00:00,DEBIT,101.09,USD,5078,CP5445,ONLINE,REFBNLHP04XD3,2025-05-07 04:01:00+00:00
TXN0000000749,ACC00000145,2024-12-02 03:50:00+00:00,2025-03-12 04:24:00+00:00,DEBIT,1512.59,GBP,4433,CP5319,BRANCH,REFJQ2N4QC54Y,2025-10-01 00:02:00+00:00
TXN0000000750,ACC00000220,2024-09-29 06:27:00+00:00,2025-10-17 10:18:00+00:00,DEBIT,1124.67,GBP,6920,,ONLINE,REFIH0F8QOG4H,2025-11-26 05:35:00+00:00
TXN0000000751,ACC00000453,2025-05-23 05:33:00+00:00,2025-10-31 07:19:00+00:00,CREDIT,1319.26,GBP,4379,CP8079,ONLINE,REFNN7FLXDOWM,2024-07-07 05:18:00+00:00
TXN0000000752,ACC00000642,2025-02-04 16:06:00+00:00,2026-02-26 14:53:00+00:00,CREDIT,631.52,GBP,2348,CP2404,POS,REFX2WAA2PQLT,2024-01-24 11:06:00+00:00
TXN0000000753,ACC00000429,2024-03-25 05:46:00+00:00,2024-12-29 18:06:00+00:00,DEBIT,555.78,GBP,7116,CP3896,ONLINE,REFWGRHQV2276,2025-03-07 08:53:00+00:00
TXN0000000754,ACC00000580,2024-08-10 20:01:00+00:00,2025-12-06 12:01:00+00:00,DEBIT,598.25,GBP,5050,CP3199,ATM,REF1HZ55ZORXM,2025-08-26 14:43:00+00:00
TXN0000000755,ACC00000203,2024-08-02 16:32:00+00:00,2026-03-30 23:16:00+00:00,DEBIT,78.32,USD,6770,,ONLINE,REFOM5ZXNKLI2,2026-02-09 12:55:00+00:00
TXN0000000756,ACC00000095,2024-12-15 13:54:00+00:00,2024-09-12 10:37:00+00:00,DEBIT,81.62,USD,8074,CP7307,POS,REFZF6JDJV9UY,2024-10-17 05:43:00+00:00
TXN0000000757,ACC00000414,2025-07-03 03:49:00+00:00,2025-10-29 16:13:00+00:00,CREDIT,1042.28,EUR,3745,CP5545,ONLINE,REF2CZ0588P5D,2024-02-25 07:30:00+00:00
TXN0000000758,ACC00000140,2024-03-24 18:15:00+00:00,2025-09-17 16:21:00+00:00,DEBIT,739.81,GBP,9903,CP7334,BRANCH,REF6RVKT0BR5X,2024-06-13 05:22:00+00:00
TXN0000000759,ACC00000362,2025-09-16 15:53:00+00:00,2025-10-03 20:45:00+00:00,DEBIT,984.06,USD,8543,,ATM,REFHKSCG8VNK8,2024-11-06 00:31:00+00:00
TXN0000000760,ACC00000683,2025-07-05 02:17:00+00:00,2025-08-04 23:03:00+00:00,DEBIT,58.99,GBP,3249,CP3752,ONLINE,REFC9B566DD2E,2025-08-04 10:20:00+00:00
TXN0000000761,ACC00000032,2024-12-10 18:00:00+00:00,2025-04-18 19:45:00+00:00,DEBIT,1219.59,GBP,6097,CP6528,POS,REFJ7OHCUIUUV,2025-10-11 15:45:00+00:00
TXN0000000762,ACC00000481,2026-04-20 00:47:00+00:00,2026-03-12 18:27:00+00:00,DEBIT,730.0,USD,6800,CP2946,ATM,REFWFRK6IV1IS,2024-04-25 14:22:00+00:00
TXN0000000763,ACC00000342,2026-03-25 19:42:00+00:00,2025-01-07 16:54:00+00:00,CREDIT,189.33,GBP,1360,CP3892,ONLINE,REF4561O04JBC,2025-02-21 17:28:00+00:00
TXN0000000764,ACC00000550,2026-01-07 18:40:00+00:00,2024-11-17 14:32:00+00:00,DEBIT,550.17,GBP,5467,CP2873,ONLINE,REFLLHHEIAVLU,2025-06-18 20:28:00+00:00
TXN0000000765,ACC00000775,2024-06-19 03:28:00+00:00,2026-02-13 07:59:00+00:00,DEBIT,361.82,EUR,1459,CP3792,ONLINE,REF0ZC5GB2LGU,2026-03-15 15:36:00+00:00
TXN0000000766,ACC00000062,2025-04-24 18:03:00+00:00,2025-11-19 15:21:00+00:00,DEBIT,1025.26,EUR,5156,CP7184,POS,REFM8T03IN5NA,2025-09-13 02:14:00+00:00
TXN0000000767,ACC00000386,2025-01-14 10:09:00+00:00,2025-03-02 21:51:00+00:00,CREDIT,740.65,USD,2696,CP6637,BRANCH,REFUZKZK57MPV,2025-09-17 08:06:00+00:00
TXN0000000768,ACC00000200,2025-07-27 13:59:00+00:00,2025-07-19 02:24:00+00:00,CREDIT,1087.38,USD,5365,,ATM,REFA6OMLEMLKV,2024-04-30 10:51:00+00:00
TXN0000000769,ACC00000310,2025-03-09 18:13:00+00:00,2025-05-03 16:19:00+00:00,CREDIT,1095.67,GBP,8312,CP9637,ATM,REFNKIRH3W8B4,2025-07-13 20:08:00+00:00
TXN0000000770,ACC00000596,2024-08-14 11:05:00+00:00,2026-04-23 06:19:00+00:00,DEBIT,1440.86,GBP,9133,CP7781,ATM,REFGXEDE2ZJHU,2024-10-29 04:59:00+00:00
TXN0000000771,ACC00000524,2025-10-05 21:20:00+00:00,2025-11-24 01:31:00+00:00,CREDIT,523.89,USD,2475,CP8403,POS,REF1A7KGQE9XQ,2025-12-23 03:10:00+00:00
TXN0000000772,ACC00000142,2026-02-01 16:34:00+00:00,2025-12-11 06:03:00+00:00,DEBIT,1101.54,USD,8030,CP1034,ONLINE,REFVW7TRVDR9X,2024-06-07 19:55:00+00:00
TXN0000000773,ACC00000302,2026-02-07 00:48:00+00:00,2025-03-29 20:42:00+00:00,DEBIT,417.69,GBP,3716,CP2818,ONLINE,REFKB03JIQYY3,2025-04-29 10:01:00+00:00
TXN0000000774,ACC00000242,2026-01-09 14:47:00+00:00,2024-04-10 21:53:00+00:00,DEBIT,1010.8,GBP,9713,CP4669,ONLINE,REFRSL9NBUPXT,2024-12-07 19:37:00+00:00
TXN0000000775,ACC00000179,2024-01-13 21:20:00+00:00,2025-04-22 14:24:00+00:00,CREDIT,207.05,EUR,9818,CP6028,POS,REFUCU53JR9MH,2024-05-05 06:53:00+00:00
TXN0000000776,ACC00000693,2024-07-18 04:43:00+00:00,2024-04-06 21:40:00+00:00,CREDIT,669.58,GBP,3837,CP4215,ONLINE,REFCF7QRPNUVN,2024-03-10 11:14:00+00:00
TXN0000000777,ACC00000467,2025-02-08 00:47:00+00:00,2024-07-16 10:42:00+00:00,CREDIT,908.59,GBP,2270,CP5344,ONLINE,REFD2C2FW5FQI,2025-09-13 14:39:00+00:00
TXN0000000778,ACC00000395,2026-02-01 03:07:00+00:00,2024-01-27 20:40:00+00:00,CREDIT,10.08,GBP,9784,CP1974,BRANCH,REFOOOYAUWOY3,2025-12-02 05:38:00+00:00
TXN0000000779,ACC00000572,2025-08-12 07:50:00+00:00,2024-01-03 15:32:00+00:00,CREDIT,663.81,USD,3106,CP6865,ONLINE,REFLNCE01LUS9,2025-12-29 09:18:00+00:00
TXN0000000780,ACC00000647,2025-08-21 02:00:00+00:00,2025-07-01 06:24:00+00:00,DEBIT,1402.64,GBP,5755,CP4658,ONLINE,REFXSDMA6WL6Z,2026-04-07 16:12:00+00:00
TXN0000000781,ACC00000759,2024-09-11 17:08:00+00:00,2025-08-20 05:09:00+00:00,DEBIT,430.24,USD,5676,CP7128,ONLINE,REFMOG9SLXK01,2024-07-27 07:28:00+00:00
TXN0000000782,ACC00000093,2025-08-10 15:19:00+00:00,2024-07-14 06:45:00+00:00,DEBIT,607.67,GBP,7326,CP6176,POS,REFKKIL14UYSR,2025-10-27 14:16:00+00:00
TXN0000000783,ACC00000132,2024-05-17 20:55:00+00:00,2025-12-29 16:20:00+00:00,DEBIT,516.92,GBP,9968,CP9069,ONLINE,REF66ZT2S8794,2025-05-15 04:42:00+00:00
TXN0000000784,ACC00000106,2024-11-18 11:07:00+00:00,2024-10-16 00:15:00+00:00,CREDIT,341.68,EUR,3638,CP8855,POS,REFDUENZOZFUV,2025-01-04 13:07:00+00:00
TXN0000000785,ACC00000784,2024-09-06 23:27:00+00:00,2024-07-12 13:37:00+00:00,CREDIT,255.49,USD,2585,CP3574,ONLINE,REFUOIH06D6SF,2024-09-24 17:04:00+00:00
TXN0000000786,ACC00000485,2024-02-13 18:03:00+00:00,2025-08-24 19:21:00+00:00,DEBIT,95.5,USD,7556,CP5289,POS,REFOJ237B7Z52,2025-01-27 07:59:00+00:00
TXN0000000787,ACC00000019,2025-12-07 16:20:00+00:00,2024-05-13 17:21:00+00:00,DEBIT,189.71,GBP,4188,CP9815,ATM,REFNDQCWFY5WV,2025-05-16 03:06:00+00:00
TXN0000000788,ACC00000397,2026-04-26 17:51:00+00:00,2025-11-29 01:46:00+00:00,CREDIT,994.42,EUR,7150,CP2178,ONLINE,REFFAD1KB3PKK,2026-02-22 06:17:00+00:00
TXN0000000789,ACC00000636,2024-04-13 16:45:00+00:00,2024-07-10 07:05:00+00:00,DEBIT,2423.26,GBP,3132,CP2138,ONLINE,REF7A2WIEEQK3,2026-02-11 11:53:00+00:00
TXN0000000790,ACC00000344,2024-05-05 01:18:00+00:00,2026-02-22 04:59:00+00:00,DEBIT,1460.4,GBP,8998,CP3349,ONLINE,REFIM6PY3LTU3,2024-09-20 08:33:00+00:00
TXN0000000791,ACC00000567,2024-12-01 01:56:00+00:00,2026-04-21 21:51:00+00:00,DEBIT,1365.35,GBP,1064,CP4734,ONLINE,REF7BQVYKH67M,2024-02-01 15:59:00+00:00
TXN0000000792,ACC00000719,2024-05-18 09:13:00+00:00,2025-02-06 10:12:00+00:00,DEBIT,84.95,GBP,4472,CP3966,ONLINE,REFJGO7YE539Q,2024-07-18 01:06:00+00:00
TXN0000000793,ACC00000295,2026-01-01 14:13:00+00:00,2024-06-11 14:15:00+00:00,DEBIT,222.86,USD,9571,CP2168,POS,REFAEXDUS468V,2024-02-04 09:33:00+00:00
TXN0000000794,ACC00000435,2025-02-14 02:57:00+00:00,2024-11-17 22:42:00+00:00,DEBIT,315.43,GBP,8067,CP2513,ATM,REF6UXM9SSSEN,2025-04-02 12:52:00+00:00
TXN0000000795,ACC00000335,2024-12-17 22:50:00+00:00,2025-12-28 10:51:00+00:00,DEBIT,121.52,GBP,5666,CP8783,ONLINE,REF4Z51CXX8F3,2024-12-27 15:02:00+00:00
TXN0000000796,ACC00000027,2026-03-16 16:31:00+00:00,2024-05-01 09:39:00+00:00,DEBIT,2012.45,GBP,8195,CP9151,POS,REFSECDSM1O69,2024-11-26 07:50:00+00:00
TXN0000000797,ACC00000350,2024-07-29 12:48:00+00:00,2025-04-06 04:16:00+00:00,DEBIT,927.79,GBP,4779,,POS,REF5ITDNUJEOR,2024-12-26 12:15:00+00:00
TXN0000000798,ACC00000562,2025-02-15 04:58:00+00:00,2025-08-31 22:03:00+00:00,DEBIT,205.22,GBP,3318,CP5791,BRANCH,REFEVBGG5NF2Q,2025-12-20 04:20:00+00:00
TXN0000000799,ACC00000054,2025-03-26 02:13:00+00:00,2024-07-11 04:08:00+00:00,DEBIT,1265.52,GBP,3660,,BRANCH,REF0CZ2UAWLFB,2024-05-18 11:56:00+00:00
TXN0000000800,ACC00000070,2025-12-07 11:32:00+00:00,2024-09-08 08:30:00+00:00,DEBIT,1146.86,USD,4566,CP7845,POS,REF6EDRMBN3FQ,2024-04-09 02:32:00+00:00
TXN0000000801,ACC00000703,2026-01-07 19:25:00+00:00,2025-05-13 02:18:00+00:00,CREDIT,911.41,USD,3278,CP1271,ATM,REFO2WJZEFWWZ,2025-04-10 02:25:00+00:00
TXN0000000802,ACC00000532,2025-08-04 07:13:00+00:00,2025-03-10 19:21:00+00:00,CREDIT,598.86,GBP,3263,CP1217,POS,REF4T0N3AJOTU,2025-01-15 00:56:00+00:00
TXN0000000803,ACC00000380,2024-12-27 07:51:00+00:00,2024-02-04 18:15:00+00:00,DEBIT,492.05,USD,5132,CP4057,BRANCH,REFRKDNLJI9O9,2024-05-03 17:45:00+00:00
TXN0000000804,ACC00000406,2025-09-25 01:45:00+00:00,2025-12-28 11:20:00+00:00,CREDIT,574.25,USD,3600,,ATM,REFG1WP1O01YT,2024-08-27 23:28:00+00:00
TXN0000000805,ACC00000195,2024-01-08 20:21:00+00:00,2025-01-11 11:44:00+00:00,DEBIT,422.59,USD,8090,CP2419,ONLINE,REFQYSAT7793F,2024-11-26 08:02:00+00:00
TXN0000000806,ACC00000743,2025-07-11 10:55:00+00:00,2025-04-07 01:58:00+00:00,CREDIT,1746.5,GBP,4276,CP4708,ONLINE,REFBR1YVFNF6Y,2024-01-05 15:17:00+00:00
TXN0000000807,ACC00000111,2026-02-08 13:05:00+00:00,2024-06-01 01:02:00+00:00,DEBIT,213.27,GBP,8421,CP4895,ATM,REFZSRMOOCXK5,2024-09-11 07:07:00+00:00
TXN0000000808,ACC00000020,2025-01-10 20:18:00+00:00,2025-02-24 03:30:00+00:00,DEBIT,506.25,GBP,4519,CP5181,POS,REFX4LVMHARO9,2026-03-01 06:02:00+00:00
TXN0000000809,ACC00000070,2025-04-06 21:15:00+00:00,2024-09-14 02:12:00+00:00,CREDIT,1164.19,GBP,7434,CP6398,POS,REFESKGXCLAOL,2024-07-21 13:54:00+00:00
TXN0000000810,ACC00000150,2024-03-29 20:21:00+00:00,2025-03-04 09:16:00+00:00,DEBIT,1127.99,USD,9395,CP5061,POS,REFHZ5V6O98AI,2025-07-31 03:32:00+00:00
TXN0000000811,ACC00000158,2025-01-30 12:15:00+00:00,2026-03-22 11:36:00+00:00,DEBIT,603.28,USD,2287,CP2122,BRANCH,REF85M3UP5JS6,2025-09-25 03:22:00+00:00
TXN0000000812,ACC00000528,2025-08-21 15:36:00+00:00,2024-10-07 15:51:00+00:00,CREDIT,381.45,GBP,3597,CP9456,ONLINE,REFS2Z0MX7F7K,2025-09-29 10:48:00+00:00
TXN0000000813,ACC00000437,2024-07-09 11:22:00+00:00,2025-02-05 03:49:00+00:00,DEBIT,761.49,USD,6577,CP4764,POS,REFRW6FOFXSFV,2025-06-29 03:11:00+00:00
TXN0000000814,ACC00000446,2026-03-19 03:06:00+00:00,2024-06-12 03:35:00+00:00,DEBIT,532.35,GBP,5118,,ONLINE,REFLLD1Z4N05J,2025-07-30 15:32:00+00:00
TXN0000000815,ACC00000383,2025-01-23 09:15:00+00:00,2025-07-31 07:59:00+00:00,DEBIT,204.67,GBP,2704,CP2305,ONLINE,REF3AYOVQ7DV8,2025-09-15 10:33:00+00:00
TXN0000000816,ACC00000777,2025-02-06 21:39:00+00:00,2025-11-09 19:05:00+00:00,DEBIT,411.06,GBP,5810,CP8580,POS,REFF39CDP653G,2025-04-02 18:48:00+00:00
TXN0000000817,ACC00000526,2024-02-13 21:08:00+00:00,2025-10-12 04:30:00+00:00,DEBIT,192.83,USD,6609,CP9863,POS,REFY0NOEVVAZI,2026-02-13 11:36:00+00:00
TXN0000000818,ACC00000466,2025-06-04 07:30:00+00:00,2025-11-24 23:48:00+00:00,DEBIT,729.23,GBP,3234,CP3942,ONLINE,REF93YQ08R418,2025-05-24 00:19:00+00:00
TXN0000000819,ACC00000093,2025-05-12 05:29:00+00:00,2026-03-15 00:53:00+00:00,DEBIT,1084.21,USD,9543,CP8558,ONLINE,REFWGA52OXDYU,2024-12-11 05:24:00+00:00
TXN0000000820,ACC00000032,2024-01-29 05:34:00+00:00,2025-03-04 10:01:00+00:00,CREDIT,512.36,EUR,8948,,BRANCH,REFRMF5RCTHW7,2024-02-22 15:21:00+00:00
TXN0000000821,ACC00000162,2025-08-31 13:49:00+00:00,2025-03-24 23:25:00+00:00,DEBIT,400.13,USD,9871,CP1669,ATM,REF2KQXDE84A9,2024-01-27 23:20:00+00:00
TXN0000000822,ACC00000241,2025-10-27 12:26:00+00:00,2024-04-15 04:10:00+00:00,DEBIT,37.62,GBP,5589,CP4807,ONLINE,REFWN5AURDKAW,2025-07-14 01:07:00+00:00
TXN0000000823,ACC00000598,2024-01-05 10:58:00+00:00,2024-06-02 17:41:00+00:00,CREDIT,849.51,GBP,8812,CP7539,POS,REFTQO5JL4823,2026-03-31 23:23:00+00:00
TXN0000000824,ACC00000313,2024-09-12 09:11:00+00:00,2024-08-30 20:45:00+00:00,CREDIT,1065.15,USD,6688,CP1368,POS,REFF93H7A8Q4G,2024-05-16 16:12:00+00:00
TXN0000000825,ACC00000298,2025-06-17 02:24:00+00:00,2025-10-09 00:23:00+00:00,DEBIT,741.28,GBP,1121,CP1112,ATM,REFA7RB7YJEO8,2024-09-05 02:06:00+00:00
TXN0000000826,ACC00000409,2026-04-06 08:16:00+00:00,2025-01-30 09:18:00+00:00,DEBIT,1897.66,USD,5546,,ONLINE,REFY1TTV2MUDC,2026-01-10 20:27:00+00:00
TXN0000000827,ACC00000010,2024-03-11 22:43:00+00:00,2025-03-05 17:44:00+00:00,CREDIT,1786.42,GBP,5229,CP8518,ONLINE,REFO29P5RBG9T,2024-01-06 19:03:00+00:00
TXN0000000828,ACC00000420,2025-02-26 02:02:00+00:00,2024-12-27 07:42:00+00:00,CREDIT,442.07,EUR,8628,CP5615,ONLINE,REFTEMTYB2DQL,2025-08-16 02:25:00+00:00
TXN0000000829,ACC00000213,2024-04-17 19:44:00+00:00,2024-01-05 08:23:00+00:00,CREDIT,1044.53,EUR,5637,CP8546,ONLINE,REFOBIXDBAFDG,2024-05-09 21:48:00+00:00
TXN0000000830,ACC00000425,2025-04-17 10:40:00+00:00,2025-01-13 10:51:00+00:00,DEBIT,607.25,GBP,2479,CP1564,ATM,REFJIQLU7PSU7,2025-06-27 23:20:00+00:00
TXN0000000831,ACC00000243,2024-07-28 10:34:00+00:00,2024-12-14 18:21:00+00:00,DEBIT,461.55,GBP,8254,CP8577,ATM,REFF58JBF9P9W,2025-12-26 01:41:00+00:00
TXN0000000832,ACC00000650,2026-04-17 20:58:00+00:00,2024-02-22 04:26:00+00:00,DEBIT,1620.02,EUR,7951,CP7033,ONLINE,REFUVUSP4MXBR,2024-02-14 21:01:00+00:00
TXN0000000833,ACC00000256,2024-11-02 13:53:00+00:00,2024-08-05 22:21:00+00:00,DEBIT,1057.29,GBP,6114,CP5028,ONLINE,REFSIAIMG5VVV,2024-01-15 14:18:00+00:00
TXN0000000834,ACC00000195,2024-09-28 01:23:00+00:00,2025-03-14 00:31:00+00:00,CREDIT,1150.29,USD,4519,CP2075,ONLINE,REF8S5E8YRRZB,2025-11-06 13:21:00+00:00
TXN0000000835,ACC00000385,2024-05-07 01:12:00+00:00,2025-05-25 15:49:00+00:00,DEBIT,394.05,GBP,5474,CP9576,ONLINE,REFUJ6T5VZTG1,2024-11-05 13:51:00+00:00
TXN0000000836,ACC00000171,2025-11-16 17:34:00+00:00,2025-07-05 19:51:00+00:00,CREDIT,466.37,GBP,5404,CP6052,ONLINE,REF2CYVQUZDIP,2025-06-05 07:59:00+00:00
TXN0000000837,ACC00000532,2024-01-02 04:31:00+00:00,2025-11-19 09:59:00+00:00,CREDIT,417.17,GBP,2277,CP4699,ONLINE,REFMMGMQ5VZ3T,2024-05-21 15:53:00+00:00
TXN0000000838,ACC00000383,2024-08-07 00:16:00+00:00,2026-03-23 06:14:00+00:00,CREDIT,196.11,GBP,1057,CP8545,BRANCH,REFWR0K5K9X9V,2024-12-16 00:46:00+00:00
TXN0000000839,ACC00000172,2024-05-26 15:26:00+00:00,2025-10-23 04:31:00+00:00,DEBIT,588.23,USD,6639,CP5278,POS,REFD4PXRJAIJQ,2024-01-08 19:27:00+00:00
TXN0000000840,ACC00000138,2024-08-01 13:08:00+00:00,2025-02-23 06:36:00+00:00,DEBIT,391.4,GBP,8507,CP6490,ATM,REFW4I81NKHXP,2026-03-02 11:30:00+00:00
TXN0000000841,ACC00000443,2025-06-05 03:16:00+00:00,2026-01-10 19:03:00+00:00,CREDIT,839.85,GBP,5907,CP2989,ATM,REFK0NC8MVZ8Z,2024-12-31 00:36:00+00:00
TXN0000000842,ACC00000502,2025-10-10 08:43:00+00:00,2024-09-26 21:52:00+00:00,CREDIT,1312.93,USD,1550,CP6875,ATM,REF8H6CA4NUWB,2025-02-07 18:05:00+00:00
TXN0000000843,ACC00000687,2024-10-04 14:07:00+00:00,2025-02-24 01:01:00+00:00,DEBIT,306.53,GBP,7335,CP3792,ATM,REFMB1FLX0GIJ,2025-12-31 13:33:00+00:00
TXN0000000844,ACC00000057,2025-06-25 18:14:00+00:00,2025-06-16 05:44:00+00:00,CREDIT,208.52,GBP,6271,CP4361,ATM,REF1L2C01II9V,2024-12-21 12:17:00+00:00
TXN0000000845,ACC00000534,2025-08-29 10:50:00+00:00,2026-01-29 07:25:00+00:00,CREDIT,554.68,GBP,3990,CP1679,POS,REF6W0Z5QNPOU,2024-05-16 08:13:00+00:00
TXN0000000846,ACC00000687,2024-08-04 00:36:00+00:00,2025-08-02 12:46:00+00:00,DEBIT,469.01,USD,6731,CP9294,POS,REFCKTMJCORHR,2025-02-07 14:47:00+00:00
TXN0000000847,ACC00000117,2025-02-25 18:51:00+00:00,2025-11-07 04:27:00+00:00,CREDIT,785.76,GBP,4554,CP6428,POS,REFEJ8RDLI0P8,2024-12-10 12:50:00+00:00
TXN0000000848,ACC00000609,2024-02-15 13:31:00+00:00,2025-07-30 00:11:00+00:00,CREDIT,532.1,GBP,3893,CP1152,POS,REFO4ZXHG25US,2025-10-01 10:46:00+00:00
TXN0000000849,ACC00000383,2025-02-15 08:44:00+00:00,2025-12-03 05:09:00+00:00,DEBIT,619.8,GBP,5042,CP3494,ATM,REF8PNSL0C04K,2024-02-18 19:25:00+00:00
TXN0000000850,ACC00000792,2026-02-13 21:55:00+00:00,2024-03-04 18:28:00+00:00,DEBIT,482.84,EUR,3100,CP2694,POS,REF6ZCEHVGU96,2026-04-11 23:00:00+00:00
TXN0000000851,ACC00000059,2025-09-13 20:44:00+00:00,2025-01-18 10:43:00+00:00,CREDIT,587.98,USD,5392,CP1022,ONLINE,REFMSFU4AUJI6,2024-03-16 13:10:00+00:00
TXN0000000852,ACC00000132,2024-01-04 18:11:00+00:00,2024-01-24 12:06:00+00:00,DEBIT,814.79,GBP,5897,CP8423,ONLINE,REFCPULXP56Y1,2026-02-04 02:29:00+00:00
TXN0000000853,ACC00000502,2024-06-26 16:34:00+00:00,2025-04-13 19:02:00+00:00,DEBIT,972.72,USD,5401,CP6326,POS,REFYWJ1BTV81C,2026-04-05 06:26:00+00:00
TXN0000000854,ACC00000331,2026-02-20 08:39:00+00:00,2025-03-18 20:58:00+00:00,DEBIT,990.3,GBP,9808,CP6563,ONLINE,REF4HWTGQ0P8X,2024-07-08 22:13:00+00:00
TXN0000000855,ACC00000501,2025-06-05 14:48:00+00:00,2025-04-18 00:58:00+00:00,DEBIT,952.34,GBP,4800,CP8100,ONLINE,REFNOWON1GV7T,2025-03-27 06:23:00+00:00
TXN0000000856,ACC00000751,2024-10-03 10:48:00+00:00,2026-01-08 02:21:00+00:00,CREDIT,1281.23,USD,5550,CP7502,BRANCH,REF9FXL6KPL0N,2025-09-17 02:36:00+00:00
TXN0000000857,ACC00000663,2024-12-25 03:54:00+00:00,2025-11-25 03:11:00+00:00,DEBIT,54.64,GBP,7131,CP8349,POS,REFBZ1Y46WTZZ,2024-01-08 22:08:00+00:00
TXN0000000858,ACC00000326,2025-12-24 07:53:00+00:00,2024-02-09 01:13:00+00:00,DEBIT,991.66,GBP,2944,CP6549,ONLINE,REFMTWYO2S8KC,2025-01-25 13:02:00+00:00
TXN0000000859,ACC00000602,2026-05-01 10:34:00+00:00,2025-08-21 06:16:00+00:00,DEBIT,350.35,GBP,7046,CP9124,ATM,REFKES6AG4HYV,2025-07-01 06:34:00+00:00
TXN0000000860,ACC00000035,2026-02-05 14:08:00+00:00,2024-11-12 19:02:00+00:00,CREDIT,683.31,GBP,6230,CP6416,ONLINE,REF08MHSSFJZ0,2026-02-12 20:41:00+00:00
TXN0000000861,ACC00000257,2025-05-17 03:29:00+00:00,2025-04-13 13:38:00+00:00,CREDIT,1117.93,GBP,1084,CP9379,POS,REF3CVCL0FCUK,2025-02-18 20:26:00+00:00
TXN0000000862,ACC00000316,2024-09-29 06:01:00+00:00,2025-05-02 05:58:00+00:00,DEBIT,28.76,GBP,8365,CP9962,ONLINE,REFY4FY8Q5SKZ,2024-05-12 16:46:00+00:00
TXN0000000863,ACC00000155,2025-10-19 13:51:00+00:00,2024-04-27 12:11:00+00:00,DEBIT,222.42,USD,8910,CP8371,BRANCH,REFMJXWE38XU4,2026-02-25 08:41:00+00:00
TXN0000000864,ACC00000582,2025-07-20 17:07:00+00:00,2026-01-15 02:35:00+00:00,DEBIT,743.24,GBP,6212,CP9796,ONLINE,REFFX6GXUWTC6,2025-02-27 14:02:00+00:00
TXN0000000865,ACC00000299,2026-03-18 03:48:00+00:00,2025-10-26 06:43:00+00:00,DEBIT,459.06,GBP,5322,CP4110,ONLINE,REFOK3VIMN2WS,2025-11-15 16:41:00+00:00
TXN0000000866,ACC00000360,2025-01-27 08:49:00+00:00,2024-08-31 21:52:00+00:00,CREDIT,653.27,USD,9095,CP8726,POS,REFJR76ZW0353,2024-03-01 21:10:00+00:00
TXN0000000867,ACC00000670,2026-01-08 01:12:00+00:00,2024-08-24 18:47:00+00:00,DEBIT,606.74,GBP,3232,CP2834,BRANCH,REFS4LQ6BOOLJ,2025-08-11 18:45:00+00:00
TXN0000000868,ACC00000180,2024-11-08 06:37:00+00:00,2025-10-12 02:47:00+00:00,DEBIT,940.81,GBP,9908,,ONLINE,REFUMIIP43QA4,2025-08-26 13:31:00+00:00
TXN0000000869,ACC00000727,2025-05-30 16:57:00+00:00,2025-09-02 05:36:00+00:00,DEBIT,606.06,USD,2980,CP2939,POS,REFBXBNN3PHG2,2025-10-07 13:09:00+00:00
TXN0000000870,ACC00000384,2024-03-07 16:31:00+00:00,2025-01-21 20:39:00+00:00,DEBIT,550.92,USD,6279,CP3476,ONLINE,REFO1RCZES2JD,2026-02-24 04:40:00+00:00
TXN0000000871,ACC00000760,2024-07-29 17:30:00+00:00,2024-05-30 03:00:00+00:00,DEBIT,1279.11,USD,8380,CP9523,ONLINE,REFEIIAGTPAUR,2025-10-26 12:10:00+00:00
TXN0000000872,ACC00000408,2025-03-29 20:47:00+00:00,2024-12-11 07:01:00+00:00,DEBIT,18.2,USD,1452,CP8869,ATM,REFL33TR7VJ3O,2024-12-16 15:28:00+00:00
TXN0000000873,ACC00000326,2025-01-02 16:14:00+00:00,2025-05-06 02:10:00+00:00,DEBIT,499.28,GBP,8011,CP5668,POS,REFIJSNIQ2P78,2026-01-17 05:26:00+00:00
TXN0000000874,ACC00000698,2026-01-19 07:13:00+00:00,2024-06-26 13:02:00+00:00,DEBIT,436.11,EUR,7938,CP4301,POS,REF6MRLVNMTS1,2025-01-09 20:07:00+00:00
TXN0000000875,ACC00000509,2025-02-18 09:48:00+00:00,2024-02-26 17:08:00+00:00,DEBIT,348.78,GBP,3915,,POS,REF96ZU38OPR4,2024-04-19 21:26:00+00:00
TXN0000000876,ACC00000194,2025-05-01 14:00:00+00:00,2024-05-28 16:14:00+00:00,CREDIT,735.39,GBP,6673,CP2455,POS,REFLYHA06NE27,2024-12-27 22:39:00+00:00
TXN0000000877,ACC00000418,2026-04-29 08:06:00+00:00,2025-10-30 14:28:00+00:00,CREDIT,2377.93,GBP,1008,CP6651,ONLINE,REFQXN4BB263G,2025-04-14 10:03:00+00:00
TXN0000000878,ACC00000398,2024-08-26 22:00:00+00:00,2026-02-05 08:11:00+00:00,CREDIT,1070.13,GBP,2696,CP2200,ONLINE,REFH1DQ11998L,2024-02-03 07:50:00+00:00
TXN0000000879,ACC00000061,2025-09-11 00:39:00+00:00,2025-04-09 01:20:00+00:00,DEBIT,465.32,GBP,8025,CP2882,ONLINE,REFMWFNEJWGYE,2024-11-04 09:22:00+00:00
TXN0000000880,ACC00000480,2024-04-25 11:12:00+00:00,2024-10-19 19:35:00+00:00,CREDIT,629.07,GBP,3839,CP1309,POS,REFW9OH3W5QUJ,2025-07-14 03:39:00+00:00
TXN0000000881,ACC00000334,2025-06-08 20:55:00+00:00,2024-11-27 15:47:00+00:00,DEBIT,912.06,GBP,4067,CP5438,ATM,REFQ9KVX765BD,2024-04-03 11:52:00+00:00
TXN0000000882,ACC00000450,2025-03-05 00:11:00+00:00,2025-07-08 17:56:00+00:00,CREDIT,921.89,USD,1430,CP6590,POS,REF1RIUX7GVDP,2024-08-28 02:50:00+00:00
TXN0000000883,ACC00000564,2025-07-12 04:25:00+00:00,2025-03-31 05:57:00+00:00,DEBIT,445.48,EUR,5927,CP7172,ONLINE,REF1Z9CBO41JV,2025-07-05 14:20:00+00:00
TXN0000000884,ACC00000622,2024-05-16 11:16:00+00:00,2025-07-14 04:03:00+00:00,DEBIT,752.49,GBP,4197,CP3962,BRANCH,REF7ZBUV68TZS,2025-08-13 21:24:00+00:00
TXN0000000885,ACC00000619,2026-03-17 05:02:00+00:00,2025-02-13 06:09:00+00:00,DEBIT,648.03,GBP,8349,CP1409,ONLINE,REF2YQS6UWBAM,2024-01-22 05:37:00+00:00
TXN0000000886,ACC00000032,2024-09-25 02:41:00+00:00,2024-06-11 22:42:00+00:00,DEBIT,1283.08,USD,8267,CP7975,ONLINE,REFG4PWV700QN,2025-01-02 19:45:00+00:00
TXN0000000887,ACC00000222,2024-06-23 07:57:00+00:00,2025-06-14 22:47:00+00:00,DEBIT,458.11,GBP,3046,,ONLINE,REFI7BS84DZHM,2026-05-02 09:27:00+00:00
TXN0000000888,ACC00000225,2024-03-28 19:02:00+00:00,2026-01-30 00:05:00+00:00,DEBIT,1335.2,GBP,5244,CP1224,ONLINE,REF54SNEPZA6Z,2024-11-24 12:24:00+00:00
TXN0000000889,ACC00000521,2026-01-11 20:22:00+00:00,2024-06-20 13:36:00+00:00,DEBIT,885.82,EUR,5673,CP5451,BRANCH,REFYZH1YQYT40,2024-01-16 05:53:00+00:00
TXN0000000890,ACC00000790,2025-04-06 14:08:00+00:00,2025-07-20 01:57:00+00:00,DEBIT,222.65,USD,9977,CP5806,ONLINE,REFD9NVYYAPKO,2026-03-28 07:14:00+00:00
TXN0000000891,ACC00000274,2024-01-08 08:48:00+00:00,2024-10-25 08:26:00+00:00,DEBIT,1681.65,EUR,8797,CP6244,ATM,REFM0UQ1ILNXY,2025-11-29 20:41:00+00:00
TXN0000000892,ACC00000670,2024-10-13 02:01:00+00:00,2025-12-21 13:23:00+00:00,DEBIT,303.58,USD,3703,CP7702,POS,REFSDRD4XCRPD,2025-11-19 21:21:00+00:00
TXN0000000893,ACC00000485,2024-02-27 22:44:00+00:00,2025-05-30 18:20:00+00:00,DEBIT,1169.4,EUR,5616,CP8602,ONLINE,REFEWKJCUHTST,2024-01-21 15:20:00+00:00
TXN0000000894,ACC00000736,2025-05-21 22:37:00+00:00,2024-05-20 23:56:00+00:00,DEBIT,798.9,GBP,9486,CP4571,ATM,REF8OIFOTDOMM,2024-12-09 23:29:00+00:00
TXN0000000895,ACC00000685,2025-12-22 08:06:00+00:00,2024-10-04 15:26:00+00:00,DEBIT,1357.49,GBP,5101,,POS,REF5IFWQC4E5T,2026-02-16 20:26:00+00:00
TXN0000000896,ACC00000376,2025-08-01 06:10:00+00:00,2024-01-14 18:26:00+00:00,DEBIT,410.37,GBP,3118,CP5856,ONLINE,REFM7KGOD7V8Z,2024-03-26 11:00:00+00:00
TXN0000000897,ACC00000391,2024-10-04 11:49:00+00:00,2026-04-18 22:52:00+00:00,DEBIT,699.93,GBP,8039,CP8988,ONLINE,REFZYH9ZMY2MS,2025-02-22 04:23:00+00:00
TXN0000000898,ACC00000606,2024-09-02 17:41:00+00:00,2024-01-20 20:27:00+00:00,DEBIT,1305.86,GBP,2919,CP1400,POS,REF9GA76SCR92,2024-11-30 12:21:00+00:00
TXN0000000899,ACC00000672,2024-03-18 01:39:00+00:00,2026-04-30 08:28:00+00:00,DEBIT,840.05,USD,6709,CP8852,ONLINE,REF24ZVSFJSHI,2025-06-27 16:10:00+00:00
TXN0000000900,ACC00000472,2025-05-09 22:39:00+00:00,2024-06-08 22:40:00+00:00,CREDIT,1071.08,USD,3816,CP6573,POS,REF84WQKOREVT,2025-05-30 19:54:00+00:00
TXN0000000901,ACC00000449,2024-11-12 03:40:00+00:00,2024-09-20 10:11:00+00:00,CREDIT,264.36,USD,9500,CP4338,ATM,REFDH6WVWTRWR,2024-01-29 00:17:00+00:00
TXN0000000902,ACC00000546,2024-05-27 04:48:00+00:00,2025-01-05 14:13:00+00:00,DEBIT,1268.93,USD,4894,CP5476,ATM,REFGJ3EY82PQM,2024-11-30 16:35:00+00:00
TXN0000000903,ACC00000480,2024-10-10 17:29:00+00:00,2025-04-08 17:29:00+00:00,DEBIT,396.75,USD,1095,CP6397,POS,REFH02O9DXYSU,2025-05-31 22:11:00+00:00
TXN0000000904,ACC00000629,2024-01-29 18:46:00+00:00,2025-12-12 08:30:00+00:00,CREDIT,165.29,GBP,6287,CP6919,BRANCH,REF7G3082WXTF,2025-08-27 18:04:00+00:00
TXN0000000905,ACC00000110,2026-01-23 17:30:00+00:00,2025-05-21 17:57:00+00:00,DEBIT,977.17,GBP,7962,CP2858,ONLINE,REFRU4MH981QE,2025-05-22 12:09:00+00:00
TXN0000000906,ACC00000270,2024-06-03 23:24:00+00:00,2025-07-03 08:00:00+00:00,DEBIT,780.67,GBP,3187,CP4709,POS,REF4SDXK54233,2025-03-08 05:16:00+00:00
TXN0000000907,ACC00000554,2024-09-18 18:26:00+00:00,2025-03-28 00:51:00+00:00,DEBIT,597.79,GBP,1841,,POS,REFJIUZQENEZG,2024-01-09 02:38:00+00:00
TXN0000000908,ACC00000781,2024-07-28 05:11:00+00:00,2025-12-14 22:38:00+00:00,DEBIT,1199.59,GBP,1771,CP7692,ONLINE,REF6OV7ZRS6PB,2025-10-23 11:30:00+00:00
TXN0000000909,ACC00000427,2025-01-17 02:31:00+00:00,2024-10-06 13:20:00+00:00,CREDIT,1155.34,USD,9334,CP7106,ATM,REFCKREC5D8SX,2025-05-07 00:44:00+00:00
TXN0000000910,ACC00000494,2024-11-01 04:11:00+00:00,2025-05-05 14:29:00+00:00,DEBIT,966.62,GBP,3876,CP4217,BRANCH,REFHDF86QJJG3,2024-06-11 08:18:00+00:00
TXN0000000911,ACC00000051,2024-10-23 00:16:00+00:00,2026-03-05 01:27:00+00:00,CREDIT,1204.78,GBP,1349,CP4004,ATM,REFWPV7YXKSHP,2024-01-08 08:31:00+00:00
TXN0000000912,ACC00000504,2026-05-02 22:41:00+00:00,2024-03-29 04:57:00+00:00,DEBIT,388.9,GBP,8764,CP4594,BRANCH,REFHS0DB9PDWY,2025-12-24 04:58:00+00:00
TXN0000000913,ACC00000748,2025-11-20 06:11:00+00:00,2025-09-21 16:32:00+00:00,CREDIT,201.73,EUR,9228,CP3020,ONLINE,REFTTJ8IU1PZ3,2025-08-18 19:26:00+00:00
TXN0000000914,ACC00000700,2025-03-05 03:06:00+00:00,2025-09-13 14:58:00+00:00,DEBIT,1732.07,GBP,1070,CP9131,ATM,REF4ML4FIVJ3X,2025-04-21 04:55:00+00:00
TXN0000000915,ACC00000476,2025-06-30 19:03:00+00:00,2024-06-05 17:19:00+00:00,DEBIT,386.76,GBP,9217,CP4197,ONLINE,REFODU64DS187,2026-02-05 07:29:00+00:00
TXN0000000916,ACC00000183,2024-02-06 06:19:00+00:00,2024-06-07 12:33:00+00:00,CREDIT,1898.76,USD,9428,CP9139,POS,REFFWSXWL8VVQ,2026-03-22 20:16:00+00:00
TXN0000000917,ACC00000742,2025-01-26 16:27:00+00:00,2024-03-03 19:08:00+00:00,DEBIT,110.89,GBP,3989,CP8758,BRANCH,REFDM6MI47MNS,2024-04-13 01:24:00+00:00
TXN0000000918,ACC00000260,2024-04-11 22:24:00+00:00,2025-06-08 04:57:00+00:00,DEBIT,845.2,USD,3802,CP3586,ATM,REFYSXS66XC4S,2024-06-26 14:26:00+00:00
TXN0000000919,ACC00000192,2024-08-08 01:30:00+00:00,2025-02-14 21:46:00+00:00,DEBIT,578.44,USD,1589,CP6046,POS,REFJ226W0VQDH,2025-09-15 23:00:00+00:00
TXN0000000920,ACC00000154,2024-01-13 04:34:00+00:00,2024-03-13 22:41:00+00:00,DEBIT,1.11,GBP,3119,CP9154,POS,REFXF99O9TVI2,2024-10-05 13:00:00+00:00
TXN0000000921,ACC00000778,2025-02-12 14:44:00+00:00,2026-02-13 12:16:00+00:00,CREDIT,1021.21,GBP,6839,CP9225,ONLINE,REFSI9UKWY6A8,2024-02-21 19:12:00+00:00
TXN0000000922,ACC00000154,2025-10-30 05:03:00+00:00,2024-05-02 14:01:00+00:00,DEBIT,570.5,EUR,3898,CP5472,ONLINE,REF2QQ3H309ZQ,2024-12-15 08:27:00+00:00
TXN0000000923,ACC00000268,2024-06-04 01:02:00+00:00,2024-01-02 10:12:00+00:00,DEBIT,1193.68,USD,2884,CP2820,POS,REF0M3H4JJEOX,2025-12-19 14:31:00+00:00
TXN0000000924,ACC00000541,2025-08-31 10:49:00+00:00,2025-05-19 02:41:00+00:00,DEBIT,228.78,USD,1064,CP7970,ATM,REFE6CCFAB00C,2025-01-04 02:13:00+00:00
TXN0000000925,ACC00000223,2026-03-22 07:25:00+00:00,2025-06-12 13:02:00+00:00,CREDIT,765.37,GBP,5485,CP5617,ONLINE,REFQP67OAEMA9,2026-04-24 18:39:00+00:00
TXN0000000926,ACC00000479,2026-04-01 13:46:00+00:00,2024-12-08 12:46:00+00:00,DEBIT,136.46,GBP,3362,CP6888,ONLINE,REF2H02DZEMG5,2024-04-26 01:21:00+00:00
TXN0000000927,ACC00000536,2024-05-18 02:36:00+00:00,2026-01-04 12:34:00+00:00,CREDIT,57.96,GBP,4203,CP3659,BRANCH,REF7EVS2MEXIT,2026-03-18 01:15:00+00:00
TXN0000000928,ACC00000151,2025-01-04 06:26:00+00:00,2025-06-11 00:50:00+00:00,DEBIT,1395.14,GBP,6660,CP1303,ONLINE,REFTMY2XR3RNH,2024-02-18 17:20:00+00:00
TXN0000000929,ACC00000491,2025-07-10 18:01:00+00:00,2024-07-25 02:44:00+00:00,DEBIT,161.5,GBP,5247,CP5363,ATM,REFB74MSS8ABA,2024-02-10 01:51:00+00:00
TXN0000000930,ACC00000630,2024-01-11 10:29:00+00:00,2025-10-18 12:24:00+00:00,DEBIT,89.55,GBP,9046,CP7577,BRANCH,REFX7H8Z5DMQM,2025-07-31 12:39:00+00:00
TXN0000000931,ACC00000642,2025-05-02 19:20:00+00:00,2024-11-08 15:55:00+00:00,DEBIT,1687.11,GBP,2343,CP7077,BRANCH,REFZ00HHRZUPB,2024-04-22 14:35:00+00:00
TXN0000000932,ACC00000551,2024-01-31 01:06:00+00:00,2025-08-14 11:40:00+00:00,DEBIT,887.19,GBP,4466,CP6017,ONLINE,REFESYOZ7DE9B,2024-02-02 05:00:00+00:00
TXN0000000933,ACC00000152,2025-05-21 07:08:00+00:00,2024-03-06 04:29:00+00:00,DEBIT,1288.51,GBP,1813,,POS,REFXZJ0FV1XQ7,2025-10-21 03:30:00+00:00
TXN0000000934,ACC00000549,2024-12-07 18:00:00+00:00,2025-08-19 16:12:00+00:00,DEBIT,517.28,EUR,3569,CP5912,ONLINE,REFJJZL6ODF43,2025-06-16 17:59:00+00:00
TXN0000000935,ACC00000571,2024-01-27 14:13:00+00:00,2024-05-06 05:48:00+00:00,DEBIT,121.2,GBP,9026,CP4551,POS,REFQ1FEYYMSAR,2024-10-30 15:22:00+00:00
TXN0000000936,ACC00000443,2025-09-22 14:05:00+00:00,2026-02-19 08:08:00+00:00,DEBIT,383.07,GBP,3141,CP4093,ONLINE,REFDE05AX16X7,2024-01-24 15:43:00+00:00
TXN0000000937,ACC00000164,2024-07-13 01:41:00+00:00,2025-07-24 21:23:00+00:00,DEBIT,547.31,EUR,1184,CP4804,ATM,REFD1D2HQ6VS4,2025-09-01 07:13:00+00:00
TXN0000000938,ACC00000371,2025-04-07 05:10:00+00:00,2024-08-31 11:43:00+00:00,CREDIT,464.71,USD,3744,,POS,REFJ4BF8SZMSJ,2025-10-29 03:25:00+00:00
TXN0000000939,ACC00000417,2024-04-05 03:13:00+00:00,2025-12-03 08:05:00+00:00,DEBIT,872.59,USD,6163,CP1493,ATM,REFKJX4AIJZS0,2025-10-24 15:26:00+00:00
TXN0000000940,ACC00000094,2025-07-07 12:36:00+00:00,2025-02-12 00:05:00+00:00,DEBIT,586.23,EUR,2423,,ONLINE,REF3I30XCMXG0,2024-09-22 03:22:00+00:00
TXN0000000941,ACC00000579,2024-02-12 23:32:00+00:00,2025-08-13 19:05:00+00:00,CREDIT,164.63,EUR,1372,CP9862,ONLINE,REFFWZ7FN3HK2,2026-01-18 14:02:00+00:00
TXN0000000942,ACC00000234,2025-04-28 02:41:00+00:00,2025-09-23 17:43:00+00:00,CREDIT,97.58,GBP,1253,CP2857,ONLINE,REFZHDC1RC4RF,2025-12-13 19:13:00+00:00
TXN0000000943,ACC00000198,2025-02-03 15:09:00+00:00,2024-09-24 17:01:00+00:00,DEBIT,2371.59,GBP,3749,CP9905,ONLINE,REF66N39ZVAYD,2024-01-29 13:59:00+00:00
TXN0000000944,ACC00000479,2024-07-09 03:01:00+00:00,2025-06-18 14:00:00+00:00,CREDIT,277.03,USD,3775,CP1279,ATM,REF4WQPI6NPDH,2025-02-26 23:48:00+00:00
TXN0000000945,ACC00000507,2026-04-03 08:20:00+00:00,2025-12-20 03:30:00+00:00,DEBIT,112.41,USD,8851,CP1586,ATM,REF5BP8799FDE,2025-03-19 16:16:00+00:00
TXN0000000946,ACC00000270,2025-12-27 08:47:00+00:00,2024-01-02 22:32:00+00:00,DEBIT,397.3,USD,3231,CP6797,ATM,REFBPI0QIN8SK,2024-11-28 22:31:00+00:00
TXN0000000947,ACC00000710,2025-02-21 03:31:00+00:00,2026-03-09 23:43:00+00:00,DEBIT,1635.98,GBP,6916,CP6594,POS,REFIFZK8JEPBV,2025-05-21 01:36:00+00:00
TXN0000000948,ACC00000648,2024-04-23 18:10:00+00:00,2025-02-13 15:55:00+00:00,CREDIT,1384.57,GBP,8595,CP3693,ATM,REFSH4FFHRRI0,2024-06-14 18:07:00+00:00
TXN0000000949,ACC00000300,2025-07-14 02:30:00+00:00,2024-04-15 11:10:00+00:00,CREDIT,848.39,GBP,9396,CP9796,ONLINE,REF1X5IL2ODXM,2025-03-12 05:40:00+00:00
TXN0000000950,ACC00000314,2026-05-04 00:29:00+00:00,2024-02-10 15:29:00+00:00,CREDIT,1610.61,GBP,9608,CP3016,ONLINE,REFXM7LRTNSN1,2025-09-27 10:41:00+00:00
TXN0000000951,ACC00000574,2024-09-19 09:15:00+00:00,2025-10-26 03:46:00+00:00,CREDIT,1669.36,USD,5057,CP1781,ONLINE,REFVO805AN7PT,2025-02-08 21:48:00+00:00
TXN0000000952,ACC00000746,2025-02-20 01:09:00+00:00,2024-02-26 15:52:00+00:00,CREDIT,600.38,GBP,6455,,ONLINE,REF0ITJ19XCQ7,2025-12-11 21:36:00+00:00
TXN0000000953,ACC00000368,2026-04-24 07:48:00+00:00,2024-10-19 01:18:00+00:00,CREDIT,719.76,USD,5106,CP2144,ONLINE,REFTAZV8OPHPG,2026-05-06 05:43:00+00:00
TXN0000000954,ACC00000274,2024-11-04 09:54:00+00:00,2024-08-19 07:27:00+00:00,DEBIT,541.32,GBP,4468,CP4996,ONLINE,REFGTF1N8DV6G,2025-04-20 07:17:00+00:00
TXN0000000955,ACC00000204,2026-03-16 04:11:00+00:00,2025-07-15 18:23:00+00:00,DEBIT,1218.81,USD,3766,CP8064,ONLINE,REFXM7XQQBFHN,2025-12-08 08:29:00+00:00
TXN0000000956,ACC00000058,2025-01-04 04:05:00+00:00,2026-01-19 14:38:00+00:00,CREDIT,1604.32,GBP,8064,CP1970,POS,REF657WBJKW3E,2024-06-20 21:36:00+00:00
TXN0000000957,ACC00000100,2025-10-25 12:00:00+00:00,2025-01-23 14:44:00+00:00,DEBIT,784.72,GBP,1556,CP6449,POS,REF9K5PZRUJ2W,2024-07-25 05:25:00+00:00
TXN0000000958,ACC00000302,2024-05-27 10:11:00+00:00,2024-06-04 20:58:00+00:00,DEBIT,526.97,GBP,4801,CP1525,POS,REF2TUBJS20EE,2025-03-17 01:50:00+00:00
TXN0000000959,ACC00000441,2024-08-07 18:17:00+00:00,2024-10-27 13:05:00+00:00,DEBIT,484.63,EUR,3919,CP6918,POS,REF1CD3K6BP4P,2025-06-21 09:23:00+00:00
TXN0000000960,ACC00000315,2026-02-12 02:09:00+00:00,2025-11-16 01:20:00+00:00,DEBIT,221.64,USD,3797,CP2234,ATM,REFVIX5KOB45U,2024-11-27 11:46:00+00:00
TXN0000000961,ACC00000054,2026-01-20 21:46:00+00:00,2024-03-09 02:02:00+00:00,DEBIT,27.44,GBP,5909,CP6085,ONLINE,REFLX2EFWR21W,2026-03-23 23:57:00+00:00
TXN0000000962,ACC00000650,2024-01-18 18:17:00+00:00,2026-04-28 18:59:00+00:00,CREDIT,2345.44,GBP,1805,,ONLINE,REF7UWQUYZ330,2024-10-04 06:47:00+00:00
TXN0000000963,ACC00000204,2024-11-08 23:52:00+00:00,2024-01-01 01:43:00+00:00,DEBIT,932.09,USD,1072,CP8992,ONLINE,REF1YT5290S2M,2024-05-31 23:01:00+00:00
TXN0000000964,ACC00000397,2025-04-01 15:56:00+00:00,2025-04-25 01:52:00+00:00,CREDIT,703.84,USD,8664,CP1586,ONLINE,REFIRYRMXB5HQ,2026-02-01 10:18:00+00:00
TXN0000000965,ACC00000748,2024-07-03 12:39:00+00:00,2024-04-18 15:35:00+00:00,CREDIT,663.66,GBP,8759,CP2981,ONLINE,REF6CY9NLZPYZ,2026-04-07 21:54:00+00:00
TXN0000000966,ACC00000441,2024-01-24 06:43:00+00:00,2026-01-24 11:01:00+00:00,DEBIT,119.9,GBP,1526,CP9665,ONLINE,REFA54JVR7JLB,2025-01-28 15:02:00+00:00
TXN0000000967,ACC00000657,2024-07-06 13:41:00+00:00,2026-01-13 05:00:00+00:00,DEBIT,915.27,USD,1205,CP8536,ATM,REFWMUMMM4EGC,2024-08-02 17:28:00+00:00
TXN0000000968,ACC00000409,2025-10-02 11:20:00+00:00,2025-01-16 01:09:00+00:00,DEBIT,72.61,GBP,4817,CP2047,ONLINE,REFUJ99A3XJZZ,2024-01-04 13:52:00+00:00
TXN0000000969,ACC00000337,2024-04-06 07:59:00+00:00,2024-12-22 21:18:00+00:00,CREDIT,1034.89,GBP,8883,CP3990,ONLINE,REFCCAF91RF48,2025-07-07 16:52:00+00:00
TXN0000000970,ACC00000213,2024-05-13 15:26:00+00:00,2025-08-01 15:10:00+00:00,CREDIT,453.01,USD,9751,CP9624,ONLINE,REFUMMKUQPJJS,2024-06-10 19:32:00+00:00
TXN0000000971,ACC00000786,2024-03-21 20:29:00+00:00,2025-12-03 20:14:00+00:00,CREDIT,975.99,GBP,2705,CP7658,ATM,REF7J0NRHUOY9,2026-02-20 23:22:00+00:00
TXN0000000972,ACC00000503,2025-09-09 09:46:00+00:00,2025-12-21 21:39:00+00:00,DEBIT,524.47,USD,9039,CP4662,ONLINE,REFOVJN7NQHEK,2025-10-04 15:56:00+00:00
TXN0000000973,ACC00000392,2025-07-24 00:43:00+00:00,2024-06-28 01:05:00+00:00,DEBIT,224.1,EUR,2733,CP4770,BRANCH,REFY9FTFOTP3Z,2025-01-31 08:44:00+00:00
TXN0000000974,ACC00000087,2024-05-17 08:22:00+00:00,2024-01-13 21:11:00+00:00,CREDIT,612.53,GBP,6687,CP1080,ONLINE,REF4ROSFR68F8,2024-10-28 00:12:00+00:00
TXN0000000975,ACC00000350,2026-04-27 22:22:00+00:00,2025-09-26 15:23:00+00:00,DEBIT,688.13,USD,1806,CP4010,BRANCH,REF6KRINW8TM9,2024-04-07 23:20:00+00:00
TXN0000000976,ACC00000251,2025-08-21 17:22:00+00:00,2025-10-01 19:30:00+00:00,DEBIT,1516.55,GBP,7222,CP3405,ONLINE,REF951VYW5RWW,2025-02-28 06:42:00+00:00
TXN0000000977,ACC00000112,2024-04-24 12:02:00+00:00,2024-10-02 20:29:00+00:00,DEBIT,533.48,GBP,9881,CP2519,ONLINE,REFRTETOL4FE9,2026-03-17 18:25:00+00:00
TXN0000000978,ACC00000099,2024-05-14 03:06:00+00:00,2025-11-21 22:41:00+00:00,DEBIT,421.17,USD,6370,CP3192,ONLINE,REF4U7IM82G6J,2025-03-17 01:51:00+00:00
TXN0000000979,ACC00000609,2025-08-11 21:07:00+00:00,2025-11-10 10:40:00+00:00,DEBIT,754.82,USD,3431,CP2730,ONLINE,REFGOVWH4S5YK,2025-09-03 06:40:00+00:00
TXN0000000980,ACC00000796,2024-11-23 17:37:00+00:00,2024-08-23 19:27:00+00:00,CREDIT,396.39,USD,5811,CP3856,ATM,REFVYV8WEGFLK,2025-03-20 06:07:00+00:00
TXN0000000981,ACC00000033,2024-04-03 05:51:00+00:00,2024-11-25 19:55:00+00:00,CREDIT,707.91,GBP,7246,CP2137,BRANCH,REFQIW9VZ95VG,2025-12-28 15:52:00+00:00
TXN0000000982,ACC00000057,2025-03-16 17:56:00+00:00,2026-02-05 14:47:00+00:00,DEBIT,972.04,USD,1221,CP6284,ONLINE,REFYWVZTU8S5Q,2025-10-03 09:10:00+00:00
TXN0000000983,ACC00000086,2025-02-18 22:18:00+00:00,2024-11-12 08:53:00+00:00,DEBIT,425.91,GBP,9294,,ONLINE,REF2WMX8OHU0D,2024-11-27 01:48:00+00:00
TXN0000000984,ACC00000429,2026-01-20 19:51:00+00:00,2026-02-17 05:22:00+00:00,DEBIT,1800.73,USD,9357,CP2407,POS,REFDOSG53CAVQ,2025-04-08 03:08:00+00:00
TXN0000000985,ACC00000102,2025-07-02 13:16:00+00:00,2024-06-03 12:42:00+00:00,CREDIT,1353.76,USD,7048,CP6761,POS,REFTEY8UKNRAR,2026-03-25 19:40:00+00:00
TXN0000000986,ACC00000077,2025-05-05 17:27:00+00:00,2025-11-25 21:39:00+00:00,DEBIT,365.91,USD,3648,CP9535,ATM,REFB45OCEYJDC,2024-07-29 21:57:00+00:00
TXN0000000987,ACC00000595,2026-03-21 16:43:00+00:00,2026-02-20 23:16:00+00:00,DEBIT,1581.98,GBP,1818,,ONLINE,REFOH5WYZMO4C,2025-01-26 21:53:00+00:00
TXN0000000988,ACC00000339,2025-03-07 04:13:00+00:00,2025-11-16 20:10:00+00:00,CREDIT,1040.22,GBP,9869,CP7875,ONLINE,REFLOY9QQ7UVW,2025-03-22 20:30:00+00:00
TXN0000000989,ACC00000032,2025-04-19 12:03:00+00:00,2024-02-27 09:05:00+00:00,CREDIT,1589.62,GBP,6350,CP6453,ONLINE,REFEV1ZY9HW45,2024-07-11 04:31:00+00:00
TXN0000000990,ACC00000529,2024-01-10 16:33:00+00:00,2025-02-18 09:07:00+00:00,CREDIT,1391.75,GBP,2918,CP4984,BRANCH,REFGMQ0RDBJM9,2024-03-30 09:23:00+00:00
TXN0000000991,ACC00000048,2024-10-02 09:29:00+00:00,2024-12-23 23:13:00+00:00,CREDIT,372.56,USD,6867,CP4554,POS,REFQ0E5JS52IA,2025-11-23 18:53:00+00:00
TXN0000000992,ACC00000090,2024-09-22 00:32:00+00:00,2025-03-27 09:02:00+00:00,DEBIT,1073.2,USD,2380,,POS,REF0AR7HY1YE6,2024-02-02 03:52:00+00:00
TXN0000000993,ACC00000782,2026-02-06 07:28:00+00:00,2026-03-23 21:54:00+00:00,CREDIT,415.58,USD,4060,CP8378,ONLINE,REF68DH2J95ZK,2024-03-21 08:38:00+00:00
TXN0000000994,ACC00000576,2026-04-20 21:35:00+00:00,2025-01-10 02:57:00+00:00,DEBIT,582.59,USD,3298,CP9441,ATM,REF7A4VXFI1VL,2024-07-01 08:31:00+00:00
TXN0000000995,ACC00000228,2024-03-31 18:07:00+00:00,2024-07-11 07:29:00+00:00,CREDIT,172.01,USD,9359,CP5356,BRANCH,REFBFZXN4GYVY,2025-03-05 18:14:00+00:00
TXN0000000996,ACC00000193,2025-08-08 01:31:00+00:00,2026-03-10 19:49:00+00:00,DEBIT,1133.88,GBP,7826,CP7315,ATM,REFV8LNFWS9GK,2024-01-16 18:29:00+00:00
TXN0000000997,ACC00000177,2024-10-25 19:54:00+00:00,2024-08-23 14:50:00+00:00,DEBIT,178.16,USD,7278,CP5486,BRANCH,REFUHD29Z8KPE,2025-09-25 00:02:00+00:00
TXN0000000998,ACC00000483,2025-08-03 04:05:00+00:00,2025-03-09 12:47:00+00:00,DEBIT,1306.55,USD,1744,CP3549,POS,REFM7P6UHW1Q7,2025-04-30 07:45:00+00:00
TXN0000000999,ACC00000602,2025-03-23 09:02:00+00:00,2025-08-10 21:38:00+00:00,DEBIT,312.39,GBP,1352,CP5238,ONLINE,REFT16U5YEEUO,2025-08-03 22:11:00+00:00
TXN0000001000,ACC00000743,2024-02-21 12:36:00+00:00,2025-04-03 12:34:00+00:00,DEBIT,3.18,GBP,8482,CP4371,ATM,REFQ25E7LA6SD,2026-02-01 16:38:00+00:00
TXN0000001001,ACC00000283,2026-01-24 23:48:00+00:00,2024-04-27 23:43:00+00:00,CREDIT,1862.76,GBP,5747,CP8812,ONLINE,REFP71TTAWVPI,2026-04-19 15:38:00+00:00
TXN0000001002,ACC00000190,2025-06-25 06:25:00+00:00,2025-01-20 00:53:00+00:00,DEBIT,1926.21,GBP,5598,CP4598,POS,REFVGWTWDSGZT,2025-11-15 05:11:00+00:00
TXN0000001003,ACC00000019,2025-09-14 23:40:00+00:00,2025-06-26 10:21:00+00:00,DEBIT,355.14,GBP,2795,CP1685,POS,REFZ1DSZZZXMH,2026-02-16 14:43:00+00:00
TXN0000001004,ACC00000468,2024-05-10 06:50:00+00:00,2025-05-23 02:51:00+00:00,CREDIT,1575.45,USD,2684,CP1112,ONLINE,REFBW6OMMRD7Z,2024-01-13 00:35:00+00:00
TXN0000001005,ACC00000610,2024-11-29 07:17:00+00:00,2026-03-25 14:19:00+00:00,DEBIT,391.19,USD,8242,CP2623,ONLINE,REFESWDWAOO8Z,2025-04-28 09:04:00+00:00
TXN0000001006,ACC00000138,2025-07-07 08:32:00+00:00,2025-09-05 21:02:00+00:00,DEBIT,615.77,USD,2801,CP7635,ONLINE,REFET5A78HRRW,2025-04-02 05:25:00+00:00
TXN0000001007,ACC00000774,2025-03-23 08:28:00+00:00,2026-03-30 11:33:00+00:00,DEBIT,264.97,USD,7115,CP3483,ONLINE,REFJ88363VFFJ,2024-03-08 19:17:00+00:00
TXN0000001008,ACC00000307,2024-02-10 16:10:00+00:00,2024-11-01 19:46:00+00:00,DEBIT,18.89,GBP,2023,CP3893,POS,REF72TY87XFAY,2024-01-13 13:36:00+00:00
TXN0000001009,ACC00000434,2024-04-30 07:36:00+00:00,2025-02-04 16:32:00+00:00,CREDIT,85.15,GBP,4845,CP1765,POS,REFMUGR1M1EAV,2026-02-12 18:02:00+00:00
TXN0000001010,ACC00000014,2025-06-24 13:20:00+00:00,2024-03-21 08:17:00+00:00,DEBIT,1272.49,GBP,7647,CP3060,ONLINE,REFIRI9U2F3ZK,2025-10-11 22:59:00+00:00
TXN0000001011,ACC00000129,2024-10-07 13:11:00+00:00,2025-08-25 19:02:00+00:00,CREDIT,1946.31,USD,5844,CP2460,ONLINE,REF1YPSTKO0I7,2024-12-27 22:56:00+00:00
TXN0000001012,ACC00000457,2024-05-31 22:54:00+00:00,2025-06-11 01:13:00+00:00,DEBIT,333.94,USD,9205,CP1195,ONLINE,REFLAO57PWWK3,2024-05-25 11:49:00+00:00
TXN0000001013,ACC00000492,2024-01-10 05:04:00+00:00,2026-04-19 10:32:00+00:00,DEBIT,1570.63,EUR,9001,CP2779,BRANCH,REFRE138AQD28,2025-08-01 14:36:00+00:00
TXN0000001014,ACC00000780,2024-06-19 06:47:00+00:00,2025-02-14 05:18:00+00:00,DEBIT,704.99,GBP,5064,,POS,REF35XY5LPOWQ,2024-09-13 10:51:00+00:00
TXN0000001015,ACC00000648,2026-01-14 15:43:00+00:00,2026-01-22 01:43:00+00:00,CREDIT,103.08,GBP,8720,CP3198,ATM,REFH010TK2OLB,2025-12-29 09:14:00+00:00
TXN0000001016,ACC00000100,2026-01-30 04:55:00+00:00,2024-12-30 14:16:00+00:00,DEBIT,1527.35,EUR,3061,,POS,REFDHAR2HQ733,2025-05-02 09:26:00+00:00
TXN0000001017,ACC00000197,2024-01-15 11:57:00+00:00,2024-09-28 10:01:00+00:00,DEBIT,1378.98,GBP,6634,CP9235,ONLINE,REFB05ER5REDD,2025-02-04 14:45:00+00:00
TXN0000001018,ACC00000326,2024-12-02 00:56:00+00:00,2025-08-01 19:36:00+00:00,DEBIT,35.18,GBP,1350,CP9110,BRANCH,REFJOT30T8E2G,2026-01-13 17:57:00+00:00
TXN0000001019,ACC00000194,2024-08-01 06:00:00+00:00,2025-07-25 13:13:00+00:00,DEBIT,365.37,USD,2731,CP5784,POS,REFFOXQ24GI0G,2025-03-09 07:45:00+00:00
TXN0000001020,ACC00000488,2024-03-03 00:01:00+00:00,2024-07-06 08:23:00+00:00,CREDIT,360.81,EUR,3391,,ONLINE,REFPI9B8U3T72,2024-04-13 05:54:00+00:00
TXN0000001021,ACC00000714,2025-07-15 16:24:00+00:00,2026-02-22 07:20:00+00:00,DEBIT,940.71,GBP,6178,CP7817,BRANCH,REF1YDO80N51E,2024-01-26 20:43:00+00:00
TXN0000001022,ACC00000735,2024-09-11 09:47:00+00:00,2024-05-28 14:47:00+00:00,DEBIT,188.85,USD,7980,CP4873,ONLINE,REFKJG8F4CYGG,2025-11-30 08:33:00+00:00
TXN0000001023,ACC00000224,2026-01-01 12:29:00+00:00,2025-08-28 03:06:00+00:00,DEBIT,1375.98,GBP,9292,CP9087,ONLINE,REFK5298RGT82,2025-08-02 15:51:00+00:00
TXN0000001024,ACC00000003,2024-09-02 18:07:00+00:00,2024-04-29 02:44:00+00:00,DEBIT,58.96,GBP,5575,,ONLINE,REFMY5LRXUEAG,2025-03-22 16:31:00+00:00
TXN0000001025,ACC00000537,2025-09-18 00:00:00+00:00,2024-02-28 22:33:00+00:00,DEBIT,263.06,USD,9538,CP4861,ONLINE,REFSLLP7MK624,2024-11-25 08:29:00+00:00
TXN0000001026,ACC00000349,2025-06-12 16:36:00+00:00,2025-01-15 22:55:00+00:00,DEBIT,1243.49,GBP,4338,CP8779,POS,REFNTAZGLIU32,2024-09-12 07:54:00+00:00
TXN0000001027,ACC00000689,2026-02-25 18:05:00+00:00,2024-03-13 17:16:00+00:00,DEBIT,31.96,GBP,5408,CP8470,ONLINE,REFYX5ZOVD4X8,2025-09-17 22:00:00+00:00
TXN0000001028,ACC00000680,2024-05-04 08:07:00+00:00,2025-02-24 21:27:00+00:00,CREDIT,868.0,USD,4756,CP2328,ATM,REF5G7LL1R25N,2024-07-22 14:47:00+00:00
TXN0000001029,ACC00000357,2025-02-19 00:01:00+00:00,2025-06-07 19:35:00+00:00,CREDIT,1368.85,GBP,3216,CP7123,POS,REFBS1QXFHGUU,2025-07-14 08:49:00+00:00
TXN0000001030,ACC00000186,2025-08-16 02:24:00+00:00,2025-11-15 23:20:00+00:00,DEBIT,1327.1,USD,8234,CP6262,ONLINE,REF4E0GA4WEQR,2024-10-14 02:52:00+00:00
TXN0000001031,ACC00000678,2025-08-04 23:40:00+00:00,2025-09-02 07:52:00+00:00,DEBIT,19.47,EUR,9863,CP5304,ATM,REFTELQ8YHS6P,2024-04-15 13:07:00+00:00
TXN0000001032,ACC00000327,2024-06-04 07:08:00+00:00,2024-06-18 02:15:00+00:00,DEBIT,913.65,GBP,7985,CP3709,ONLINE,REFLM0A0NHGIO,2024-04-23 07:03:00+00:00
TXN0000001033,ACC00000356,2025-12-02 15:12:00+00:00,2024-12-31 18:26:00+00:00,DEBIT,308.68,USD,9032,CP9772,ATM,REFC1RL00M27J,2025-03-05 15:20:00+00:00
TXN0000001034,ACC00000121,2025-04-12 23:53:00+00:00,2024-04-30 16:42:00+00:00,DEBIT,260.08,GBP,2219,CP5923,ATM,REFKJWRCX2RCQ,2024-04-29 04:05:00+00:00
TXN0000001035,ACC00000711,2025-08-18 21:34:00+00:00,2024-08-02 01:52:00+00:00,DEBIT,1930.48,GBP,6492,CP7628,ONLINE,REFU64B9XSNQT,2025-06-30 19:49:00+00:00
TXN0000001036,ACC00000681,2026-03-02 18:46:00+00:00,2025-11-05 14:46:00+00:00,DEBIT,405.15,GBP,6115,CP1923,ONLINE,REFNP098T09YL,2024-10-09 06:35:00+00:00
TXN0000001037,ACC00000601,2025-04-15 23:45:00+00:00,2025-12-12 06:41:00+00:00,DEBIT,754.45,GBP,4016,CP6027,POS,REFI6B5H575ZV,2025-10-20 08:37:00+00:00
TXN0000001038,ACC00000019,2025-09-24 01:24:00+00:00,2024-10-08 22:59:00+00:00,DEBIT,1526.56,USD,6566,CP1023,ONLINE,REFN3BKYEKM39,2025-04-18 00:08:00+00:00
TXN0000001039,ACC00000613,2024-01-10 17:50:00+00:00,2025-06-28 00:56:00+00:00,DEBIT,406.7,GBP,6308,CP2494,ATM,REFRD7U8LSI6L,2024-09-20 12:54:00+00:00
TXN0000001040,ACC00000165,2026-01-20 10:19:00+00:00,2026-02-16 01:56:00+00:00,DEBIT,389.15,USD,8944,CP7235,ONLINE,REF5SODYNTGXH,2024-02-04 03:56:00+00:00
TXN0000001041,ACC00000539,2025-07-10 02:54:00+00:00,2024-06-08 04:42:00+00:00,CREDIT,416.19,GBP,2338,CP4709,POS,REF2YLSRO5Z4L,2024-08-09 11:14:00+00:00
TXN0000001042,ACC00000350,2025-07-14 13:30:00+00:00,2025-03-04 08:09:00+00:00,DEBIT,975.0,GBP,5948,CP2608,ONLINE,REFH8F83ZIYKO,2024-11-05 22:52:00+00:00
TXN0000001043,ACC00000701,2024-09-21 12:15:00+00:00,2024-12-20 19:31:00+00:00,CREDIT,2248.06,EUR,8197,CP5874,ONLINE,REFR6EW0IE3NC,2025-01-17 21:11:00+00:00
TXN0000001044,ACC00000274,2024-02-11 01:01:00+00:00,2025-11-09 04:00:00+00:00,DEBIT,1442.78,GBP,9137,,ONLINE,REFCCR30Y9QLN,2025-09-10 08:39:00+00:00
TXN0000001045,ACC00000017,2025-09-03 18:32:00+00:00,2024-12-08 10:18:00+00:00,DEBIT,1384.14,GBP,1845,CP7075,ATM,REFUV5LNGC6D6,2025-05-23 10:36:00+00:00
TXN0000001046,ACC00000407,2024-10-10 21:14:00+00:00,2025-07-13 05:52:00+00:00,CREDIT,1353.59,GBP,1728,CP5870,ATM,REFCJI0UUZ1Q4,2024-08-12 01:01:00+00:00
TXN0000001047,ACC00000311,2024-09-12 13:07:00+00:00,2025-08-11 16:55:00+00:00,DEBIT,400.49,GBP,8663,,ATM,REF61CXIK2772,2024-09-12 22:25:00+00:00
TXN0000001048,ACC00000354,2024-04-09 23:53:00+00:00,2025-05-10 17:55:00+00:00,CREDIT,699.78,GBP,2446,CP9349,POS,REFQWGORW3PHU,2024-09-09 16:02:00+00:00
TXN0000001049,ACC00000165,2024-09-07 14:05:00+00:00,2024-04-14 22:39:00+00:00,CREDIT,323.99,USD,2367,CP7580,ONLINE,REFPEPQBDQJHZ,2024-06-23 18:08:00+00:00
TXN0000001050,ACC00000116,2024-04-08 16:56:00+00:00,2024-05-24 02:54:00+00:00,DEBIT,603.83,GBP,1771,CP1127,POS,REFIFDRLF9IOJ,2025-11-03 15:31:00+00:00
TXN0000001051,ACC00000062,2024-03-28 10:05:00+00:00,2026-02-15 09:30:00+00:00,CREDIT,439.98,GBP,4804,CP7334,POS,REFBMZCTS8FEB,2025-03-01 02:00:00+00:00
TXN0000001052,ACC00000670,2025-11-09 19:35:00+00:00,2025-11-30 08:38:00+00:00,DEBIT,276.67,GBP,7004,CP5437,POS,REFCG6TFZ4KWP,2024-02-28 04:59:00+00:00
TXN0000001053,ACC00000547,2025-10-23 11:44:00+00:00,2026-01-16 17:17:00+00:00,DEBIT,654.36,GBP,4090,CP6142,ONLINE,REF7M3LIOXM5L,2025-03-19 00:41:00+00:00
TXN0000001054,ACC00000135,2024-09-22 10:32:00+00:00,2025-04-02 09:24:00+00:00,CREDIT,101.91,GBP,4587,CP8648,ONLINE,REF224Y3T55M3,2026-04-23 08:38:00+00:00
TXN0000001055,ACC00000324,2024-05-24 18:51:00+00:00,2024-01-06 09:11:00+00:00,CREDIT,340.43,EUR,7580,CP6907,ONLINE,REFSITCIV9BX7,2025-05-08 12:53:00+00:00
TXN0000001056,ACC00000175,2024-11-12 04:01:00+00:00,2025-08-20 07:59:00+00:00,CREDIT,1370.99,USD,4649,CP2089,ONLINE,REFZ599VL6L64,2025-08-26 08:47:00+00:00
TXN0000001057,ACC00000283,2024-07-12 20:16:00+00:00,2025-04-11 03:30:00+00:00,DEBIT,225.63,GBP,6723,CP5779,ONLINE,REFRD06ZTG5FR,2024-10-05 12:59:00+00:00
TXN0000001058,ACC00000220,2026-04-04 21:00:00+00:00,2026-01-08 17:58:00+00:00,DEBIT,722.08,GBP,3433,,POS,REFHCSJ6HLAJD,2025-01-06 12:44:00+00:00
TXN0000001059,ACC00000572,2024-03-11 11:13:00+00:00,2024-09-15 21:30:00+00:00,DEBIT,316.97,GBP,2874,CP6371,ONLINE,REF4822TIY5HT,2026-05-04 10:15:00+00:00
TXN0000001060,ACC00000719,2024-11-27 07:17:00+00:00,2026-03-24 05:05:00+00:00,DEBIT,1774.84,USD,8703,CP1430,ONLINE,REFV9WIQ6RL7P,2025-04-06 03:01:00+00:00
TXN0000001061,ACC00000304,2025-02-26 13:01:00+00:00,2024-09-25 13:05:00+00:00,CREDIT,318.17,GBP,3941,CP1415,ONLINE,REFAINWNY5TNW,2025-07-24 14:17:00+00:00
TXN0000001062,ACC00000703,2025-04-02 10:24:00+00:00,2025-04-14 05:31:00+00:00,CREDIT,601.15,GBP,4309,CP6854,ONLINE,REFFMRVPNM1OE,2026-02-23 21:43:00+00:00
TXN0000001063,ACC00000769,2025-08-11 19:38:00+00:00,2024-12-10 17:03:00+00:00,DEBIT,1169.17,GBP,5353,,POS,REF7RFKVDEK78,2024-06-29 09:18:00+00:00
TXN0000001064,ACC00000550,2024-09-13 09:37:00+00:00,2026-04-08 08:22:00+00:00,DEBIT,769.39,GBP,1180,CP5428,BRANCH,REFI31G1BBFYV,2024-09-01 10:45:00+00:00
TXN0000001065,ACC00000451,2025-12-21 08:55:00+00:00,2026-03-30 04:39:00+00:00,DEBIT,621.74,GBP,6544,CP2609,POS,REF6WXMTRB04C,2024-12-03 22:32:00+00:00
TXN0000001066,ACC00000517,2025-02-18 13:28:00+00:00,2026-05-02 05:27:00+00:00,DEBIT,787.51,EUR,2419,CP2789,POS,REFSMLZZFQZNF,2025-12-03 11:28:00+00:00
TXN0000001067,ACC00000052,2024-05-31 22:03:00+00:00,2025-04-01 13:39:00+00:00,CREDIT,113.63,GBP,7108,CP4038,POS,REFMVP9GW6QC3,2024-03-11 12:39:00+00:00
TXN0000001068,ACC00000571,2024-04-07 01:35:00+00:00,2025-05-30 16:41:00+00:00,DEBIT,302.29,GBP,6251,,ONLINE,REFRSHUY14FSD,2024-10-08 10:09:00+00:00
TXN0000001069,ACC00000018,2024-05-21 08:56:00+00:00,2025-09-25 14:37:00+00:00,DEBIT,1158.32,GBP,9733,CP5190,POS,REFD23I7SXNFO,2025-06-02 16:09:00+00:00
TXN0000001070,ACC00000458,2025-10-21 23:01:00+00:00,2025-07-08 16:29:00+00:00,CREDIT,736.14,GBP,9901,CP1400,POS,REFME7IJJZTB6,2026-04-05 22:04:00+00:00
TXN0000001071,ACC00000288,2026-04-09 04:45:00+00:00,2025-04-26 10:18:00+00:00,DEBIT,1430.18,GBP,8108,CP3251,ATM,REFQ2GQ4R40FP,2024-02-23 17:59:00+00:00
TXN0000001072,ACC00000017,2026-02-27 17:58:00+00:00,2024-10-12 10:32:00+00:00,CREDIT,1093.33,GBP,7888,CP2386,ONLINE,REFJUEGU13LUT,2024-12-01 06:37:00+00:00
TXN0000001073,ACC00000350,2024-04-03 22:32:00+00:00,2024-09-21 14:48:00+00:00,DEBIT,920.56,GBP,5056,CP9971,ONLINE,REFZEW697SQ1J,2024-09-10 23:07:00+00:00
TXN0000001074,ACC00000357,2024-06-04 04:41:00+00:00,2024-10-28 02:15:00+00:00,DEBIT,689.56,EUR,2805,CP8589,POS,REFLMHUTR72NV,2026-01-11 13:24:00+00:00
TXN0000001075,ACC00000340,2024-08-15 16:28:00+00:00,2024-10-11 00:07:00+00:00,DEBIT,428.69,GBP,5457,CP9389,BRANCH,REF2670CO6Z5J,2024-05-07 02:04:00+00:00
TXN0000001076,ACC00000350,2025-09-02 09:00:00+00:00,2025-09-17 04:46:00+00:00,DEBIT,565.44,USD,4624,CP5731,POS,REF27ES0RGPJ4,2024-04-20 00:13:00+00:00
TXN0000001077,ACC00000279,2024-06-01 12:09:00+00:00,2025-08-18 22:13:00+00:00,CREDIT,39.14,GBP,9879,CP4923,POS,REFW0DZRC2G7P,2025-06-25 04:11:00+00:00
TXN0000001078,ACC00000216,2024-02-04 16:22:00+00:00,2025-03-01 00:44:00+00:00,CREDIT,653.48,USD,8639,CP3442,POS,REF3X6A3E2WMI,2025-01-10 22:32:00+00:00
TXN0000001079,ACC00000730,2025-05-27 02:31:00+00:00,2024-12-02 19:27:00+00:00,CREDIT,1042.57,GBP,1925,CP8486,ATM,REFAMGCDJHR34,2025-03-13 11:51:00+00:00
TXN0000001080,ACC00000208,2024-09-25 22:20:00+00:00,2024-07-05 22:29:00+00:00,DEBIT,97.9,USD,7150,CP9077,ATM,REFK43N7KCVOO,2024-02-06 12:53:00+00:00
TXN0000001081,ACC00000127,2024-05-19 14:14:00+00:00,2024-12-06 21:04:00+00:00,DEBIT,611.95,USD,2800,,POS,REFK8CBH99LZF,2025-06-09 01:04:00+00:00
TXN0000001082,ACC00000176,2026-03-19 11:40:00+00:00,2025-12-16 18:13:00+00:00,CREDIT,1319.35,USD,2053,CP2125,ONLINE,REFAYVB9DR3LN,2026-02-23 07:37:00+00:00
TXN0000001083,ACC00000469,2024-07-16 13:19:00+00:00,2024-09-14 12:57:00+00:00,DEBIT,1542.36,GBP,6617,CP8640,ONLINE,REFDIHL1KPM9U,2024-04-01 10:44:00+00:00
TXN0000001084,ACC00000414,2024-06-12 07:22:00+00:00,2024-09-12 16:38:00+00:00,DEBIT,158.71,USD,5979,CP9148,ONLINE,REFH4SDH7F1OY,2026-04-28 22:06:00+00:00
TXN0000001085,ACC00000425,2025-04-10 00:00:00+00:00,2024-01-28 03:09:00+00:00,CREDIT,1798.23,GBP,3388,CP6895,ATM,REFP6GY3QE6H9,2024-03-05 03:03:00+00:00
TXN0000001086,ACC00000157,2024-10-28 02:10:00+00:00,2024-10-12 16:18:00+00:00,DEBIT,1646.71,GBP,2898,CP6955,POS,REFZY309RQD8V,2025-12-23 20:51:00+00:00
TXN0000001087,ACC00000030,2025-09-26 03:49:00+00:00,2026-03-17 09:30:00+00:00,CREDIT,573.48,GBP,2841,CP3671,POS,REF7X8E9UON2F,2024-05-02 14:21:00+00:00
TXN0000001088,ACC00000306,2025-07-27 04:35:00+00:00,2025-09-10 07:27:00+00:00,DEBIT,76.31,USD,9551,CP6222,ONLINE,REFWCZWJNU7M0,2025-06-19 08:24:00+00:00
TXN0000001089,ACC00000039,2025-12-19 10:06:00+00:00,2026-01-06 21:22:00+00:00,DEBIT,393.34,EUR,9195,CP6216,POS,REFPM06D5LHOI,2024-05-09 13:13:00+00:00
TXN0000001090,ACC00000183,2025-07-16 03:43:00+00:00,2025-02-20 03:58:00+00:00,CREDIT,300.67,GBP,6537,CP6579,ONLINE,REF1LKJ41FM7Z,2025-08-11 14:00:00+00:00
TXN0000001091,ACC00000566,2025-03-04 02:40:00+00:00,2024-03-12 11:26:00+00:00,CREDIT,1775.72,GBP,5207,CP5427,ONLINE,REFTT6Y3HEJN1,2024-07-03 08:23:00+00:00
TXN0000001092,ACC00000128,2024-06-29 20:20:00+00:00,2025-07-21 12:08:00+00:00,CREDIT,503.4,GBP,2878,CP5776,BRANCH,REF7UFY1WRC2V,2025-07-02 14:21:00+00:00
TXN0000001093,ACC00000493,2024-12-20 18:01:00+00:00,2025-12-23 04:44:00+00:00,DEBIT,261.49,GBP,3423,CP1885,ATM,REF4JPLNW60WJ,2025-07-08 16:23:00+00:00
TXN0000001094,ACC00000443,2024-10-20 21:55:00+00:00,2024-09-02 01:51:00+00:00,CREDIT,794.93,GBP,7330,CP9971,POS,REFNJUBHP0LNF,2025-04-26 12:40:00+00:00
TXN0000001095,ACC00000201,2025-02-11 03:56:00+00:00,2025-04-21 00:42:00+00:00,CREDIT,562.36,EUR,6328,CP5700,ONLINE,REFEC9JROI7BU,2025-10-21 23:37:00+00:00
TXN0000001096,ACC00000421,2024-02-02 01:29:00+00:00,2025-03-04 10:39:00+00:00,DEBIT,47.36,GBP,6501,CP9856,BRANCH,REFAT7KG8EO04,2025-10-19 04:28:00+00:00
TXN0000001097,ACC00000205,2025-09-08 05:14:00+00:00,2024-09-15 16:01:00+00:00,DEBIT,810.05,GBP,2926,CP7625,ONLINE,REF7C8N365ZNT,2024-04-28 17:59:00+00:00
TXN0000001098,ACC00000120,2024-02-26 08:27:00+00:00,2024-11-19 07:06:00+00:00,CREDIT,1907.52,USD,8796,CP7982,BRANCH,REF6YC750W308,2024-12-11 08:19:00+00:00
TXN0000001099,ACC00000114,2025-02-22 00:03:00+00:00,2025-01-22 01:08:00+00:00,DEBIT,1110.72,GBP,4363,CP2947,POS,REFCR74I6OU87,2024-02-28 01:07:00+00:00
TXN0000001100,ACC00000349,2024-03-28 04:35:00+00:00,2025-12-24 04:28:00+00:00,CREDIT,1170.99,GBP,4813,CP5889,ATM,REFQOKIZLRNAA,2025-08-03 05:29:00+00:00
TXN0000001101,ACC00000697,2024-09-05 16:09:00+00:00,2025-10-12 09:15:00+00:00,CREDIT,1030.15,GBP,7453,CP3526,POS,REFQIQGKLWWZ0,2024-03-30 23:05:00+00:00
TXN0000001102,ACC00000149,2025-04-14 02:01:00+00:00,2024-09-11 01:13:00+00:00,DEBIT,1707.21,GBP,7389,CP1816,ONLINE,REF1FA22GH9WL,2025-02-26 09:52:00+00:00
TXN0000001103,ACC00000328,2024-04-01 23:56:00+00:00,2026-05-07 14:43:00+00:00,CREDIT,1465.07,USD,7931,CP7253,ATM,REF861P0Y4Y27,2025-07-21 08:05:00+00:00
TXN0000001104,ACC00000134,2026-02-02 05:12:00+00:00,2024-06-29 20:45:00+00:00,CREDIT,1074.33,EUR,6004,CP5066,BRANCH,REFTJV1NCUIO9,2026-04-27 08:05:00+00:00
TXN0000001105,ACC00000054,2024-05-10 18:47:00+00:00,2026-02-07 15:04:00+00:00,DEBIT,1412.39,USD,9990,CP6438,POS,REFT2S38YR19S,2025-04-08 15:06:00+00:00
TXN0000001106,ACC00000698,2025-10-04 13:04:00+00:00,2025-07-03 13:40:00+00:00,DEBIT,498.95,GBP,2965,CP1798,POS,REF4UN9RPXXEV,2026-01-19 21:43:00+00:00
TXN0000001107,ACC00000497,2024-12-25 02:08:00+00:00,2025-10-26 05:18:00+00:00,CREDIT,686.17,GBP,5564,CP6824,POS,REF86O8FVNTPK,2025-05-18 06:35:00+00:00
TXN0000001108,ACC00000459,2024-01-31 20:57:00+00:00,2024-11-01 14:55:00+00:00,DEBIT,865.45,GBP,4654,CP9670,POS,REFARTCVBZAGU,2025-01-02 05:39:00+00:00
TXN0000001109,ACC00000627,2024-09-27 17:45:00+00:00,2024-12-26 13:12:00+00:00,CREDIT,1039.79,GBP,2444,CP8012,ONLINE,REFYSIHX23XXZ,2024-06-29 12:43:00+00:00
TXN0000001110,ACC00000698,2025-01-18 00:31:00+00:00,2024-03-05 03:08:00+00:00,CREDIT,865.6,GBP,4571,CP6566,ONLINE,REFDP1R481EOV,2024-02-01 21:21:00+00:00
TXN0000001111,ACC00000694,2026-01-23 13:27:00+00:00,2025-10-02 02:13:00+00:00,DEBIT,2404.92,USD,8381,CP6444,ONLINE,REFDIFKRMFMYK,2025-02-21 03:01:00+00:00
TXN0000001112,ACC00000593,2026-02-08 10:14:00+00:00,2025-07-10 22:00:00+00:00,DEBIT,1742.59,USD,5323,CP1110,POS,REFITH44FGCRC,2025-08-19 14:19:00+00:00
TXN0000001113,ACC00000231,2026-04-14 23:58:00+00:00,2025-05-18 17:54:00+00:00,DEBIT,551.63,GBP,1380,CP3963,ATM,REFM7PL0ARU5J,2026-04-20 21:09:00+00:00
TXN0000001114,ACC00000377,2026-02-11 08:19:00+00:00,2024-07-09 17:57:00+00:00,DEBIT,206.45,EUR,1010,CP7372,ONLINE,REFFNE5PQN7F1,2025-09-09 03:37:00+00:00
TXN0000001115,ACC00000339,2025-01-25 23:02:00+00:00,2025-05-14 17:48:00+00:00,DEBIT,170.62,USD,2521,CP8907,ONLINE,REF1NQCO7NDDJ,2024-06-14 07:27:00+00:00
TXN0000001116,ACC00000135,2024-11-08 20:11:00+00:00,2026-03-28 01:57:00+00:00,CREDIT,966.58,GBP,9959,,ONLINE,REF64ED16YD6M,2026-02-11 08:20:00+00:00
TXN0000001117,ACC00000014,2024-05-27 14:26:00+00:00,2025-02-08 13:04:00+00:00,CREDIT,345.73,EUR,1951,CP5165,ATM,REFOOGA351W06,2024-01-01 12:05:00+00:00
TXN0000001118,ACC00000770,2024-08-12 20:19:00+00:00,2024-11-22 22:56:00+00:00,DEBIT,794.3,GBP,2918,CP9230,ONLINE,REFJ0MPY54JQ4,2024-06-21 10:56:00+00:00
TXN0000001119,ACC00000483,2025-01-27 00:06:00+00:00,2024-11-01 11:39:00+00:00,CREDIT,987.49,GBP,2761,CP6801,ONLINE,REF5E81XCTQRA,2025-10-08 17:35:00+00:00
TXN0000001120,ACC00000062,2025-09-28 02:21:00+00:00,2025-06-06 10:32:00+00:00,CREDIT,163.51,USD,1078,CP7494,ATM,REF3JKP79YIO0,2024-04-07 01:55:00+00:00
TXN0000001121,ACC00000619,2024-08-30 00:23:00+00:00,2025-02-14 12:14:00+00:00,DEBIT,21.3,USD,7715,CP6125,ONLINE,REFEMKCTHGYMG,2025-02-02 13:52:00+00:00
TXN0000001122,ACC00000216,2025-05-26 23:47:00+00:00,2024-12-28 13:20:00+00:00,DEBIT,830.83,GBP,5063,,POS,REFT7EYEQIJIW,2025-12-04 18:38:00+00:00
TXN0000001123,ACC00000627,2026-03-28 20:13:00+00:00,2025-12-26 09:05:00+00:00,DEBIT,651.41,USD,3697,,POS,REF1BG9STPEJW,2026-04-20 02:29:00+00:00
TXN0000001124,ACC00000428,2026-01-19 09:31:00+00:00,2025-06-19 00:10:00+00:00,CREDIT,1516.32,USD,3968,CP5529,ONLINE,REFQDIRU0YJBY,2026-04-11 23:59:00+00:00
TXN0000001125,ACC00000624,2024-06-01 08:15:00+00:00,2025-10-05 17:43:00+00:00,DEBIT,760.14,GBP,5484,CP1494,ATM,REFBE9FAMYJDI,2024-03-01 00:27:00+00:00
TXN0000001126,ACC00000443,2024-12-24 17:26:00+00:00,2025-06-18 05:21:00+00:00,DEBIT,1453.98,GBP,5446,CP6937,ATM,REFT0TCUIRUQ9,2024-06-15 17:10:00+00:00
TXN0000001127,ACC00000296,2024-03-26 15:26:00+00:00,2024-05-22 02:10:00+00:00,DEBIT,597.4,USD,4853,CP9034,POS,REF478W66J7XO,2026-02-12 03:50:00+00:00
TXN0000001128,ACC00000144,2025-07-01 05:10:00+00:00,2025-11-09 16:45:00+00:00,DEBIT,2386.56,GBP,3603,CP3039,POS,REF5LUM4D5CXE,2026-02-24 20:39:00+00:00
TXN0000001129,ACC00000427,2024-11-21 03:47:00+00:00,2025-07-07 12:27:00+00:00,DEBIT,1397.14,GBP,7298,CP3906,POS,REFHH8QC7P1OG,2026-04-21 14:29:00+00:00
TXN0000001130,ACC00000150,2025-11-26 04:52:00+00:00,2025-08-21 01:58:00+00:00,DEBIT,1618.57,GBP,6690,CP6563,ONLINE,REFRU6JRNILMW,2026-02-15 05:49:00+00:00
TXN0000001131,ACC00000630,2025-04-14 21:11:00+00:00,2024-11-19 19:17:00+00:00,CREDIT,1333.19,USD,5350,,POS,REFR1W0VI6SP4,2025-08-11 09:47:00+00:00
TXN0000001132,ACC00000261,2025-02-07 14:00:00+00:00,2025-02-03 18:59:00+00:00,CREDIT,1385.31,EUR,6148,CP8009,ONLINE,REFG8XJFFL5Z9,2024-11-22 00:33:00+00:00
TXN0000001133,ACC00000138,2025-06-05 12:54:00+00:00,2026-01-01 19:33:00+00:00,DEBIT,127.82,GBP,2315,CP7239,ATM,REFH980Z94QH8,2025-11-30 22:39:00+00:00
TXN0000001134,ACC00000218,2025-03-04 22:51:00+00:00,2026-02-18 09:11:00+00:00,DEBIT,53.3,GBP,9418,CP5901,POS,REFEEA9R0TCPY,2024-08-01 13:43:00+00:00
TXN0000001135,ACC00000651,2025-01-31 11:59:00+00:00,2025-07-03 16:56:00+00:00,DEBIT,1101.93,GBP,9209,,ONLINE,REFCK5O4WAZ5R,2025-08-12 17:55:00+00:00
TXN0000001136,ACC00000401,2025-12-16 12:09:00+00:00,2024-06-09 22:53:00+00:00,DEBIT,603.99,EUR,2974,CP3018,POS,REFGCR31446X0,2025-09-13 16:52:00+00:00
TXN0000001137,ACC00000716,2024-05-13 08:04:00+00:00,2025-06-29 09:28:00+00:00,DEBIT,658.91,EUR,8980,,POS,REFWF2X1UEJLZ,2025-07-16 06:20:00+00:00
TXN0000001138,ACC00000316,2025-09-28 14:56:00+00:00,2024-02-06 10:09:00+00:00,DEBIT,1381.49,USD,9201,CP9512,ONLINE,REFLGQ8RU9R75,2026-04-04 05:36:00+00:00
TXN0000001139,ACC00000134,2025-02-22 17:28:00+00:00,2024-02-15 07:05:00+00:00,DEBIT,345.17,GBP,6412,,BRANCH,REFYUS90UZ22N,2024-05-24 15:58:00+00:00
TXN0000001140,ACC00000376,2025-06-06 08:50:00+00:00,2025-11-16 07:53:00+00:00,DEBIT,1410.59,EUR,6336,CP5713,POS,REFZTL38X2BMH,2024-09-08 03:13:00+00:00
TXN0000001141,ACC00000678,2025-09-30 09:30:00+00:00,2025-11-21 05:52:00+00:00,CREDIT,1180.41,GBP,2065,CP7465,ONLINE,REFN3Q7JJUFFB,2026-02-18 07:20:00+00:00
TXN0000001142,ACC00000194,2025-04-23 02:42:00+00:00,2025-09-23 17:35:00+00:00,CREDIT,631.19,EUR,8374,CP6019,ONLINE,REF6254PP232J,2025-09-24 17:35:00+00:00
TXN0000001143,ACC00000488,2024-06-12 18:03:00+00:00,2025-04-16 02:50:00+00:00,DEBIT,1.65,GBP,2847,CP4489,ATM,REF8JFS4ZOSAH,2025-08-06 15:12:00+00:00
TXN0000001144,ACC00000294,2025-10-16 06:23:00+00:00,2026-01-21 05:13:00+00:00,DEBIT,890.85,GBP,6674,,POS,REFG1QTQBQQXT,2026-02-17 09:08:00+00:00
TXN0000001145,ACC00000627,2024-01-16 01:26:00+00:00,2026-02-02 05:58:00+00:00,DEBIT,1081.11,USD,5669,CP8160,ONLINE,REF9HYDVS8FPJ,2025-12-12 22:59:00+00:00
TXN0000001146,ACC00000370,2024-04-21 16:19:00+00:00,2024-01-18 06:55:00+00:00,DEBIT,332.99,USD,4906,CP4233,ONLINE,REFYXVSYWOEZ8,2025-07-26 11:34:00+00:00
TXN0000001147,ACC00000364,2025-05-27 18:30:00+00:00,2025-03-18 12:33:00+00:00,DEBIT,456.62,GBP,7565,CP3036,ONLINE,REFVLICJXC3XL,2024-03-31 00:06:00+00:00
TXN0000001148,ACC00000569,2024-11-04 04:08:00+00:00,2025-03-22 09:08:00+00:00,DEBIT,1528.67,GBP,1668,CP1882,POS,REF9MT2S79RZO,2025-08-26 03:17:00+00:00
TXN0000001149,ACC00000571,2024-08-28 10:55:00+00:00,2026-03-17 14:59:00+00:00,DEBIT,306.95,USD,4498,CP6295,ONLINE,REFR6FT8QIADC,2026-01-24 15:29:00+00:00
TXN0000001150,ACC00000130,2024-10-05 06:19:00+00:00,2026-02-05 15:34:00+00:00,CREDIT,819.58,GBP,5419,CP4115,ONLINE,REFYMHUI99LLC,2025-08-04 13:11:00+00:00
TXN0000001151,ACC00000485,2024-02-24 09:46:00+00:00,2025-02-02 04:27:00+00:00,DEBIT,1193.31,GBP,7015,CP1654,ATM,REFA3UGS2BTWI,2026-03-31 23:34:00+00:00
TXN0000001152,ACC00000034,2025-03-05 23:48:00+00:00,2025-07-08 22:42:00+00:00,DEBIT,1065.8,USD,5203,CP6512,ONLINE,REF07O8W9H6BB,2025-09-26 06:35:00+00:00
TXN0000001153,ACC00000787,2025-01-22 17:09:00+00:00,2026-03-07 10:11:00+00:00,CREDIT,1332.62,GBP,9746,CP4146,ONLINE,REFHBOYM1RAV3,2024-02-28 20:19:00+00:00
TXN0000001154,ACC00000109,2024-04-23 04:05:00+00:00,2025-04-27 04:33:00+00:00,DEBIT,2023.3,GBP,4357,CP4050,ATM,REFX58UFKGGKD,2024-08-09 01:32:00+00:00
TXN0000001155,ACC00000230,2024-12-10 20:27:00+00:00,2025-04-18 23:24:00+00:00,CREDIT,395.45,GBP,1468,CP4161,POS,REFXLED5FSMUU,2024-09-05 04:32:00+00:00
TXN0000001156,ACC00000424,2024-09-15 19:47:00+00:00,2024-01-30 23:15:00+00:00,DEBIT,768.15,USD,5646,,POS,REFMS0D87WV2E,2025-02-03 09:08:00+00:00
TXN0000001157,ACC00000392,2026-02-08 11:10:00+00:00,2024-06-02 00:32:00+00:00,DEBIT,12.18,EUR,5469,CP4467,ONLINE,REF9ST2C5D78T,2024-03-12 08:44:00+00:00
TXN0000001158,ACC00000604,2024-12-31 08:36:00+00:00,2025-05-09 14:35:00+00:00,CREDIT,1021.87,USD,1809,,ATM,REFU0RL08DU86,2025-07-04 06:46:00+00:00
TXN0000001159,ACC00000441,2026-03-15 05:01:00+00:00,2024-08-19 08:28:00+00:00,CREDIT,773.47,GBP,9593,CP2219,BRANCH,REFKKSGKDTPLI,2025-03-03 20:14:00+00:00
TXN0000001160,ACC00000581,2025-02-13 21:44:00+00:00,2024-03-22 23:00:00+00:00,CREDIT,633.33,USD,1764,CP3037,POS,REFWHVBBGV0C0,2025-08-21 10:07:00+00:00
TXN0000001161,ACC00000712,2024-10-10 09:41:00+00:00,2025-02-20 05:42:00+00:00,DEBIT,915.84,USD,2138,CP1666,ATM,REFVJA666OHK3,2025-04-02 10:44:00+00:00
TXN0000001162,ACC00000374,2026-04-18 02:49:00+00:00,2025-07-03 07:52:00+00:00,DEBIT,264.15,GBP,1548,CP9013,ONLINE,REFRAZDKN5Z1L,2025-01-29 06:49:00+00:00
TXN0000001163,ACC00000518,2024-05-06 03:42:00+00:00,2024-08-15 08:40:00+00:00,CREDIT,674.43,USD,1094,CP9980,ATM,REFYHBW53JI20,2026-02-26 20:01:00+00:00
TXN0000001164,ACC00000416,2025-12-28 19:31:00+00:00,2025-10-10 11:52:00+00:00,CREDIT,510.04,GBP,7822,,ONLINE,REFK13Y0EDA7C,2024-05-27 04:08:00+00:00
TXN0000001165,ACC00000630,2026-03-03 06:34:00+00:00,2026-02-11 20:45:00+00:00,DEBIT,281.04,EUR,6339,,POS,REFNMIKEXPF1P,2024-10-30 07:37:00+00:00
TXN0000001166,ACC00000462,2025-07-17 02:33:00+00:00,2025-01-12 15:15:00+00:00,CREDIT,76.14,GBP,7565,CP9183,BRANCH,REFIW1PHLU34P,2024-09-21 14:05:00+00:00
TXN0000001167,ACC00000671,2024-05-30 14:15:00+00:00,2024-12-16 13:11:00+00:00,DEBIT,1097.14,USD,9862,CP9462,POS,REF64Z5H2ZXGZ,2025-11-01 15:10:00+00:00
TXN0000001168,ACC00000325,2024-01-03 21:27:00+00:00,2024-07-16 20:08:00+00:00,DEBIT,570.79,GBP,2530,,ATM,REFJSBPO1871U,2025-07-02 13:08:00+00:00
TXN0000001169,ACC00000202,2024-08-27 09:14:00+00:00,2026-04-03 14:31:00+00:00,CREDIT,362.33,GBP,9778,CP7601,ONLINE,REFOLLZ0WF5LK,2025-09-24 20:22:00+00:00
TXN0000001170,ACC00000750,2024-12-11 21:37:00+00:00,2025-10-21 22:49:00+00:00,CREDIT,620.88,GBP,4538,CP8420,BRANCH,REFM5QPFKVGIJ,2024-04-15 09:04:00+00:00
TXN0000001171,ACC00000134,2026-03-18 09:32:00+00:00,2024-02-07 01:16:00+00:00,DEBIT,41.84,GBP,4083,CP7820,POS,REF6TRC5XLJTF,2025-11-11 08:05:00+00:00
TXN0000001172,ACC00000687,2025-05-29 05:46:00+00:00,2024-12-04 06:21:00+00:00,DEBIT,99.13,USD,4123,CP8042,ONLINE,REF5RBP85QEH0,2024-02-06 22:34:00+00:00
TXN0000001173,ACC00000101,2024-03-07 16:33:00+00:00,2025-06-27 11:45:00+00:00,CREDIT,245.66,EUR,2405,CP9307,POS,REFQ6SSB3AF7Y,2024-09-01 13:10:00+00:00
TXN0000001174,ACC00000030,2024-10-10 18:51:00+00:00,2025-08-21 15:13:00+00:00,CREDIT,872.19,EUR,7513,CP4275,BRANCH,REFYK778SSWOM,2025-06-27 19:34:00+00:00
TXN0000001175,ACC00000059,2025-03-05 17:01:00+00:00,2024-03-03 04:49:00+00:00,DEBIT,2276.26,GBP,8710,CP2448,ATM,REFTBD3SJW11T,2026-01-10 17:05:00+00:00
TXN0000001176,ACC00000796,2025-02-18 12:16:00+00:00,2025-04-18 07:47:00+00:00,DEBIT,949.28,USD,3759,CP1532,POS,REFT5XS7PMAK9,2024-04-22 12:31:00+00:00
TXN0000001177,ACC00000674,2026-03-03 00:22:00+00:00,2025-10-13 21:52:00+00:00,DEBIT,817.11,GBP,7379,CP4502,POS,REFWHBR87XB1T,2024-02-08 01:46:00+00:00
TXN0000001178,ACC00000093,2024-04-10 03:02:00+00:00,2024-05-09 05:35:00+00:00,DEBIT,471.04,USD,7304,CP9723,ONLINE,REFFQITUW1901,2026-02-10 23:30:00+00:00
TXN0000001179,ACC00000724,2024-07-05 02:10:00+00:00,2024-12-18 14:59:00+00:00,DEBIT,1032.05,GBP,5719,,ONLINE,REF7LRLZOHK9Z,2025-09-11 12:34:00+00:00
TXN0000001180,ACC00000307,2026-04-14 11:19:00+00:00,2024-01-24 09:45:00+00:00,CREDIT,1799.31,GBP,1281,CP3298,BRANCH,REF3BN5HTL8SB,2024-10-16 02:22:00+00:00
TXN0000001181,ACC00000240,2024-07-19 21:47:00+00:00,2024-06-16 08:02:00+00:00,DEBIT,85.01,EUR,4893,CP1730,ATM,REF85KMTPSBYM,2024-08-02 13:36:00+00:00
TXN0000001182,ACC00000020,2024-10-12 02:51:00+00:00,2026-02-20 23:09:00+00:00,CREDIT,1825.82,GBP,1789,CP5414,POS,REFRSJU9N1A08,2026-04-03 09:18:00+00:00
TXN0000001183,ACC00000390,2026-01-13 05:15:00+00:00,2024-12-05 10:21:00+00:00,DEBIT,1135.3,GBP,8322,,ONLINE,REF57TK01TXLB,2025-01-11 00:29:00+00:00
TXN0000001184,ACC00000601,2024-01-31 03:45:00+00:00,2024-10-24 13:33:00+00:00,CREDIT,558.37,GBP,6685,CP4771,ONLINE,REF1PM55U959Q,2024-03-02 02:17:00+00:00
TXN0000001185,ACC00000173,2025-02-15 01:19:00+00:00,2025-09-10 23:50:00+00:00,DEBIT,2254.71,GBP,1047,CP9465,ONLINE,REFAYZ0RUB0DB,2024-12-03 13:06:00+00:00
TXN0000001186,ACC00000621,2025-09-17 23:33:00+00:00,2025-12-18 21:14:00+00:00,CREDIT,34.95,GBP,6517,CP5345,ONLINE,REFP8JAHOV99C,2024-01-02 19:09:00+00:00
TXN0000001187,ACC00000601,2025-03-10 00:52:00+00:00,2025-08-15 14:57:00+00:00,DEBIT,36.77,USD,1443,CP5017,ONLINE,REF00UH6OD8WH,2026-05-05 21:20:00+00:00
TXN0000001188,ACC00000360,2024-09-02 15:09:00+00:00,2025-04-14 20:02:00+00:00,DEBIT,40.75,GBP,8055,CP5618,ATM,REFV87WFYLAKH,2025-01-01 22:05:00+00:00
TXN0000001189,ACC00000473,2024-04-12 22:46:00+00:00,2024-10-27 03:06:00+00:00,CREDIT,42.52,GBP,5556,CP6186,ONLINE,REFT9FK0VWXJV,2024-10-20 13:07:00+00:00
TXN0000001190,ACC00000608,2025-10-19 16:24:00+00:00,2025-03-01 15:35:00+00:00,DEBIT,645.18,EUR,1337,CP8981,BRANCH,REFH7DT6GSH3H,2025-09-12 17:48:00+00:00
TXN0000001191,ACC00000112,2024-02-24 01:12:00+00:00,2025-07-04 02:23:00+00:00,CREDIT,1012.71,GBP,9452,CP7021,POS,REF228MF9L36W,2024-08-21 16:39:00+00:00
TXN0000001192,ACC00000636,2024-06-16 01:44:00+00:00,2026-03-18 18:26:00+00:00,CREDIT,1164.35,USD,2889,CP1207,ONLINE,REF7TVBQ2N9CW,2024-01-05 01:47:00+00:00
TXN0000001193,ACC00000318,2024-07-25 03:38:00+00:00,2025-10-14 09:25:00+00:00,CREDIT,842.01,USD,1986,,POS,REFYDJL1YIC7T,2025-01-27 20:01:00+00:00
TXN0000001194,ACC00000114,2025-04-02 17:52:00+00:00,2025-10-22 14:14:00+00:00,DEBIT,1268.35,USD,7152,CP4803,ONLINE,REFIXCEMSG68Y,2025-07-20 10:22:00+00:00
TXN0000001195,ACC00000721,2025-08-29 19:38:00+00:00,2025-06-24 12:53:00+00:00,DEBIT,212.92,GBP,8330,CP7041,ONLINE,REF5PDDCHM314,2024-08-17 08:00:00+00:00
TXN0000001196,ACC00000723,2024-02-20 02:05:00+00:00,2026-03-16 10:24:00+00:00,CREDIT,96.11,GBP,2806,CP7770,ONLINE,REFMSJDM249KI,2025-06-03 06:22:00+00:00
TXN0000001197,ACC00000203,2026-04-06 08:02:00+00:00,2025-09-15 00:19:00+00:00,DEBIT,1195.01,GBP,1940,CP1290,ONLINE,REFM6TXRRC33I,2025-09-29 14:31:00+00:00
TXN0000001198,ACC00000320,2024-01-14 06:19:00+00:00,2024-10-12 16:42:00+00:00,CREDIT,1061.77,GBP,2713,,ONLINE,REF5JQTIC1U58,2024-11-20 00:49:00+00:00
TXN0000001199,ACC00000571,2025-05-01 03:15:00+00:00,2024-09-27 23:42:00+00:00,DEBIT,1498.67,USD,8235,CP4680,POS,REF5NCXKLQBR6,2025-03-28 18:14:00+00:00
TXN0000001200,ACC00000298,2024-04-19 22:31:00+00:00,2025-03-17 15:47:00+00:00,DEBIT,208.83,GBP,7157,,POS,REF85RDC947OF,2025-01-10 12:35:00+00:00
TXN0000001201,ACC00000164,2026-02-04 03:37:00+00:00,2024-08-21 06:11:00+00:00,CREDIT,1349.51,USD,7054,,POS,REFOUE7GY7W59,2024-11-10 16:05:00+00:00
TXN0000001202,ACC00000105,2026-04-22 14:48:00+00:00,2025-12-29 05:39:00+00:00,DEBIT,668.94,GBP,2604,CP3223,ATM,REFBYBPQCUPY4,2024-08-19 22:18:00+00:00
TXN0000001203,ACC00000768,2025-10-29 17:26:00+00:00,2024-03-13 22:10:00+00:00,DEBIT,723.99,EUR,1289,CP9780,POS,REFJELLD3XYYL,2026-01-23 10:38:00+00:00
TXN0000001204,ACC00000197,2024-02-16 23:06:00+00:00,2024-10-17 17:38:00+00:00,DEBIT,1986.66,GBP,6341,CP7531,ATM,REFMWI5N6YVP3,2025-05-20 04:26:00+00:00
TXN0000001205,ACC00000117,2025-10-07 12:56:00+00:00,2024-12-04 11:34:00+00:00,DEBIT,912.43,GBP,3657,,POS,REFOJ5T5TKJHQ,2026-04-18 10:46:00+00:00
TXN0000001206,ACC00000513,2024-06-08 11:43:00+00:00,2025-04-21 22:28:00+00:00,CREDIT,1101.87,USD,1417,CP4753,ONLINE,REF4FD18S4206,2024-05-19 07:52:00+00:00
TXN0000001207,ACC00000082,2026-01-02 19:48:00+00:00,2024-01-30 00:42:00+00:00,DEBIT,327.34,GBP,9852,CP6296,ONLINE,REFT198L8B049,2024-10-20 06:39:00+00:00
TXN0000001208,ACC00000300,2024-02-22 23:32:00+00:00,2025-03-09 05:15:00+00:00,DEBIT,930.45,USD,7266,CP6955,POS,REF35YI2ZX0DV,2025-09-03 05:40:00+00:00
TXN0000001209,ACC00000281,2024-09-21 03:37:00+00:00,2025-11-24 19:16:00+00:00,CREDIT,1025.3,GBP,6376,CP6662,POS,REFKQSZIS0WGG,2025-01-11 09:16:00+00:00
TXN0000001210,ACC00000728,2025-10-25 09:54:00+00:00,2024-11-16 18:53:00+00:00,CREDIT,850.65,GBP,4524,,POS,REFWGDMIKBQVY,2025-09-20 21:13:00+00:00
TXN0000001211,ACC00000710,2025-10-13 14:52:00+00:00,2025-08-30 21:53:00+00:00,DEBIT,751.23,USD,9172,CP8642,ONLINE,REFDWPCL0315E,2024-05-04 15:20:00+00:00
TXN0000001212,ACC00000698,2025-06-20 10:55:00+00:00,2024-10-12 05:26:00+00:00,DEBIT,334.8,USD,5739,CP7175,ATM,REFVMSEZJR2HV,2024-02-09 16:12:00+00:00
TXN0000001213,ACC00000063,2025-01-08 00:40:00+00:00,2024-10-08 01:31:00+00:00,DEBIT,826.13,EUR,5448,CP2502,ONLINE,REFW2LQHUM5ZF,2024-04-17 04:45:00+00:00
TXN0000001214,ACC00000236,2024-05-03 02:13:00+00:00,2025-02-26 00:40:00+00:00,CREDIT,423.12,USD,6797,CP7327,ATM,REFFQKQ9KNQWI,2025-03-20 05:13:00+00:00
TXN0000001215,ACC00000657,2025-03-24 10:14:00+00:00,2025-07-22 19:20:00+00:00,DEBIT,1363.52,EUR,6855,CP3270,POS,REF4W8WYMQTPU,2024-02-01 19:28:00+00:00
TXN0000001216,ACC00000442,2024-12-11 16:10:00+00:00,2024-07-30 01:05:00+00:00,CREDIT,433.48,GBP,9732,CP4712,ATM,REFIO3T6Z2WA5,2025-01-30 01:25:00+00:00
TXN0000001217,ACC00000033,2025-12-24 03:01:00+00:00,2024-05-11 22:03:00+00:00,DEBIT,2061.82,GBP,4206,CP8822,ATM,REFSUHN15G9LR,2025-08-01 04:52:00+00:00
TXN0000001218,ACC00000786,2025-04-28 05:35:00+00:00,2024-08-18 07:36:00+00:00,DEBIT,66.23,USD,4083,CP1050,BRANCH,REFTSR6EC6722,2024-09-20 05:52:00+00:00
TXN0000001219,ACC00000678,2025-06-25 21:55:00+00:00,2025-06-07 00:44:00+00:00,CREDIT,1460.95,GBP,2394,CP2471,ONLINE,REF417DPDNWXM,2025-03-30 18:04:00+00:00
TXN0000001220,ACC00000055,2026-05-07 14:33:00+00:00,2024-04-30 07:46:00+00:00,DEBIT,988.6,USD,9605,,ONLINE,REFLH0RDV4YYJ,2025-08-15 04:42:00+00:00
TXN0000001221,ACC00000266,2026-02-01 00:30:00+00:00,2025-05-31 15:05:00+00:00,DEBIT,535.29,GBP,6969,CP1874,ATM,REF1FSQHJOFPC,2024-11-27 03:23:00+00:00
TXN0000001222,ACC00000249,2024-05-20 14:38:00+00:00,2026-02-16 12:09:00+00:00,DEBIT,238.23,GBP,8120,CP3927,POS,REF6XE0WBT5VC,2026-03-22 23:21:00+00:00
TXN0000001223,ACC00000406,2026-02-17 01:45:00+00:00,2025-07-11 07:15:00+00:00,DEBIT,247.43,USD,7311,CP7439,POS,REFPF27Z143C6,2025-10-31 17:40:00+00:00
TXN0000001224,ACC00000009,2024-08-20 14:07:00+00:00,2024-12-30 13:35:00+00:00,DEBIT,650.62,GBP,6443,CP2689,POS,REFN6HSXPZLC8,2024-06-30 16:49:00+00:00
TXN0000001225,ACC00000082,2025-03-01 03:27:00+00:00,2025-10-01 01:20:00+00:00,DEBIT,723.09,GBP,5195,CP6269,ONLINE,REFFQ6PP9H1H1,2024-04-14 10:23:00+00:00
TXN0000001226,ACC00000596,2024-01-29 17:44:00+00:00,2025-07-15 02:02:00+00:00,DEBIT,1464.02,USD,5026,CP8808,ONLINE,REFCLPRNRR23U,2024-12-22 15:56:00+00:00
TXN0000001227,ACC00000450,2025-06-08 03:49:00+00:00,2025-07-07 21:01:00+00:00,CREDIT,1570.46,EUR,5190,CP9619,ONLINE,REFT9AA5KXSKN,2026-03-30 04:00:00+00:00
TXN0000001228,ACC00000048,2025-09-22 15:53:00+00:00,2024-04-29 11:52:00+00:00,DEBIT,947.31,USD,8573,CP7628,POS,REFNVV26HEYGU,2025-01-27 20:11:00+00:00
TXN0000001229,ACC00000408,2024-06-07 04:57:00+00:00,2024-08-11 06:29:00+00:00,CREDIT,1166.31,USD,9356,CP7092,ATM,REFJ7FUGMPLIS,2025-07-09 23:48:00+00:00
TXN0000001230,ACC00000505,2024-07-26 21:38:00+00:00,2024-10-13 06:20:00+00:00,DEBIT,140.31,GBP,2736,CP6550,POS,REFACLSLYGR25,2024-03-03 15:55:00+00:00
TXN0000001231,ACC00000298,2026-02-15 18:40:00+00:00,2025-02-17 14:01:00+00:00,CREDIT,513.56,USD,3421,CP2478,POS,REF1CKZ8MKP80,2024-08-16 16:24:00+00:00
TXN0000001232,ACC00000359,2025-01-28 08:30:00+00:00,2024-05-12 20:41:00+00:00,CREDIT,1004.75,GBP,7722,CP2149,POS,REF7SZGGOBNHC,2024-05-25 02:20:00+00:00
TXN0000001233,ACC00000268,2025-05-17 03:34:00+00:00,2025-04-05 15:10:00+00:00,DEBIT,753.52,GBP,9473,,POS,REFFR3PQPO31B,2024-06-23 08:31:00+00:00
TXN0000001234,ACC00000491,2024-07-21 15:21:00+00:00,2025-06-07 14:04:00+00:00,DEBIT,1318.44,GBP,9983,CP8238,ATM,REFGONUJNRU2B,2025-11-28 05:33:00+00:00
TXN0000001235,ACC00000278,2026-05-07 07:02:00+00:00,2024-11-22 12:23:00+00:00,DEBIT,768.79,GBP,9420,CP6867,POS,REFJ4ROFEQ8WO,2025-01-04 02:58:00+00:00
TXN0000001236,ACC00000262,2025-04-03 13:35:00+00:00,2025-09-14 13:42:00+00:00,DEBIT,1602.81,GBP,3035,CP7306,ATM,REFXXFOW50286,2024-06-06 18:49:00+00:00
TXN0000001237,ACC00000295,2024-04-18 00:11:00+00:00,2025-09-27 11:29:00+00:00,CREDIT,618.38,GBP,1118,CP4413,ONLINE,REFFCS5ROT58O,2025-11-10 22:43:00+00:00
TXN0000001238,ACC00000641,2026-03-28 09:35:00+00:00,2025-12-14 18:42:00+00:00,DEBIT,1043.31,EUR,8683,CP5216,ATM,REF4SNAGPK57J,2025-12-13 19:42:00+00:00
TXN0000001239,ACC00000469,2024-01-16 21:46:00+00:00,2024-10-29 11:31:00+00:00,DEBIT,1020.11,USD,7158,CP6036,ATM,REFECIIYQG3A7,2026-02-11 21:16:00+00:00
TXN0000001240,ACC00000707,2026-01-03 17:23:00+00:00,2024-12-14 18:21:00+00:00,DEBIT,109.44,GBP,4904,CP2215,ONLINE,REFI28U81Q0TC,2024-02-14 02:48:00+00:00
TXN0000001241,ACC00000607,2026-03-14 11:29:00+00:00,2025-09-18 18:23:00+00:00,DEBIT,494.14,GBP,3880,CP1413,ONLINE,REFJAO5UAOU3R,2024-04-04 21:18:00+00:00
TXN0000001242,ACC00000347,2025-05-27 01:00:00+00:00,2025-01-11 00:57:00+00:00,CREDIT,82.26,USD,1965,CP1507,ONLINE,REFLN6NPOZL7M,2025-02-24 14:05:00+00:00
TXN0000001243,ACC00000412,2024-06-22 20:16:00+00:00,2024-12-16 10:57:00+00:00,DEBIT,345.83,EUR,2325,CP3760,POS,REFA1WW4QV1MC,2024-10-23 09:43:00+00:00
TXN0000001244,ACC00000534,2025-11-16 09:12:00+00:00,2025-10-26 07:44:00+00:00,CREDIT,260.1,GBP,8607,CP1363,ONLINE,REFJYHSZ1YJBA,2024-08-22 08:54:00+00:00
TXN0000001245,ACC00000439,2026-03-28 04:13:00+00:00,2025-10-06 12:08:00+00:00,CREDIT,568.03,USD,1652,CP2183,ONLINE,REFL2Y4U3ZHX3,2024-07-02 10:51:00+00:00
TXN0000001246,ACC00000600,2025-02-08 05:10:00+00:00,2025-07-30 22:40:00+00:00,DEBIT,496.95,GBP,4570,CP8360,ATM,REF84S4MXO5D2,2025-02-26 01:04:00+00:00
TXN0000001247,ACC00000405,2026-04-24 03:25:00+00:00,2024-03-25 14:07:00+00:00,DEBIT,435.01,USD,1374,CP1460,ATM,REF4NPG4XOJZU,2025-10-18 11:48:00+00:00
TXN0000001248,ACC00000799,2025-08-22 01:50:00+00:00,2024-11-03 16:23:00+00:00,DEBIT,321.04,EUR,9036,CP7518,ONLINE,REFOGDVRJG846,2024-05-08 18:24:00+00:00
TXN0000001249,ACC00000123,2025-01-28 19:42:00+00:00,2024-10-20 02:35:00+00:00,CREDIT,113.55,USD,9605,CP3176,BRANCH,REFFYPW2KZDJK,2025-08-19 19:29:00+00:00
TXN0000001250,ACC00000660,2026-02-20 12:35:00+00:00,2024-08-17 19:22:00+00:00,CREDIT,263.4,GBP,2977,CP7069,POS,REFSPT0YMBOBN,2025-07-01 02:36:00+00:00
TXN0000001251,ACC00000265,2024-12-26 14:16:00+00:00,2024-06-13 22:20:00+00:00,CREDIT,415.15,USD,8606,CP8714,POS,REFUJ7QAB2246,2025-11-03 07:49:00+00:00
TXN0000001252,ACC00000572,2025-02-11 21:30:00+00:00,2024-05-14 23:54:00+00:00,DEBIT,746.74,GBP,7943,CP5847,POS,REFQ1M7OC5XT3,2024-09-03 05:40:00+00:00
TXN0000001253,ACC00000586,2024-01-21 12:51:00+00:00,2025-11-09 11:09:00+00:00,DEBIT,1836.07,GBP,3106,CP2591,ATM,REFO1BAZETTZB,2026-03-01 20:50:00+00:00
TXN0000001254,ACC00000509,2025-03-29 21:43:00+00:00,2026-04-08 01:29:00+00:00,DEBIT,875.43,GBP,5089,CP9240,POS,REFJJZ4VVV6R4,2025-05-09 07:40:00+00:00
TXN0000001255,ACC00000116,2024-12-31 02:27:00+00:00,2025-11-15 16:41:00+00:00,DEBIT,525.61,GBP,3831,CP5702,ONLINE,REFQ3P9UDSWPB,2024-04-03 21:03:00+00:00
TXN0000001256,ACC00000610,2025-09-26 22:07:00+00:00,2025-05-27 05:49:00+00:00,DEBIT,609.04,GBP,6358,CP8930,ATM,REFHWS222TK8T,2024-01-27 03:32:00+00:00
TXN0000001257,ACC00000158,2024-09-08 18:54:00+00:00,2026-02-16 02:25:00+00:00,DEBIT,235.44,USD,6495,CP3874,ATM,REFT81F9QXZVP,2025-05-24 19:16:00+00:00
TXN0000001258,ACC00000494,2025-01-08 22:47:00+00:00,2025-10-27 10:06:00+00:00,CREDIT,418.39,EUR,9701,CP8967,POS,REFYH0K4TB8JR,2024-03-01 03:34:00+00:00
TXN0000001259,ACC00000221,2024-05-25 02:20:00+00:00,2024-03-09 19:40:00+00:00,DEBIT,857.08,GBP,9917,CP3433,ONLINE,REFJL5QCWSMMH,2024-09-24 12:33:00+00:00
TXN0000001260,ACC00000177,2024-02-26 23:07:00+00:00,2025-12-27 05:05:00+00:00,CREDIT,507.18,GBP,2867,,ONLINE,REFVJHHNATG5S,2025-06-09 06:49:00+00:00
TXN0000001261,ACC00000036,2025-02-20 09:52:00+00:00,2024-11-02 11:31:00+00:00,CREDIT,141.43,GBP,2390,CP5197,BRANCH,REFXE5TL185GC,2024-12-25 07:26:00+00:00
TXN0000001262,ACC00000010,2024-05-28 12:04:00+00:00,2024-10-29 22:18:00+00:00,DEBIT,855.32,EUR,2905,,ATM,REFO040Q722J3,2024-09-13 16:35:00+00:00
TXN0000001263,ACC00000107,2024-01-05 15:59:00+00:00,2024-11-23 04:03:00+00:00,DEBIT,1224.21,USD,3710,CP5706,BRANCH,REF4BEIJ77CRI,2025-07-13 15:24:00+00:00
TXN0000001264,ACC00000335,2024-01-10 06:12:00+00:00,2026-04-03 06:02:00+00:00,DEBIT,418.11,GBP,8206,CP8747,ONLINE,REFCAHRA0WA6R,2026-04-11 07:10:00+00:00
TXN0000001265,ACC00000155,2025-01-07 01:52:00+00:00,2026-03-19 21:08:00+00:00,DEBIT,748.84,EUR,8591,CP2413,ONLINE,REFWUT8VOMTLK,2024-01-29 10:45:00+00:00
TXN0000001266,ACC00000640,2025-10-26 16:49:00+00:00,2025-04-29 20:24:00+00:00,CREDIT,72.03,GBP,7858,CP8862,ONLINE,REFCJ4W5PV95U,2025-10-15 04:26:00+00:00
TXN0000001267,ACC00000707,2024-09-21 05:18:00+00:00,2026-02-22 19:56:00+00:00,CREDIT,978.98,GBP,2613,CP2148,POS,REFCFHZKELAA1,2025-06-01 10:45:00+00:00
TXN0000001268,ACC00000342,2024-08-04 22:47:00+00:00,2024-09-25 14:12:00+00:00,DEBIT,1520.69,GBP,6940,CP9600,ONLINE,REFZUYVHMCSH7,2025-08-04 23:11:00+00:00
TXN0000001269,ACC00000455,2025-12-12 03:39:00+00:00,2024-01-27 16:46:00+00:00,CREDIT,1326.35,USD,2562,CP9252,ONLINE,REF5UUI1VLIPO,2025-03-12 14:36:00+00:00
TXN0000001270,ACC00000793,2025-07-05 07:36:00+00:00,2026-03-04 17:09:00+00:00,CREDIT,309.83,USD,9937,CP2234,BRANCH,REFJH4Q498Q1V,2024-04-25 07:02:00+00:00
TXN0000001271,ACC00000169,2024-05-20 09:34:00+00:00,2024-11-03 01:12:00+00:00,DEBIT,972.3,USD,1482,CP7288,ATM,REFIZHTFO0QSG,2026-02-20 19:39:00+00:00
TXN0000001272,ACC00000793,2024-10-26 16:04:00+00:00,2026-04-22 23:23:00+00:00,CREDIT,366.84,GBP,8370,CP9701,ONLINE,REF7Y02JUQZ89,2025-01-08 13:19:00+00:00
TXN0000001273,ACC00000131,2024-08-13 00:00:00+00:00,2025-11-30 07:11:00+00:00,DEBIT,1447.98,GBP,9238,CP3079,POS,REFL8V74LQNKK,2025-08-13 15:21:00+00:00
TXN0000001274,ACC00000030,2024-11-04 03:47:00+00:00,2026-01-10 02:50:00+00:00,DEBIT,595.94,GBP,5359,CP6055,ATM,REFVBEY2EBV2U,2025-03-15 14:06:00+00:00
TXN0000001275,ACC00000582,2025-03-11 19:51:00+00:00,2024-06-21 23:18:00+00:00,DEBIT,67.31,USD,6096,,ONLINE,REFT9FX6F973P,2024-05-02 14:22:00+00:00
TXN0000001276,ACC00000630,2026-04-08 02:52:00+00:00,2024-10-19 00:47:00+00:00,DEBIT,245.97,GBP,3077,CP6638,ONLINE,REF1DJURTW6PM,2024-05-07 11:56:00+00:00
TXN0000001277,ACC00000176,2024-01-16 10:54:00+00:00,2025-12-20 05:37:00+00:00,CREDIT,835.79,GBP,5313,,ONLINE,REFL4338YSIA6,2024-06-19 17:54:00+00:00
TXN0000001278,ACC00000733,2024-08-22 01:09:00+00:00,2024-07-24 13:14:00+00:00,DEBIT,478.32,GBP,7373,CP4457,ONLINE,REFI3FP1FBWU8,2024-05-17 05:00:00+00:00
TXN0000001279,ACC00000133,2024-04-13 11:58:00+00:00,2024-10-23 20:53:00+00:00,DEBIT,575.53,USD,8672,CP1753,POS,REF6I0D6TKIR4,2024-11-06 02:20:00+00:00
TXN0000001280,ACC00000539,2024-03-13 12:30:00+00:00,2026-03-24 00:36:00+00:00,DEBIT,894.66,EUR,8122,CP9542,POS,REF4PG2U2T3G1,2025-06-15 21:05:00+00:00
TXN0000001281,ACC00000092,2026-01-06 11:48:00+00:00,2024-09-13 02:11:00+00:00,CREDIT,1153.54,GBP,1318,CP4633,POS,REFW75DVQYWRO,2025-04-16 20:42:00+00:00
TXN0000001282,ACC00000536,2026-04-06 22:35:00+00:00,2026-03-27 22:05:00+00:00,DEBIT,496.39,USD,2001,CP9420,ATM,REFO811K4C6KG,2024-12-14 13:54:00+00:00
TXN0000001283,ACC00000650,2025-02-01 22:18:00+00:00,2026-04-22 17:57:00+00:00,DEBIT,159.69,GBP,5160,CP5488,ONLINE,REFB0JS76F8RT,2026-03-29 01:39:00+00:00
TXN0000001284,ACC00000275,2025-02-17 22:50:00+00:00,2024-02-09 11:45:00+00:00,DEBIT,883.19,GBP,3276,CP9956,POS,REF4UK03BO0E8,2024-04-07 16:38:00+00:00
TXN0000001285,ACC00000583,2024-09-07 07:42:00+00:00,2026-04-30 21:10:00+00:00,CREDIT,842.64,USD,6655,CP3553,POS,REFO0B9JLGSQN,2024-10-17 14:27:00+00:00
TXN0000001286,ACC00000298,2025-09-21 10:14:00+00:00,2024-12-28 15:36:00+00:00,CREDIT,7.97,GBP,8270,CP5786,POS,REFKFT4GRG3WA,2025-03-22 07:06:00+00:00
TXN0000001287,ACC00000376,2024-11-13 17:05:00+00:00,2024-11-20 18:36:00+00:00,DEBIT,627.35,GBP,7738,CP4790,BRANCH,REFTQRNMESI8G,2024-06-18 17:23:00+00:00
TXN0000001288,ACC00000766,2024-04-05 00:20:00+00:00,2024-03-03 22:01:00+00:00,CREDIT,875.11,GBP,6170,CP6010,ATM,REFUGIQDYY3GD,2024-01-25 12:47:00+00:00
TXN0000001289,ACC00000462,2024-01-18 03:56:00+00:00,2024-10-16 15:38:00+00:00,CREDIT,122.11,GBP,9142,CP7387,ONLINE,REFU4EOHJXVP8,2024-06-08 08:13:00+00:00
TXN0000001290,ACC00000439,2026-02-18 08:58:00+00:00,2024-09-15 02:08:00+00:00,DEBIT,646.47,USD,2514,CP5825,ONLINE,REF4XBDJ6ETV9,2025-06-30 04:11:00+00:00
TXN0000001291,ACC00000722,2025-05-25 13:16:00+00:00,2026-03-30 20:15:00+00:00,CREDIT,1872.65,GBP,4008,CP8879,ONLINE,REFJYLJHKER29,2026-04-14 18:56:00+00:00
TXN0000001292,ACC00000594,2026-02-26 04:31:00+00:00,2024-06-06 10:19:00+00:00,DEBIT,1349.61,USD,6547,CP8102,POS,REFAW0A2FMNW0,2025-02-06 20:34:00+00:00
TXN0000001293,ACC00000506,2025-06-01 18:50:00+00:00,2025-02-20 00:05:00+00:00,DEBIT,182.12,GBP,5204,CP2986,ATM,REFXM5HJY9DJK,2026-01-04 05:21:00+00:00
TXN0000001294,ACC00000262,2025-03-10 03:20:00+00:00,2025-07-20 19:05:00+00:00,CREDIT,1206.49,GBP,5886,CP2361,ONLINE,REFUHDUVVJDJ7,2026-04-22 06:56:00+00:00
TXN0000001295,ACC00000125,2025-04-28 07:35:00+00:00,2026-03-11 03:13:00+00:00,CREDIT,1690.03,USD,6735,,ATM,REFNTYC6E2UV3,2024-06-24 20:45:00+00:00
TXN0000001296,ACC00000546,2024-12-11 10:47:00+00:00,2026-03-30 09:47:00+00:00,CREDIT,661.41,GBP,9930,CP7100,ATM,REFJFWEC9QE3X,2025-03-14 13:23:00+00:00
TXN0000001297,ACC00000574,2026-02-22 03:08:00+00:00,2026-01-17 07:16:00+00:00,CREDIT,900.44,GBP,5936,CP3710,ONLINE,REFOIABIDD9DC,2024-10-08 18:53:00+00:00
TXN0000001298,ACC00000417,2025-07-13 02:57:00+00:00,2026-03-31 16:45:00+00:00,DEBIT,975.2,GBP,8216,CP9702,ONLINE,REFOHCZQF1UHF,2024-02-26 08:44:00+00:00
TXN0000001299,ACC00000224,2025-04-04 15:21:00+00:00,2025-01-10 15:04:00+00:00,CREDIT,561.58,USD,6781,,ONLINE,REFSRWR9SONZE,2025-06-08 08:49:00+00:00
TXN0000001300,ACC00000476,2026-04-06 03:08:00+00:00,2024-07-25 06:38:00+00:00,DEBIT,692.31,GBP,2437,CP6822,ATM,REFTW70C6ZGZB,2024-09-16 09:42:00+00:00
TXN0000001301,ACC00000718,2024-08-27 18:23:00+00:00,2026-02-24 21:39:00+00:00,CREDIT,247.27,EUR,7405,CP9725,ATM,REFQI3NMH16AF,2025-07-08 06:44:00+00:00
TXN0000001302,ACC00000181,2026-02-22 18:31:00+00:00,2025-03-18 22:11:00+00:00,DEBIT,1081.35,GBP,2044,,POS,REFDSSXOVBUN0,2024-11-18 06:19:00+00:00
TXN0000001303,ACC00000018,2025-06-02 03:21:00+00:00,2025-04-17 13:34:00+00:00,DEBIT,424.53,GBP,5165,CP9630,ONLINE,REFL0T4SFADEP,2026-02-03 10:19:00+00:00
TXN0000001304,ACC00000387,2025-01-05 08:09:00+00:00,2025-03-01 02:11:00+00:00,CREDIT,186.37,EUR,1292,CP1542,POS,REF6VUEONM0BU,2026-04-17 00:28:00+00:00
TXN0000001305,ACC00000263,2025-01-20 20:02:00+00:00,2025-05-20 07:18:00+00:00,DEBIT,1531.66,GBP,2093,CP3835,ONLINE,REFOFLMH69YWJ,2024-04-15 22:13:00+00:00
TXN0000001306,ACC00000408,2026-02-19 21:51:00+00:00,2026-04-19 04:07:00+00:00,DEBIT,904.39,USD,5335,CP4885,POS,REFUSOTDIR8W3,2024-05-11 01:36:00+00:00
TXN0000001307,ACC00000400,2025-09-04 14:10:00+00:00,2026-02-25 03:09:00+00:00,DEBIT,105.19,GBP,1459,CP2656,POS,REFR42SCI7F17,2024-09-30 02:04:00+00:00
TXN0000001308,ACC00000580,2024-08-20 23:24:00+00:00,2024-01-27 05:39:00+00:00,CREDIT,478.89,GBP,1351,,ONLINE,REF5M4U5R1O4P,2025-05-26 12:55:00+00:00
TXN0000001309,ACC00000324,2024-01-20 04:18:00+00:00,2024-03-29 22:45:00+00:00,CREDIT,1368.47,GBP,6484,CP6385,BRANCH,REFYOZT9LQPLR,2024-06-22 06:11:00+00:00
TXN0000001310,ACC00000762,2026-03-16 09:27:00+00:00,2024-07-27 16:05:00+00:00,CREDIT,1206.13,GBP,5972,CP3828,ATM,REF6EN5AVJ7ES,2024-03-02 19:50:00+00:00
TXN0000001311,ACC00000241,2026-02-15 23:53:00+00:00,2024-08-17 01:05:00+00:00,DEBIT,649.15,GBP,5926,CP5333,ATM,REF9N21XO488M,2024-02-26 16:43:00+00:00
TXN0000001312,ACC00000691,2025-01-13 08:27:00+00:00,2024-10-23 18:54:00+00:00,DEBIT,225.78,USD,6099,CP5688,ONLINE,REF33VI89RETR,2025-05-23 17:02:00+00:00
TXN0000001313,ACC00000086,2026-03-02 14:29:00+00:00,2024-11-08 17:02:00+00:00,DEBIT,29.23,GBP,7926,CP1315,ONLINE,REF8S7G6EPZ2N,2025-05-21 10:32:00+00:00
TXN0000001314,ACC00000119,2024-05-24 01:22:00+00:00,2024-06-15 19:33:00+00:00,DEBIT,193.42,USD,3784,CP8694,POS,REFNC5A9SKQXD,2025-06-30 02:23:00+00:00
TXN0000001315,ACC00000179,2024-03-07 14:06:00+00:00,2025-09-08 01:35:00+00:00,CREDIT,162.84,USD,7129,CP2682,ONLINE,REFGERHBV9MYJ,2025-05-18 21:56:00+00:00
TXN0000001316,ACC00000627,2024-01-28 14:13:00+00:00,2025-07-12 20:33:00+00:00,DEBIT,764.22,GBP,3370,,POS,REFCEVDCD184V,2025-09-17 23:39:00+00:00
TXN0000001317,ACC00000705,2024-03-03 16:29:00+00:00,2025-12-29 02:37:00+00:00,DEBIT,646.95,GBP,2794,CP2419,POS,REFV29VY7LK3B,2025-04-30 13:46:00+00:00
TXN0000001318,ACC00000199,2024-05-05 11:24:00+00:00,2025-01-23 21:26:00+00:00,CREDIT,62.44,GBP,7897,CP4515,ATM,REFK0U34H4GB3,2024-02-26 23:21:00+00:00
TXN0000001319,ACC00000725,2026-04-04 08:48:00+00:00,2024-11-05 11:10:00+00:00,CREDIT,244.18,EUR,6723,CP5557,POS,REFAGPGHUOY7O,2024-05-23 01:54:00+00:00
TXN0000001320,ACC00000741,2025-10-29 15:34:00+00:00,2024-07-11 03:52:00+00:00,DEBIT,1085.17,GBP,5033,CP8879,ONLINE,REFNYPEE9N611,2024-01-06 09:25:00+00:00
TXN0000001321,ACC00000558,2025-10-18 07:30:00+00:00,2025-08-09 03:43:00+00:00,DEBIT,258.0,USD,8483,CP9374,ONLINE,REFMBA5TVDUMY,2024-03-24 14:42:00+00:00
TXN0000001322,ACC00000405,2025-11-11 23:03:00+00:00,2025-08-12 18:02:00+00:00,CREDIT,2436.65,USD,4556,,ATM,REFL7M56C79XW,2025-05-16 13:24:00+00:00
TXN0000001323,ACC00000331,2024-08-09 03:31:00+00:00,2025-06-09 04:04:00+00:00,DEBIT,0.18,USD,1788,,ONLINE,REFWDQ7I5ZSSI,2025-06-06 10:34:00+00:00
TXN0000001324,ACC00000320,2024-11-21 09:14:00+00:00,2025-11-17 06:12:00+00:00,CREDIT,155.77,EUR,8495,CP4650,POS,REFRPB3M5XUMV,2026-03-14 08:51:00+00:00
TXN0000001325,ACC00000454,2025-06-26 00:49:00+00:00,2024-11-24 12:35:00+00:00,DEBIT,1549.96,GBP,7614,CP8179,ATM,REFIPVNWZVKXE,2024-06-21 21:22:00+00:00
TXN0000001326,ACC00000240,2024-07-09 14:18:00+00:00,2026-01-14 22:13:00+00:00,CREDIT,346.2,USD,7395,CP6625,POS,REFLDRODN9MKI,2025-01-13 23:05:00+00:00
TXN0000001327,ACC00000194,2026-04-21 02:53:00+00:00,2024-04-06 14:09:00+00:00,DEBIT,667.98,GBP,7591,CP7129,BRANCH,REFMGFZDKUBKH,2025-07-02 18:12:00+00:00
TXN0000001328,ACC00000499,2024-11-04 16:54:00+00:00,2024-08-27 13:56:00+00:00,DEBIT,144.3,GBP,8963,CP3006,ONLINE,REFSISGWYLXJD,2024-04-26 07:07:00+00:00
TXN0000001329,ACC00000759,2024-11-28 22:29:00+00:00,2025-10-03 12:31:00+00:00,CREDIT,496.13,USD,6842,CP8235,ONLINE,REFIPCTNRMNG7,2025-05-31 21:53:00+00:00
TXN0000001330,ACC00000531,2025-11-18 05:24:00+00:00,2024-02-25 09:59:00+00:00,DEBIT,647.5,GBP,3486,CP4797,ONLINE,REFL8HDDKTOCM,2024-10-02 03:45:00+00:00
TXN0000001331,ACC00000620,2024-02-21 05:36:00+00:00,2025-12-29 22:04:00+00:00,CREDIT,85.77,GBP,5206,CP4174,ONLINE,REFZ53RZ6UVUT,2026-04-16 14:34:00+00:00
TXN0000001332,ACC00000741,2024-06-25 10:16:00+00:00,2025-05-10 02:00:00+00:00,DEBIT,256.93,GBP,5874,,ONLINE,REFBAMKIINU4W,2025-12-12 06:13:00+00:00
TXN0000001333,ACC00000046,2026-02-28 12:43:00+00:00,2025-11-01 06:44:00+00:00,DEBIT,1636.11,USD,3977,CP5296,POS,REF6X2AO6CV81,2025-12-07 14:01:00+00:00
TXN0000001334,ACC00000325,2025-06-24 12:09:00+00:00,2025-07-15 18:05:00+00:00,CREDIT,210.88,GBP,1231,CP8463,ONLINE,REFNS0HE990OA,2026-03-14 12:26:00+00:00
TXN0000001335,ACC00000346,2025-04-06 05:35:00+00:00,2025-09-25 03:56:00+00:00,DEBIT,1084.71,EUR,4942,CP8351,POS,REFOD5SCZM08Y,2026-01-19 03:05:00+00:00
TXN0000001336,ACC00000332,2025-06-12 09:02:00+00:00,2025-06-02 15:18:00+00:00,CREDIT,968.24,GBP,2700,CP7087,BRANCH,REF738UPVZ7S8,2024-12-15 09:00:00+00:00
TXN0000001337,ACC00000783,2025-04-04 13:27:00+00:00,2024-02-06 10:52:00+00:00,CREDIT,2279.8,GBP,6255,CP2205,ONLINE,REFDOSQMIC9Q8,2024-05-14 07:07:00+00:00
TXN0000001338,ACC00000268,2024-09-13 04:00:00+00:00,2024-01-31 03:15:00+00:00,CREDIT,408.72,GBP,8877,CP6786,POS,REFHMT1QE5OU4,2025-07-21 06:44:00+00:00
TXN0000001339,ACC00000297,2025-04-01 20:57:00+00:00,2026-01-09 06:50:00+00:00,DEBIT,54.66,GBP,9090,CP2523,BRANCH,REFH77U8XHFMM,2025-07-04 02:19:00+00:00
TXN0000001340,ACC00000247,2025-01-21 21:13:00+00:00,2024-06-11 00:48:00+00:00,DEBIT,279.58,GBP,1148,CP3376,POS,REF8X143ROPBG,2025-06-20 11:19:00+00:00
TXN0000001341,ACC00000390,2024-05-27 15:04:00+00:00,2024-09-11 08:51:00+00:00,DEBIT,1035.45,GBP,7625,CP7338,POS,REF3FKMSBZZRB,2026-02-28 15:00:00+00:00
TXN0000001342,ACC00000799,2026-05-04 22:13:00+00:00,2024-09-26 18:23:00+00:00,CREDIT,0.44,GBP,6687,CP2254,ONLINE,REF68JFJXESUR,2025-09-24 22:05:00+00:00
TXN0000001343,ACC00000743,2024-12-12 06:46:00+00:00,2025-03-16 00:31:00+00:00,DEBIT,570.01,EUR,2076,CP8113,ONLINE,REFL7F590YUP1,2024-06-16 17:48:00+00:00
TXN0000001344,ACC00000318,2025-07-15 12:30:00+00:00,2024-03-19 08:57:00+00:00,DEBIT,673.48,GBP,2678,,ATM,REFE7CPO84DXU,2024-09-13 17:28:00+00:00
TXN0000001345,ACC00000172,2025-03-03 22:08:00+00:00,2025-06-15 15:49:00+00:00,CREDIT,1811.42,GBP,3145,CP2524,POS,REFUD8WT19FWP,2025-06-08 15:29:00+00:00
TXN0000001346,ACC00000345,2025-01-01 19:08:00+00:00,2025-02-04 11:03:00+00:00,DEBIT,818.73,GBP,5545,CP8925,POS,REFA4RLUCDRUF,2024-12-09 16:46:00+00:00
TXN0000001347,ACC00000189,2024-08-11 16:27:00+00:00,2026-04-26 22:31:00+00:00,CREDIT,404.75,USD,7041,CP3623,POS,REFD6FBRMWV68,2024-03-31 05:35:00+00:00
TXN0000001348,ACC00000195,2026-01-09 16:53:00+00:00,2025-04-09 11:48:00+00:00,DEBIT,513.57,USD,1956,CP3843,ATM,REF4O5LYBEHG1,2024-04-30 02:14:00+00:00
TXN0000001349,ACC00000644,2025-05-01 19:03:00+00:00,2025-12-21 04:22:00+00:00,CREDIT,630.3,GBP,8746,CP3056,ONLINE,REFM1TZ2Q8ZFL,2025-05-26 09:13:00+00:00
TXN0000001350,ACC00000269,2025-02-20 21:44:00+00:00,2025-12-25 20:29:00+00:00,DEBIT,996.72,GBP,8170,CP5653,ONLINE,REFWDEQMBKOB1,2025-11-29 14:28:00+00:00
TXN0000001351,ACC00000479,2024-01-31 08:33:00+00:00,2024-06-04 07:04:00+00:00,DEBIT,681.04,GBP,4830,CP2618,POS,REFT3ZA2EDY6C,2024-04-05 10:16:00+00:00
TXN0000001352,ACC00000475,2025-06-19 12:37:00+00:00,2026-04-25 12:48:00+00:00,DEBIT,648.19,USD,8136,CP6199,POS,REFQN3PDRV2I4,2024-04-14 23:04:00+00:00
TXN0000001353,ACC00000683,2025-11-26 07:11:00+00:00,2026-02-03 06:07:00+00:00,CREDIT,1561.44,GBP,4665,,ATM,REFBEQTVKJ5D5,2025-10-27 00:22:00+00:00
TXN0000001354,ACC00000081,2024-02-28 22:21:00+00:00,2025-02-07 00:53:00+00:00,DEBIT,1819.59,GBP,6362,CP5761,POS,REFX1BCOZR9IV,2025-09-19 04:24:00+00:00
TXN0000001355,ACC00000066,2026-03-09 11:49:00+00:00,2024-07-19 21:31:00+00:00,CREDIT,72.51,GBP,1698,CP2613,ONLINE,REFDTJ5BICKT5,2025-04-09 20:30:00+00:00
TXN0000001356,ACC00000590,2024-08-28 08:00:00+00:00,2025-10-19 16:46:00+00:00,CREDIT,744.07,USD,7906,CP1255,ONLINE,REFGER163LKEI,2026-01-28 05:38:00+00:00
TXN0000001357,ACC00000121,2024-12-21 00:43:00+00:00,2024-03-19 02:41:00+00:00,CREDIT,2.99,USD,9381,CP5392,ONLINE,REFSJEKYSQJSE,2024-03-21 21:11:00+00:00
TXN0000001358,ACC00000343,2025-06-21 19:49:00+00:00,2025-11-18 23:49:00+00:00,DEBIT,1044.89,GBP,1799,CP1457,ONLINE,REFGQI8WO6191,2025-03-08 06:43:00+00:00
TXN0000001359,ACC00000718,2024-05-28 15:12:00+00:00,2024-02-26 10:49:00+00:00,CREDIT,2759.98,USD,2686,CP4682,ONLINE,REFBVW85KJYCM,2025-10-02 23:46:00+00:00
TXN0000001360,ACC00000748,2025-08-14 13:47:00+00:00,2025-12-07 14:54:00+00:00,DEBIT,590.25,GBP,3278,CP1222,ONLINE,REF8754UYWVJ8,2025-03-02 22:49:00+00:00
TXN0000001361,ACC00000635,2024-03-26 10:38:00+00:00,2024-02-01 06:48:00+00:00,CREDIT,1202.97,GBP,3396,CP5476,POS,REFACXO4ZO0VZ,2024-06-27 06:21:00+00:00
TXN0000001362,ACC00000558,2025-04-05 13:16:00+00:00,2025-08-10 19:24:00+00:00,DEBIT,1019.66,GBP,8528,CP1311,ONLINE,REF89PUDO2NJ3,2024-06-30 14:26:00+00:00
TXN0000001363,ACC00000122,2026-03-06 00:20:00+00:00,2026-03-01 06:03:00+00:00,DEBIT,201.25,GBP,2962,CP8638,ONLINE,REFGLXA3OAMHM,2025-04-26 22:17:00+00:00
TXN0000001364,ACC00000042,2024-07-15 21:41:00+00:00,2025-03-10 12:55:00+00:00,DEBIT,1390.18,GBP,7855,CP7518,POS,REF16V74929RF,2026-05-02 03:59:00+00:00
TXN0000001365,ACC00000377,2026-01-25 10:26:00+00:00,2025-04-17 00:00:00+00:00,DEBIT,50.79,GBP,7801,CP1611,ATM,REFAW04NQVPT8,2024-06-07 22:13:00+00:00
TXN0000001366,ACC00000027,2025-04-06 01:47:00+00:00,2024-12-19 19:38:00+00:00,DEBIT,988.29,GBP,3806,CP8586,ATM,REFWD4QSIM4AD,2025-08-12 22:29:00+00:00
TXN0000001367,ACC00000234,2025-04-30 16:38:00+00:00,2024-10-14 12:58:00+00:00,DEBIT,1393.69,GBP,4380,CP7978,ATM,REFCF06YOQHQ9,2025-07-28 07:10:00+00:00
TXN0000001368,ACC00000675,2025-04-19 15:45:00+00:00,2025-09-03 12:25:00+00:00,CREDIT,38.35,GBP,4750,CP2306,ONLINE,REFY8CQ1F6AB0,2025-12-07 19:32:00+00:00
TXN0000001369,ACC00000543,2024-12-13 11:16:00+00:00,2025-12-03 19:15:00+00:00,DEBIT,936.89,GBP,6867,CP2725,POS,REF6NTN37FPHE,2025-04-18 13:01:00+00:00
TXN0000001370,ACC00000735,2024-06-11 13:54:00+00:00,2026-01-02 04:49:00+00:00,DEBIT,2762.46,GBP,3952,CP9185,ATM,REFKD3GMQ9IUQ,2025-10-25 01:50:00+00:00
TXN0000001371,ACC00000560,2024-03-19 18:45:00+00:00,2024-09-10 06:44:00+00:00,DEBIT,576.9,GBP,7873,,POS,REFNIPNIM24JV,2025-09-14 05:53:00+00:00
TXN0000001372,ACC00000533,2024-01-29 07:53:00+00:00,2025-04-17 01:01:00+00:00,CREDIT,1091.9,GBP,1020,CP9575,ONLINE,REFGSQLEIW6KY,2025-03-31 10:22:00+00:00
TXN0000001373,ACC00000071,2026-03-11 16:16:00+00:00,2025-05-19 03:47:00+00:00,DEBIT,78.45,USD,2390,CP2253,POS,REFNUELFP9HWP,2025-08-15 22:17:00+00:00
TXN0000001374,ACC00000133,2024-05-30 05:30:00+00:00,2025-11-28 10:33:00+00:00,DEBIT,179.85,GBP,8554,CP5274,POS,REFS7JEH2JSNG,2025-02-18 15:11:00+00:00
TXN0000001375,ACC00000248,2024-08-03 12:47:00+00:00,2026-04-18 00:50:00+00:00,CREDIT,1446.65,GBP,8330,CP2972,POS,REF38588887N5,2026-04-17 13:40:00+00:00
TXN0000001376,ACC00000080,2026-05-07 04:29:00+00:00,2024-01-28 18:31:00+00:00,DEBIT,957.43,USD,3840,CP8962,ONLINE,REFCMSZ5TJRQY,2025-03-26 14:56:00+00:00
TXN0000001377,ACC00000798,2026-01-16 06:11:00+00:00,2024-03-08 08:41:00+00:00,DEBIT,763.76,USD,7826,,POS,REFAFV3Y2W1V2,2024-02-11 23:35:00+00:00
TXN0000001378,ACC00000066,2024-03-02 22:11:00+00:00,2024-02-19 17:26:00+00:00,CREDIT,2214.29,EUR,6624,CP8103,POS,REFCETU4NT77I,2024-12-02 15:02:00+00:00
TXN0000001379,ACC00000032,2024-06-28 20:09:00+00:00,2024-07-21 07:11:00+00:00,CREDIT,246.88,GBP,6501,CP9617,ONLINE,REF4TDPCB79R4,2026-03-15 15:16:00+00:00
TXN0000001380,ACC00000001,2025-05-08 03:06:00+00:00,2024-08-09 09:13:00+00:00,CREDIT,478.48,GBP,9272,CP8051,ATM,REF7URMIQWIG8,2025-04-08 17:42:00+00:00
TXN0000001381,ACC00000739,2026-02-18 02:53:00+00:00,2024-02-01 12:21:00+00:00,DEBIT,310.28,USD,2103,CP9959,ONLINE,REFIBHBHU6DBF,2024-01-05 15:30:00+00:00
TXN0000001382,ACC00000632,2025-04-20 11:41:00+00:00,2025-07-01 15:18:00+00:00,DEBIT,792.18,GBP,4342,CP2937,POS,REFQJF2R6XZPC,2024-06-12 18:22:00+00:00
TXN0000001383,ACC00000718,2025-05-16 13:38:00+00:00,2024-10-19 22:34:00+00:00,CREDIT,1734.34,EUR,3083,CP3914,ATM,REFCMAXZUIMLF,2024-10-12 11:11:00+00:00
TXN0000001384,ACC00000660,2024-05-03 15:06:00+00:00,2025-12-11 16:35:00+00:00,DEBIT,167.21,GBP,8120,,POS,REFHYHBIWG7PG,2024-10-12 02:32:00+00:00
TXN0000001385,ACC00000393,2025-03-09 05:03:00+00:00,2024-07-16 19:56:00+00:00,CREDIT,1046.54,EUR,2615,CP7023,ONLINE,REF5FABZ3KGWK,2025-09-29 00:24:00+00:00
TXN0000001386,ACC00000214,2026-03-09 09:10:00+00:00,2025-10-28 05:15:00+00:00,CREDIT,211.54,GBP,4111,CP9452,POS,REFJRT15HRBP0,2025-01-15 16:44:00+00:00
TXN0000001387,ACC00000234,2025-09-23 17:23:00+00:00,2025-04-24 10:38:00+00:00,DEBIT,53.25,GBP,6496,CP5897,ONLINE,REF0A58YMOM4L,2024-10-22 03:59:00+00:00
TXN0000001388,ACC00000670,2024-04-26 09:17:00+00:00,2026-01-19 00:53:00+00:00,DEBIT,431.9,GBP,5259,CP2081,ONLINE,REFWAWR18ZAFM,2025-07-06 03:28:00+00:00
TXN0000001389,ACC00000058,2026-05-07 17:25:00+00:00,2025-08-14 15:11:00+00:00,CREDIT,779.41,GBP,3237,CP6524,BRANCH,REFRV77RRE8PW,2024-10-22 06:41:00+00:00
TXN0000001390,ACC00000491,2025-08-13 17:14:00+00:00,2024-05-25 16:54:00+00:00,DEBIT,642.9,GBP,8412,CP5725,BRANCH,REFE72T07PNGO,2026-03-09 08:55:00+00:00
TXN0000001391,ACC00000111,2024-02-03 11:11:00+00:00,2024-11-28 17:53:00+00:00,CREDIT,788.27,GBP,1089,CP2366,POS,REFX69OBFTE1M,2024-05-09 07:40:00+00:00
TXN0000001392,ACC00000370,2024-04-16 13:37:00+00:00,2025-12-10 04:43:00+00:00,CREDIT,21.51,GBP,2347,CP1296,BRANCH,REFQH2UG0D1CI,2025-08-12 09:55:00+00:00
TXN0000001393,ACC00000682,2024-01-09 06:37:00+00:00,2025-01-17 17:21:00+00:00,DEBIT,1.62,GBP,3097,CP6569,ONLINE,REFU1QF5KO09E,2024-10-25 11:13:00+00:00
TXN0000001394,ACC00000126,2026-04-05 05:11:00+00:00,2026-01-30 08:22:00+00:00,DEBIT,678.11,GBP,4503,,ONLINE,REF9FLK6XIOX1,2024-05-31 08:59:00+00:00
TXN0000001395,ACC00000621,2024-01-31 05:47:00+00:00,2024-11-19 03:13:00+00:00,CREDIT,372.81,USD,4313,CP2493,POS,REFYWEODR5O8A,2024-06-29 17:30:00+00:00
TXN0000001396,ACC00000412,2025-02-27 18:50:00+00:00,2025-09-27 03:57:00+00:00,CREDIT,220.1,EUR,3172,,ATM,REF29LZU3VQVT,2024-03-16 19:56:00+00:00
TXN0000001397,ACC00000398,2025-07-16 00:06:00+00:00,2025-08-12 13:50:00+00:00,DEBIT,180.58,USD,1941,CP9031,ONLINE,REF3LD0ONNX1N,2025-01-25 00:22:00+00:00
TXN0000001398,ACC00000180,2024-09-29 05:43:00+00:00,2024-01-25 06:58:00+00:00,CREDIT,11.07,GBP,1844,CP9766,ONLINE,REFPXU20VSVBC,2024-06-19 17:33:00+00:00
TXN0000001399,ACC00000227,2025-02-11 08:31:00+00:00,2024-11-14 16:55:00+00:00,DEBIT,239.91,EUR,3720,CP5453,POS,REFLX0CHX4XYP,2024-05-13 11:54:00+00:00
TXN0000001400,ACC00000315,2026-04-28 02:03:00+00:00,2024-06-18 07:27:00+00:00,CREDIT,1378.94,GBP,6313,CP1911,ONLINE,REF7KXTZU8LK1,2024-03-12 18:56:00+00:00
TXN0000001401,ACC00000271,2025-03-08 17:01:00+00:00,2025-05-22 17:35:00+00:00,DEBIT,1253.78,GBP,4649,CP6249,POS,REFNEXFD90L4B,2025-11-13 03:06:00+00:00
TXN0000001402,ACC00000131,2024-03-14 14:29:00+00:00,2024-07-30 17:45:00+00:00,DEBIT,444.43,GBP,1705,CP5135,POS,REFFQ5VQ07VO0,2025-12-19 01:57:00+00:00
TXN0000001403,ACC00000379,2026-02-16 00:58:00+00:00,2025-05-15 06:25:00+00:00,CREDIT,146.23,USD,5512,CP7615,POS,REFYHKDJR9V5P,2026-04-12 13:55:00+00:00
TXN0000001404,ACC00000363,2024-08-09 02:25:00+00:00,2025-07-30 20:12:00+00:00,CREDIT,1796.04,USD,7538,CP8418,ONLINE,REFL4Y4OML62G,2026-04-21 23:04:00+00:00
TXN0000001405,ACC00000762,2024-07-17 14:56:00+00:00,2024-05-28 07:34:00+00:00,DEBIT,357.4,GBP,8717,CP2640,ATM,REFXE4WAHFH2I,2026-01-13 21:41:00+00:00
TXN0000001406,ACC00000246,2026-03-08 01:56:00+00:00,2024-01-18 01:16:00+00:00,DEBIT,472.99,USD,6060,CP7236,ONLINE,REFLPBXNMYNSD,2025-12-03 14:03:00+00:00
TXN0000001407,ACC00000523,2024-12-16 21:00:00+00:00,2025-12-12 07:26:00+00:00,CREDIT,1164.09,GBP,1279,CP5758,ONLINE,REF45DXR2R6Y7,2025-10-12 07:25:00+00:00
TXN0000001408,ACC00000652,2024-02-03 09:37:00+00:00,2024-09-18 14:23:00+00:00,DEBIT,662.95,USD,8424,,ONLINE,REF8PI0YVBQFQ,2024-12-20 06:54:00+00:00
TXN0000001409,ACC00000335,2024-07-22 06:11:00+00:00,2025-06-15 09:26:00+00:00,CREDIT,46.39,GBP,2538,CP4289,POS,REFZA2CWXGTTD,2025-11-17 09:00:00+00:00
TXN0000001410,ACC00000745,2025-02-27 14:11:00+00:00,2025-03-07 08:33:00+00:00,DEBIT,1200.36,GBP,9921,CP5705,POS,REFE29SM9X5AN,2025-12-17 04:29:00+00:00
TXN0000001411,ACC00000636,2024-09-16 08:24:00+00:00,2025-03-17 23:30:00+00:00,DEBIT,85.48,GBP,7098,CP7307,POS,REFQCSFUXBBJH,2025-11-04 09:54:00+00:00
TXN0000001412,ACC00000678,2025-08-14 07:54:00+00:00,2025-12-29 08:06:00+00:00,DEBIT,554.21,GBP,4605,CP7268,ONLINE,REFC552AOL5TU,2024-05-14 02:31:00+00:00
TXN0000001413,ACC00000534,2024-04-25 14:10:00+00:00,2025-02-06 07:31:00+00:00,DEBIT,143.99,EUR,4808,CP6637,ONLINE,REF2K1R8WJHC9,2025-09-15 11:44:00+00:00
TXN0000001414,ACC00000169,2025-07-30 08:50:00+00:00,2026-02-24 02:08:00+00:00,DEBIT,1126.51,GBP,2854,CP4602,BRANCH,REF4P6TU1HW8I,2024-12-18 04:21:00+00:00
TXN0000001415,ACC00000370,2025-03-30 13:15:00+00:00,2024-02-09 12:14:00+00:00,CREDIT,1900.8,GBP,2270,CP6786,ATM,REF43679HU27R,2024-07-07 05:04:00+00:00
TXN0000001416,ACC00000563,2025-07-22 00:34:00+00:00,2024-04-18 14:21:00+00:00,CREDIT,573.13,USD,6572,CP1744,POS,REFT9XVWZVJVP,2026-04-02 16:08:00+00:00
TXN0000001417,ACC00000030,2024-08-15 18:02:00+00:00,2024-12-19 05:36:00+00:00,DEBIT,1291.66,GBP,7612,CP9962,ONLINE,REFQURCSN0N2M,2025-06-07 05:01:00+00:00
TXN0000001418,ACC00000047,2026-01-29 12:48:00+00:00,2025-03-28 15:25:00+00:00,DEBIT,1113.31,GBP,5833,CP6695,ATM,REFKIKJKP64W9,2024-01-08 06:47:00+00:00
TXN0000001419,ACC00000701,2024-11-28 08:03:00+00:00,2024-02-08 03:16:00+00:00,DEBIT,835.1,GBP,9308,,ATM,REF3DFC2SF742,2025-01-26 17:44:00+00:00
TXN0000001420,ACC00000119,2024-06-09 11:39:00+00:00,2025-01-01 16:19:00+00:00,DEBIT,391.33,USD,4603,CP5438,BRANCH,REF4DYGER64MM,2025-11-11 04:32:00+00:00
TXN0000001421,ACC00000799,2026-01-16 19:52:00+00:00,2024-01-05 16:06:00+00:00,DEBIT,45.08,GBP,6304,CP2016,POS,REFG7LKIL2GFH,2025-06-30 15:49:00+00:00
TXN0000001422,ACC00000101,2025-07-17 10:06:00+00:00,2024-04-23 23:49:00+00:00,DEBIT,1187.59,USD,7794,CP9506,ONLINE,REF5DRN1DK30T,2025-08-31 11:05:00+00:00
TXN0000001423,ACC00000579,2025-12-16 19:14:00+00:00,2024-10-02 08:51:00+00:00,CREDIT,171.71,GBP,3911,CP9782,ONLINE,REFJXF30PUBCM,2025-12-22 07:41:00+00:00
TXN0000001424,ACC00000226,2026-01-25 19:14:00+00:00,2024-03-22 11:28:00+00:00,DEBIT,1755.08,GBP,8548,CP4098,ONLINE,REFOEHQYLSV0Z,2024-11-13 07:25:00+00:00
TXN0000001425,ACC00000267,2024-05-10 14:44:00+00:00,2024-07-01 17:07:00+00:00,DEBIT,307.25,USD,6562,,POS,REF3OLLD56E4V,2025-01-09 01:13:00+00:00
TXN0000001426,ACC00000256,2024-06-10 15:11:00+00:00,2025-12-24 09:45:00+00:00,DEBIT,434.46,USD,4167,CP5841,ATM,REFVGQB4R0FWN,2025-05-04 13:37:00+00:00
TXN0000001427,ACC00000192,2025-07-07 02:10:00+00:00,2024-08-07 22:24:00+00:00,DEBIT,1122.31,GBP,2744,CP7430,ONLINE,REFH2LNHFKB90,2024-04-13 14:45:00+00:00
TXN0000001428,ACC00000386,2025-08-09 03:52:00+00:00,2024-03-11 02:26:00+00:00,DEBIT,1180.96,GBP,9340,CP1841,POS,REFS5YJG1OU8I,2025-12-01 13:32:00+00:00
TXN0000001429,ACC00000328,2025-01-31 07:22:00+00:00,2025-07-05 12:07:00+00:00,DEBIT,1390.31,GBP,5237,CP7490,ONLINE,REFSJ08V0B9Z2,2025-10-28 15:11:00+00:00
TXN0000001430,ACC00000744,2025-10-29 01:19:00+00:00,2024-04-14 09:24:00+00:00,DEBIT,274.34,GBP,9895,CP4014,ONLINE,REFQARH8GWZVY,2024-07-18 17:22:00+00:00
TXN0000001431,ACC00000535,2026-03-01 18:52:00+00:00,2024-02-01 06:56:00+00:00,DEBIT,926.05,GBP,4879,CP7922,ATM,REFCUYS4MMV1W,2025-03-06 02:15:00+00:00
TXN0000001432,ACC00000538,2025-03-15 01:08:00+00:00,2025-01-19 02:05:00+00:00,CREDIT,936.2,USD,4895,CP3629,ATM,REF4KZX6FU76Z,2024-06-16 20:53:00+00:00
TXN0000001433,ACC00000584,2026-04-30 13:45:00+00:00,2025-06-12 19:10:00+00:00,DEBIT,784.31,EUR,7204,CP6848,ATM,REFWXOUCBF8OX,2024-12-21 00:07:00+00:00
TXN0000001434,ACC00000243,2025-03-05 14:25:00+00:00,2025-02-13 23:47:00+00:00,DEBIT,522.84,GBP,5713,CP7976,ATM,REFVGVPP8VPDP,2024-10-13 02:02:00+00:00
TXN0000001435,ACC00000568,2025-10-23 10:52:00+00:00,2024-01-23 10:21:00+00:00,CREDIT,1353.12,GBP,3468,CP1090,POS,REF6TO2W99Q87,2025-06-24 19:33:00+00:00
TXN0000001436,ACC00000717,2024-06-24 14:55:00+00:00,2024-12-13 22:40:00+00:00,DEBIT,759.5,EUR,2814,CP6892,POS,REF5N69TGJTAO,2024-04-06 12:45:00+00:00
TXN0000001437,ACC00000525,2024-06-19 17:41:00+00:00,2024-10-03 12:22:00+00:00,DEBIT,253.47,GBP,6646,CP8288,POS,REFEVLK5R3TVA,2025-10-06 05:43:00+00:00
TXN0000001438,ACC00000292,2024-11-07 11:13:00+00:00,2024-09-21 05:47:00+00:00,CREDIT,1526.02,GBP,3459,CP3225,ONLINE,REFG8OUTEXDTU,2024-03-20 19:30:00+00:00
TXN0000001439,ACC00000313,2025-08-25 15:16:00+00:00,2025-02-11 16:15:00+00:00,DEBIT,504.7,USD,7798,CP1658,BRANCH,REFTHHWY8FVPT,2024-03-17 16:39:00+00:00
TXN0000001440,ACC00000277,2025-09-30 23:40:00+00:00,2025-01-23 16:48:00+00:00,CREDIT,608.17,USD,5151,CP8585,ATM,REF03MA4MXLOH,2024-09-11 20:32:00+00:00
TXN0000001441,ACC00000040,2025-08-23 11:01:00+00:00,2024-09-18 07:31:00+00:00,CREDIT,1032.73,GBP,6961,CP5492,BRANCH,REF4A6BY9A6JD,2024-09-11 16:44:00+00:00
TXN0000001442,ACC00000673,2025-04-08 23:00:00+00:00,2025-04-07 02:17:00+00:00,DEBIT,205.36,USD,9534,CP1244,ONLINE,REFP0AWBCSQWV,2024-05-31 18:34:00+00:00
TXN0000001443,ACC00000643,2025-06-01 17:27:00+00:00,2026-04-06 00:12:00+00:00,DEBIT,1019.37,EUR,8648,CP9155,ATM,REF2YKXKQN29O,2024-05-27 14:17:00+00:00
TXN0000001444,ACC00000312,2024-11-04 00:26:00+00:00,2024-10-24 21:17:00+00:00,DEBIT,485.67,USD,2034,CP1271,ONLINE,REF2NBN7OWS5J,2024-08-23 07:40:00+00:00
TXN0000001445,ACC00000651,2026-02-05 15:23:00+00:00,2025-10-09 21:20:00+00:00,DEBIT,724.58,EUR,7196,CP6302,ATM,REFZLKQOBRBLP,2024-07-14 23:46:00+00:00
TXN0000001446,ACC00000371,2026-02-10 13:54:00+00:00,2024-10-14 10:54:00+00:00,DEBIT,895.16,GBP,7291,CP8743,ONLINE,REF7VSV7UDRPC,2024-07-17 21:57:00+00:00
TXN0000001447,ACC00000774,2024-01-23 05:02:00+00:00,2025-08-03 11:43:00+00:00,DEBIT,76.95,USD,4180,CP7135,BRANCH,REFMSQCLB50DE,2024-01-03 14:00:00+00:00
TXN0000001448,ACC00000627,2025-07-12 00:42:00+00:00,2025-02-24 13:01:00+00:00,DEBIT,54.46,GBP,4428,CP1995,POS,REF9GZHGBWDY6,2024-01-02 10:11:00+00:00
TXN0000001449,ACC00000691,2026-01-02 03:36:00+00:00,2024-01-10 07:00:00+00:00,DEBIT,1003.01,EUR,1772,CP9462,ATM,REF3LVV2BA738,2026-04-14 01:16:00+00:00
TXN0000001450,ACC00000360,2024-06-24 19:02:00+00:00,2024-03-29 02:38:00+00:00,DEBIT,115.41,USD,4399,CP7564,ONLINE,REFEJBD0FI9J0,2025-12-07 15:28:00+00:00
TXN0000001451,ACC00000653,2024-06-18 05:49:00+00:00,2025-02-27 20:08:00+00:00,CREDIT,257.27,GBP,3172,CP3273,POS,REFR7WUN1T1V5,2025-04-24 05:07:00+00:00
TXN0000001452,ACC00000597,2024-03-20 11:49:00+00:00,2024-06-04 15:49:00+00:00,DEBIT,33.71,GBP,3637,CP9459,ONLINE,REFB6F53S3LFT,2025-03-22 19:50:00+00:00
TXN0000001453,ACC00000566,2026-04-25 09:56:00+00:00,2024-06-02 07:33:00+00:00,DEBIT,1240.05,EUR,2574,CP8243,POS,REFUVVSBK58VX,2024-09-07 22:05:00+00:00
TXN0000001454,ACC00000527,2026-04-13 07:39:00+00:00,2025-01-20 18:30:00+00:00,DEBIT,1046.55,GBP,8111,CP1845,ONLINE,REFC9AA8NEUQA,2024-01-12 04:32:00+00:00
TXN0000001455,ACC00000767,2024-02-03 08:16:00+00:00,2024-09-30 21:08:00+00:00,CREDIT,1478.16,GBP,9413,CP7877,BRANCH,REFQ0IW99WS4D,2025-01-02 15:12:00+00:00
TXN0000001456,ACC00000602,2025-07-09 18:58:00+00:00,2025-12-08 03:41:00+00:00,CREDIT,130.06,GBP,1759,CP5891,ONLINE,REF6Q0UUKNMXL,2025-12-03 16:25:00+00:00
TXN0000001457,ACC00000695,2024-02-05 18:14:00+00:00,2026-01-14 14:47:00+00:00,DEBIT,499.85,GBP,8640,CP2381,ATM,REF7YFEJK1S6U,2026-04-09 23:53:00+00:00
TXN0000001458,ACC00000148,2024-06-26 05:22:00+00:00,2026-04-02 06:24:00+00:00,DEBIT,476.91,GBP,1051,CP2151,ONLINE,REFNZF7U8KEBX,2024-10-16 07:06:00+00:00
TXN0000001459,ACC00000696,2024-07-16 07:13:00+00:00,2026-03-27 16:14:00+00:00,DEBIT,751.83,GBP,2567,CP4477,POS,REFUKXM93IWUG,2026-01-05 22:16:00+00:00
TXN0000001460,ACC00000132,2024-06-26 00:10:00+00:00,2025-07-01 11:42:00+00:00,DEBIT,613.83,GBP,9386,CP9569,ATM,REF6RTREJD916,2025-07-30 00:46:00+00:00
TXN0000001461,ACC00000201,2024-09-07 11:04:00+00:00,2026-03-15 01:37:00+00:00,DEBIT,768.73,USD,3554,CP1479,ATM,REFG9S472LWAA,2025-07-21 06:26:00+00:00
TXN0000001462,ACC00000075,2024-02-11 04:51:00+00:00,2024-11-28 21:40:00+00:00,DEBIT,1259.25,GBP,2371,,ONLINE,REFWVRTL8RG2F,2024-09-05 03:31:00+00:00
TXN0000001463,ACC00000701,2025-01-18 20:51:00+00:00,2025-04-06 00:50:00+00:00,CREDIT,1426.67,GBP,6478,CP8330,ATM,REFN8QJA41OPP,2025-06-07 04:14:00+00:00
TXN0000001464,ACC00000268,2024-12-05 11:54:00+00:00,2025-08-22 06:16:00+00:00,DEBIT,89.86,GBP,6508,CP3729,POS,REFA3OJEIZA1X,2024-04-21 06:11:00+00:00
TXN0000001465,ACC00000034,2024-03-01 03:39:00+00:00,2024-01-31 22:38:00+00:00,CREDIT,803.96,GBP,9017,CP9694,ONLINE,REFC5N012DP7Q,2025-12-19 17:32:00+00:00
TXN0000001466,ACC00000113,2026-01-16 07:21:00+00:00,2025-08-10 02:26:00+00:00,CREDIT,442.8,GBP,5306,CP3764,POS,REF44CF33XS4N,2026-01-08 12:40:00+00:00
TXN0000001467,ACC00000411,2024-10-17 10:50:00+00:00,2025-11-30 11:02:00+00:00,DEBIT,642.63,USD,2435,CP8253,ONLINE,REFFW6D56IFN1,2025-11-07 07:39:00+00:00
TXN0000001468,ACC00000397,2026-01-05 21:57:00+00:00,2025-07-10 03:04:00+00:00,DEBIT,1388.79,GBP,3192,CP8998,ONLINE,REFNPPBQEW25E,2024-05-21 14:34:00+00:00
TXN0000001469,ACC00000223,2024-02-04 07:54:00+00:00,2024-07-12 13:51:00+00:00,CREDIT,493.04,GBP,7024,,POS,REF110TVS5IZE,2026-04-25 02:20:00+00:00
TXN0000001470,ACC00000162,2025-02-18 18:32:00+00:00,2025-12-10 08:54:00+00:00,DEBIT,913.94,USD,2645,CP8214,ONLINE,REFDL7TJ2C8RL,2024-06-10 10:27:00+00:00
TXN0000001471,ACC00000145,2026-04-12 17:51:00+00:00,2026-02-10 00:15:00+00:00,CREDIT,1530.22,GBP,3922,CP2132,POS,REF2H7RDK5BBW,2025-03-30 18:48:00+00:00
TXN0000001472,ACC00000031,2025-07-27 09:44:00+00:00,2024-10-08 16:40:00+00:00,CREDIT,1400.5,GBP,2701,CP3755,BRANCH,REFSGK1W18RI6,2024-06-17 23:23:00+00:00
TXN0000001473,ACC00000008,2026-03-13 06:39:00+00:00,2024-09-14 17:17:00+00:00,CREDIT,632.96,USD,9924,CP5917,ONLINE,REF5H63NDU1DL,2026-03-27 15:34:00+00:00
TXN0000001474,ACC00000289,2024-07-17 07:12:00+00:00,2024-07-12 23:30:00+00:00,DEBIT,287.32,USD,9948,CP5382,POS,REF5185A76J36,2025-12-18 15:48:00+00:00
TXN0000001475,ACC00000275,2024-06-15 09:54:00+00:00,2026-04-12 14:02:00+00:00,DEBIT,164.34,GBP,4120,CP2429,ONLINE,REF0OHKJ6FFZ5,2024-11-08 18:04:00+00:00
TXN0000001476,ACC00000492,2024-09-09 12:58:00+00:00,2024-01-16 22:26:00+00:00,DEBIT,46.11,GBP,4195,,POS,REFUM8NTD2GBR,2024-12-13 18:41:00+00:00
TXN0000001477,ACC00000270,2024-06-16 18:27:00+00:00,2024-06-25 15:59:00+00:00,DEBIT,678.09,GBP,5757,CP4557,ATM,REFGZAO8Y0H5I,2025-09-06 07:52:00+00:00
TXN0000001478,ACC00000084,2024-05-15 00:51:00+00:00,2025-08-07 10:45:00+00:00,CREDIT,578.77,GBP,1249,CP2550,ATM,REFZAOIRCY47C,2025-08-21 00:59:00+00:00
TXN0000001479,ACC00000618,2025-07-04 00:22:00+00:00,2025-11-07 18:21:00+00:00,DEBIT,306.96,GBP,2277,,POS,REF1GFMGLHZWN,2025-01-15 23:55:00+00:00
TXN0000001480,ACC00000776,2025-07-31 23:47:00+00:00,2025-12-27 03:19:00+00:00,CREDIT,29.68,GBP,8686,CP7618,BRANCH,REFGCL66T7RLM,2024-06-08 00:24:00+00:00
TXN0000001481,ACC00000162,2025-07-05 20:14:00+00:00,2026-04-10 05:38:00+00:00,DEBIT,799.13,EUR,2185,CP5325,ONLINE,REFZ40KYFP0YW,2024-02-18 03:00:00+00:00
TXN0000001482,ACC00000119,2024-05-05 04:53:00+00:00,2024-12-29 08:18:00+00:00,DEBIT,1167.53,USD,5982,CP1582,BRANCH,REFTI40DVQ7QP,2026-01-09 13:40:00+00:00
TXN0000001483,ACC00000545,2026-03-18 08:48:00+00:00,2025-09-19 23:24:00+00:00,DEBIT,1102.07,GBP,5360,CP6581,ONLINE,REFAFV2RKQK54,2024-10-11 20:36:00+00:00
TXN0000001484,ACC00000687,2024-10-03 02:10:00+00:00,2025-03-14 18:21:00+00:00,DEBIT,2279.22,USD,6601,CP5317,POS,REFMW66SO2SUA,2024-08-03 10:19:00+00:00
TXN0000001485,ACC00000596,2025-08-16 01:28:00+00:00,2024-10-27 04:53:00+00:00,DEBIT,234.03,GBP,6991,CP1392,POS,REFCN582PTHO3,2025-01-29 18:40:00+00:00
TXN0000001486,ACC00000219,2026-03-09 10:48:00+00:00,2024-03-27 23:48:00+00:00,CREDIT,466.22,GBP,8757,CP9436,ONLINE,REF0VLDV9C4K0,2024-07-15 13:14:00+00:00
TXN0000001487,ACC00000313,2025-09-04 12:20:00+00:00,2025-12-14 15:53:00+00:00,DEBIT,1453.84,GBP,8159,CP9422,ONLINE,REFZ05NZX6XDA,2025-10-12 12:41:00+00:00
TXN0000001488,ACC00000423,2025-09-18 19:39:00+00:00,2025-12-13 22:22:00+00:00,DEBIT,1253.37,GBP,7360,CP9931,BRANCH,REFH1SWNQ7I11,2024-03-19 19:28:00+00:00
TXN0000001489,ACC00000473,2024-05-17 01:07:00+00:00,2025-03-21 04:30:00+00:00,DEBIT,1554.47,GBP,7173,,ATM,REFRUSUAD76GD,2025-09-02 20:42:00+00:00
TXN0000001490,ACC00000742,2024-05-26 07:31:00+00:00,2024-12-17 05:32:00+00:00,DEBIT,317.47,GBP,3466,CP4081,ONLINE,REFE8DX66IJA5,2024-02-26 16:13:00+00:00
TXN0000001491,ACC00000158,2025-02-15 06:04:00+00:00,2024-01-08 00:07:00+00:00,DEBIT,581.21,GBP,6633,,BRANCH,REFJK4514408L,2026-05-07 21:28:00+00:00
TXN0000001492,ACC00000616,2025-05-07 14:19:00+00:00,2025-02-28 23:56:00+00:00,DEBIT,505.85,USD,4303,CP5944,ONLINE,REFN27241MDHG,2024-08-28 02:42:00+00:00
TXN0000001493,ACC00000586,2025-08-25 11:17:00+00:00,2026-01-05 02:41:00+00:00,DEBIT,472.33,GBP,7733,CP4559,ONLINE,REFMBU27HUV7N,2026-05-07 13:00:00+00:00
TXN0000001494,ACC00000032,2024-06-12 02:58:00+00:00,2025-04-02 06:17:00+00:00,DEBIT,174.37,GBP,8394,CP6415,POS,REFRVRYZNG32M,2025-06-12 09:52:00+00:00
TXN0000001495,ACC00000772,2024-01-16 12:11:00+00:00,2024-11-09 14:37:00+00:00,DEBIT,876.21,USD,2691,CP6032,ONLINE,REF7JVL37A2OB,2024-02-10 07:16:00+00:00
TXN0000001496,ACC00000473,2025-09-01 08:41:00+00:00,2025-11-09 09:44:00+00:00,CREDIT,77.53,EUR,2678,CP3163,POS,REF3D92IOFO3D,2024-12-27 19:38:00+00:00
TXN0000001497,ACC00000233,2024-04-05 18:13:00+00:00,2026-02-08 10:37:00+00:00,DEBIT,895.68,USD,8954,CP6867,ONLINE,REF41CZJE2ST3,2025-06-27 16:26:00+00:00
TXN0000001498,ACC00000798,2025-04-03 10:39:00+00:00,2024-07-07 07:20:00+00:00,DEBIT,753.13,USD,3012,CP9922,ONLINE,REFVJQCD0OAA9,2024-12-23 22:57:00+00:00
TXN0000001499,ACC00000366,2026-03-26 03:37:00+00:00,2025-11-21 03:52:00+00:00,DEBIT,275.18,EUR,3233,CP7497,BRANCH,REFMRROGKNENC,2025-02-21 08:19:00+00:00
TXN0000001500,ACC00000228,2024-05-15 05:25:00+00:00,2025-02-23 22:13:00+00:00,DEBIT,396.37,GBP,1707,CP2586,POS,REF97EXP9LVTE,2024-10-25 18:36:00+00:00
TXN0000001501,ACC00000015,2025-04-02 02:44:00+00:00,2025-07-18 07:52:00+00:00,DEBIT,994.76,USD,4738,CP9081,ONLINE,REFWZBWMU0V0K,2024-12-15 16:12:00+00:00
TXN0000001502,ACC00000472,2024-08-22 03:30:00+00:00,2024-06-15 13:17:00+00:00,CREDIT,289.21,GBP,5998,CP5896,BRANCH,REFPTTRJHCAKZ,2024-10-13 00:23:00+00:00
TXN0000001503,ACC00000773,2025-01-16 07:46:00+00:00,2026-01-19 16:38:00+00:00,DEBIT,1687.2,EUR,7009,CP8198,ONLINE,REFZES0L3L80Z,2025-09-02 14:57:00+00:00
TXN0000001504,ACC00000051,2025-02-14 04:27:00+00:00,2025-05-13 22:05:00+00:00,CREDIT,1053.79,GBP,8857,CP3559,ATM,REF1NRWJIFS8C,2025-04-22 18:58:00+00:00
TXN0000001505,ACC00000664,2024-10-07 15:20:00+00:00,2025-12-04 21:54:00+00:00,DEBIT,1398.89,USD,5397,CP3801,ONLINE,REF0L5DSCAJJH,2024-01-23 04:59:00+00:00
TXN0000001506,ACC00000334,2024-06-03 21:54:00+00:00,2024-02-17 01:05:00+00:00,CREDIT,384.55,GBP,3001,CP7530,ONLINE,REFLXQ71E9LI5,2024-03-03 19:09:00+00:00
TXN0000001507,ACC00000371,2025-06-04 20:58:00+00:00,2025-03-31 00:29:00+00:00,DEBIT,281.98,EUR,8280,CP5161,ONLINE,REF65CYBRU854,2024-08-26 06:19:00+00:00
TXN0000001508,ACC00000708,2025-02-12 08:24:00+00:00,2025-07-23 03:08:00+00:00,DEBIT,2442.1,GBP,6583,CP6483,ONLINE,REFK8YWNX05JO,2026-01-10 13:49:00+00:00
TXN0000001509,ACC00000458,2024-04-15 04:44:00+00:00,2025-11-30 22:39:00+00:00,DEBIT,331.53,EUR,7236,,ONLINE,REFMMRR2XHI22,2026-03-01 17:17:00+00:00
TXN0000001510,ACC00000739,2024-01-27 19:27:00+00:00,2024-10-17 20:41:00+00:00,CREDIT,445.45,GBP,6644,CP8565,POS,REFREP7R0U07W,2024-05-09 14:10:00+00:00
TXN0000001511,ACC00000668,2024-05-03 14:51:00+00:00,2024-12-11 14:25:00+00:00,DEBIT,204.66,GBP,3829,,ONLINE,REF3XBWR92N94,2026-04-14 00:25:00+00:00
TXN0000001512,ACC00000179,2026-02-23 07:01:00+00:00,2024-03-17 23:47:00+00:00,DEBIT,1476.05,USD,4410,CP8952,ATM,REFFTPHDGYBTX,2025-11-05 19:59:00+00:00
TXN0000001513,ACC00000212,2024-01-05 18:37:00+00:00,2024-09-02 01:54:00+00:00,CREDIT,313.59,GBP,1095,CP7338,ONLINE,REFIKAHGWOUF0,2026-04-12 10:54:00+00:00
TXN0000001514,ACC00000714,2024-06-11 21:47:00+00:00,2024-10-04 18:19:00+00:00,CREDIT,191.72,GBP,1775,CP9916,ONLINE,REF0EHPJLFYSP,2025-03-28 00:52:00+00:00
TXN0000001515,ACC00000682,2025-06-29 08:20:00+00:00,2025-07-26 09:05:00+00:00,CREDIT,51.69,GBP,3137,CP5889,ONLINE,REF3RV4SD1H1P,2024-04-14 02:04:00+00:00
TXN0000001516,ACC00000654,2024-05-20 08:03:00+00:00,2025-12-16 09:11:00+00:00,CREDIT,532.15,GBP,4029,CP7672,ONLINE,REF5ZE7Z1PHAF,2025-10-23 23:47:00+00:00
TXN0000001517,ACC00000535,2024-07-14 05:45:00+00:00,2025-10-02 22:57:00+00:00,DEBIT,902.18,GBP,5793,CP2390,POS,REFSMZZZJUMM9,2024-04-23 13:51:00+00:00
TXN0000001518,ACC00000464,2024-04-18 02:22:00+00:00,2025-10-14 07:20:00+00:00,DEBIT,44.13,GBP,3920,CP5421,ONLINE,REFWSCB5VDVIU,2024-11-24 22:53:00+00:00
TXN0000001519,ACC00000316,2025-12-08 07:55:00+00:00,2025-12-31 11:49:00+00:00,CREDIT,816.26,USD,3114,CP2366,ATM,REFINII5LZGSM,2026-01-04 08:51:00+00:00
TXN0000001520,ACC00000004,2024-12-05 11:00:00+00:00,2024-06-02 17:12:00+00:00,CREDIT,21.4,GBP,4784,,ATM,REFITWAKJ6TXD,2026-01-21 01:40:00+00:00
TXN0000001521,ACC00000184,2024-11-21 03:17:00+00:00,2025-10-17 06:30:00+00:00,CREDIT,423.78,USD,8374,CP2646,POS,REFCXFCBYFWXW,2025-04-16 08:22:00+00:00
TXN0000001522,ACC00000178,2024-08-02 23:49:00+00:00,2024-06-22 21:34:00+00:00,CREDIT,889.29,EUR,2500,CP5431,POS,REF6HVZBGENZO,2025-02-01 07:53:00+00:00
TXN0000001523,ACC00000658,2024-05-22 03:37:00+00:00,2026-04-09 15:45:00+00:00,CREDIT,536.18,GBP,7593,CP2879,ATM,REF85BEJBJVST,2025-12-12 16:56:00+00:00
TXN0000001524,ACC00000192,2025-10-17 03:19:00+00:00,2025-01-02 12:42:00+00:00,DEBIT,1463.53,GBP,7308,CP2721,ONLINE,REFI9KE63EEEH,2024-03-28 13:12:00+00:00
TXN0000001525,ACC00000002,2024-08-31 21:53:00+00:00,2025-05-18 18:35:00+00:00,CREDIT,1315.88,GBP,6097,CP7708,ONLINE,REFGX1D8W3GRN,2025-05-10 21:26:00+00:00
TXN0000001526,ACC00000039,2024-02-20 16:54:00+00:00,2024-05-07 21:13:00+00:00,DEBIT,830.81,GBP,4735,,ONLINE,REF0MUG9IF9JL,2025-10-16 06:10:00+00:00
TXN0000001527,ACC00000061,2025-03-28 15:58:00+00:00,2024-02-19 04:26:00+00:00,DEBIT,75.29,USD,4558,CP2658,POS,REF3ZQUQG3G1T,2024-12-19 12:25:00+00:00
TXN0000001528,ACC00000643,2025-08-28 14:40:00+00:00,2024-11-29 12:17:00+00:00,DEBIT,231.13,GBP,4155,,ATM,REFPD7LSY2SQF,2024-03-19 18:32:00+00:00
TXN0000001529,ACC00000429,2024-05-23 08:29:00+00:00,2025-10-14 14:45:00+00:00,DEBIT,442.91,USD,6826,CP7550,ONLINE,REFPJTE93IPQB,2025-06-26 08:57:00+00:00
TXN0000001530,ACC00000720,2025-09-11 04:23:00+00:00,2025-04-28 03:52:00+00:00,CREDIT,786.01,GBP,2384,CP3670,ATM,REFIT6KXPXSGG,2025-05-19 19:34:00+00:00
TXN0000001531,ACC00000752,2025-12-10 23:16:00+00:00,2024-03-25 10:33:00+00:00,DEBIT,271.99,USD,8399,CP3967,ONLINE,REF24VVA06WJL,2024-03-19 04:59:00+00:00
TXN0000001532,ACC00000014,2024-05-14 04:05:00+00:00,2025-07-27 04:56:00+00:00,DEBIT,289.74,USD,3618,,POS,REFBNNFQMV8TE,2025-12-20 00:31:00+00:00
TXN0000001533,ACC00000695,2025-05-28 17:15:00+00:00,2026-01-16 23:04:00+00:00,DEBIT,788.18,GBP,2072,CP8683,ATM,REFYF7S00WMW0,2025-03-22 12:21:00+00:00
TXN0000001534,ACC00000587,2025-12-26 08:40:00+00:00,2026-05-05 16:55:00+00:00,CREDIT,778.38,USD,2082,CP1304,ONLINE,REF8TS1UQ3IK9,2025-07-29 19:19:00+00:00
TXN0000001535,ACC00000614,2026-03-28 21:20:00+00:00,2025-04-24 01:43:00+00:00,DEBIT,940.69,GBP,2125,CP7220,ONLINE,REFNM3RP7EYDR,2024-12-27 12:10:00+00:00
TXN0000001536,ACC00000631,2025-12-18 17:50:00+00:00,2025-06-18 19:17:00+00:00,DEBIT,674.36,GBP,6189,CP6111,POS,REF1EL6Y0NZ6Z,2026-04-28 03:28:00+00:00
TXN0000001537,ACC00000616,2024-04-22 18:11:00+00:00,2024-03-15 23:59:00+00:00,CREDIT,236.98,GBP,3187,,ONLINE,REFSQ65U96XBE,2024-10-25 21:33:00+00:00
TXN0000001538,ACC00000531,2026-01-23 00:19:00+00:00,2024-01-03 15:46:00+00:00,CREDIT,94.82,EUR,3649,,ATM,REF9QZJWMJMB7,2024-04-24 19:24:00+00:00
TXN0000001539,ACC00000398,2026-03-01 17:30:00+00:00,2025-08-13 03:07:00+00:00,DEBIT,449.53,GBP,8240,CP5607,ONLINE,REF47YCPFTLO5,2025-09-09 04:31:00+00:00
TXN0000001540,ACC00000465,2025-05-19 01:27:00+00:00,2025-03-02 03:04:00+00:00,DEBIT,1612.73,USD,1142,CP3982,POS,REFWX4VM3IAYJ,2024-01-29 22:22:00+00:00
TXN0000001541,ACC00000428,2025-05-19 20:24:00+00:00,2024-11-03 12:16:00+00:00,CREDIT,1426.88,USD,4478,CP5867,ONLINE,REFL86FZ47A9Z,2025-10-15 12:25:00+00:00
TXN0000001542,ACC00000442,2026-04-29 18:12:00+00:00,2024-09-17 12:45:00+00:00,DEBIT,159.85,GBP,1910,,ONLINE,REFBSYX0G87LS,2025-03-16 20:37:00+00:00
TXN0000001543,ACC00000624,2024-08-01 07:48:00+00:00,2025-10-27 02:06:00+00:00,DEBIT,860.37,USD,7908,CP8136,POS,REFS1711IVWBW,2025-05-17 22:46:00+00:00
TXN0000001544,ACC00000685,2024-06-23 18:37:00+00:00,2025-08-19 16:15:00+00:00,DEBIT,608.36,USD,8719,CP7399,ONLINE,REF5RZZ1M7POC,2026-04-05 02:10:00+00:00
TXN0000001545,ACC00000741,2025-07-25 13:22:00+00:00,2024-03-02 18:29:00+00:00,DEBIT,734.63,USD,8028,CP7452,ONLINE,REFXXU5WZU4P3,2025-05-17 13:16:00+00:00
TXN0000001546,ACC00000312,2024-04-07 11:55:00+00:00,2025-01-06 09:11:00+00:00,DEBIT,659.52,GBP,5205,CP9053,ONLINE,REFWMRDO89LAW,2025-01-19 17:23:00+00:00
TXN0000001547,ACC00000581,2025-09-24 01:10:00+00:00,2026-01-19 09:55:00+00:00,DEBIT,53.02,GBP,3059,CP5539,POS,REF84WXBXJ9UC,2026-03-20 21:45:00+00:00
TXN0000001548,ACC00000142,2024-12-14 14:45:00+00:00,2025-05-16 06:46:00+00:00,CREDIT,1159.08,GBP,1777,CP8502,ONLINE,REFU0ZJEQKWA8,2024-05-05 19:07:00+00:00
TXN0000001549,ACC00000525,2025-07-09 21:18:00+00:00,2026-04-12 21:33:00+00:00,DEBIT,1076.67,USD,2910,CP3252,POS,REFJVYL4ZLS49,2025-12-28 14:46:00+00:00
TXN0000001550,ACC00000012,2025-03-19 08:03:00+00:00,2025-07-13 20:48:00+00:00,DEBIT,852.94,USD,2530,CP4418,POS,REFDLDGX2JAVH,2025-05-01 15:28:00+00:00
TXN0000001551,ACC00000344,2025-06-16 10:40:00+00:00,2024-12-10 22:11:00+00:00,DEBIT,146.3,GBP,9170,,ONLINE,REFXQL9T274OO,2025-09-30 13:55:00+00:00
TXN0000001552,ACC00000264,2025-05-30 11:47:00+00:00,2024-09-03 15:46:00+00:00,DEBIT,811.29,USD,5023,CP9041,ONLINE,REF1HPGRBR6P3,2024-01-09 14:34:00+00:00
TXN0000001553,ACC00000197,2025-06-23 16:12:00+00:00,2025-11-16 15:18:00+00:00,DEBIT,103.79,USD,2231,,POS,REF5F4TSQ6JLS,2024-03-27 09:05:00+00:00
TXN0000001554,ACC00000384,2026-04-29 23:34:00+00:00,2025-07-26 21:53:00+00:00,DEBIT,141.31,GBP,1657,CP6057,ONLINE,REF602EPDIJ1K,2024-07-21 11:31:00+00:00
TXN0000001555,ACC00000080,2024-06-24 10:44:00+00:00,2026-01-15 15:29:00+00:00,DEBIT,207.24,GBP,2274,CP3328,ONLINE,REFGCVKD5AUB8,2024-06-26 20:12:00+00:00
TXN0000001556,ACC00000745,2025-03-23 22:50:00+00:00,2024-01-05 01:30:00+00:00,CREDIT,1305.67,GBP,1657,,POS,REFD0FBF2KGB8,2025-12-22 18:31:00+00:00
TXN0000001557,ACC00000585,2025-05-04 04:25:00+00:00,2025-07-27 17:56:00+00:00,DEBIT,1594.39,GBP,2879,CP5718,POS,REFOTIA47GUE4,2024-06-03 10:53:00+00:00
TXN0000001558,ACC00000136,2026-03-18 05:01:00+00:00,2024-05-03 20:09:00+00:00,CREDIT,447.86,GBP,1505,CP8791,ONLINE,REFWV1F6433SE,2025-06-23 14:38:00+00:00
TXN0000001559,ACC00000234,2026-01-27 16:17:00+00:00,2024-12-14 07:11:00+00:00,CREDIT,676.67,USD,5299,,POS,REF4WHCH29262,2026-02-09 20:31:00+00:00
TXN0000001560,ACC00000206,2025-02-11 15:08:00+00:00,2024-12-08 03:10:00+00:00,CREDIT,1611.76,EUR,7428,CP8149,ONLINE,REFCB5EMYOHZJ,2024-02-27 20:31:00+00:00
TXN0000001561,ACC00000130,2025-11-05 18:49:00+00:00,2024-03-29 20:46:00+00:00,DEBIT,983.35,GBP,1587,CP4276,POS,REFH8GDNT5VDW,2024-05-31 08:31:00+00:00
TXN0000001562,ACC00000342,2024-06-21 11:19:00+00:00,2026-02-28 17:53:00+00:00,DEBIT,10.3,USD,1787,CP3427,ONLINE,REFIB79BYFQHJ,2025-02-27 17:55:00+00:00
TXN0000001563,ACC00000584,2024-08-09 20:55:00+00:00,2024-02-01 17:10:00+00:00,DEBIT,593.86,GBP,6432,CP2212,ATM,REFCWLCKSA65M,2025-04-07 18:12:00+00:00
TXN0000001564,ACC00000290,2024-11-22 23:23:00+00:00,2026-02-12 05:25:00+00:00,CREDIT,185.25,EUR,4046,CP2499,POS,REFJ0B128NWU4,2025-06-13 06:32:00+00:00
TXN0000001565,ACC00000613,2024-03-23 18:25:00+00:00,2025-05-09 18:37:00+00:00,DEBIT,329.07,GBP,1767,,POS,REFJFKNR1H3IJ,2024-04-26 01:47:00+00:00
TXN0000001566,ACC00000232,2024-06-21 17:10:00+00:00,2024-03-02 19:26:00+00:00,DEBIT,1411.41,EUR,6100,,ATM,REFWXFUKTN81H,2025-04-18 14:49:00+00:00
TXN0000001567,ACC00000799,2024-06-25 05:55:00+00:00,2025-11-12 12:26:00+00:00,DEBIT,234.37,GBP,6577,CP2271,POS,REFCK19AD82E7,2024-08-05 03:41:00+00:00
TXN0000001568,ACC00000554,2024-12-24 00:48:00+00:00,2026-01-15 00:09:00+00:00,CREDIT,298.72,GBP,7341,CP8155,ONLINE,REFIF49VIAEQA,2024-03-11 08:36:00+00:00
TXN0000001569,ACC00000512,2024-04-18 17:11:00+00:00,2025-07-08 13:23:00+00:00,DEBIT,1956.07,USD,7841,CP6118,ONLINE,REF4Q40ZB00Y0,2025-01-25 00:24:00+00:00
TXN0000001570,ACC00000061,2024-12-27 23:50:00+00:00,2026-01-06 06:35:00+00:00,DEBIT,248.89,GBP,9762,CP1163,ONLINE,REF6JCDBQZ69Z,2025-03-12 23:41:00+00:00
TXN0000001571,ACC00000125,2025-11-10 20:25:00+00:00,2024-08-08 18:41:00+00:00,CREDIT,587.29,GBP,7561,CP4140,POS,REFT9KOFSVVSG,2025-12-18 01:38:00+00:00
TXN0000001572,ACC00000098,2024-06-21 09:28:00+00:00,2025-01-04 14:04:00+00:00,DEBIT,766.57,GBP,6675,CP4632,POS,REFS1GW8PMIAV,2024-08-07 08:36:00+00:00
TXN0000001573,ACC00000750,2024-06-25 17:26:00+00:00,2025-02-23 09:25:00+00:00,CREDIT,469.16,GBP,2457,CP5783,POS,REFVAYFCTCV81,2024-09-19 01:52:00+00:00
TXN0000001574,ACC00000763,2024-07-12 18:48:00+00:00,2026-02-15 21:33:00+00:00,DEBIT,64.77,USD,1341,CP2876,POS,REF2JJ8LEWTEM,2024-02-18 21:07:00+00:00
TXN0000001575,ACC00000053,2024-09-14 05:41:00+00:00,2024-05-16 03:49:00+00:00,DEBIT,407.61,EUR,4280,CP4607,ONLINE,REFHHLNHMYUN6,2024-10-23 14:37:00+00:00
TXN0000001576,ACC00000617,2024-01-14 02:54:00+00:00,2026-01-04 00:53:00+00:00,DEBIT,1404.37,USD,9983,CP3342,ATM,REFANK74NKWZM,2024-05-24 14:13:00+00:00
TXN0000001577,ACC00000607,2024-06-22 05:15:00+00:00,2024-01-15 06:43:00+00:00,DEBIT,480.09,GBP,6870,CP1929,ONLINE,REFSZLZAFAHUG,2024-08-09 11:31:00+00:00
TXN0000001578,ACC00000217,2024-10-07 02:18:00+00:00,2026-02-01 15:00:00+00:00,DEBIT,317.8,EUR,4449,CP5871,ATM,REF8OHR5413JS,2025-10-30 15:26:00+00:00
TXN0000001579,ACC00000144,2025-08-06 18:11:00+00:00,2026-05-01 23:37:00+00:00,CREDIT,919.53,USD,8736,CP3190,ATM,REFYYJWYW39RO,2024-08-16 06:14:00+00:00
TXN0000001580,ACC00000612,2025-08-31 00:50:00+00:00,2024-01-22 14:02:00+00:00,CREDIT,54.36,USD,3975,CP3094,ONLINE,REF0DRAKCDBWK,2026-04-04 20:05:00+00:00
TXN0000001581,ACC00000271,2024-01-14 19:44:00+00:00,2026-04-10 07:31:00+00:00,CREDIT,548.51,USD,3219,CP8292,POS,REF6SWYOV0TM5,2025-02-09 02:17:00+00:00
TXN0000001582,ACC00000401,2025-11-01 13:25:00+00:00,2025-06-16 01:33:00+00:00,CREDIT,732.13,USD,8526,CP2593,ONLINE,REFJYCWEL0JX3,2024-04-18 19:01:00+00:00
TXN0000001583,ACC00000669,2024-06-23 22:28:00+00:00,2025-10-08 16:48:00+00:00,DEBIT,1196.72,GBP,9672,CP5764,POS,REFPHJCPI5IH1,2024-09-09 13:30:00+00:00
TXN0000001584,ACC00000428,2024-02-10 04:26:00+00:00,2026-01-20 13:58:00+00:00,DEBIT,519.52,EUR,4769,,POS,REFGC8TJTVSHT,2024-05-05 12:58:00+00:00
TXN0000001585,ACC00000409,2025-02-12 00:16:00+00:00,2025-12-31 22:48:00+00:00,DEBIT,640.63,GBP,3992,,ATM,REFRXSH4JC5N1,2024-02-16 04:37:00+00:00
TXN0000001586,ACC00000385,2026-04-30 10:52:00+00:00,2025-03-21 18:14:00+00:00,DEBIT,1111.19,GBP,1133,CP6899,BRANCH,REFD5P68U6Y41,2024-08-08 23:39:00+00:00
TXN0000001587,ACC00000492,2024-02-23 18:23:00+00:00,2024-06-17 01:31:00+00:00,DEBIT,647.92,USD,3728,CP5318,ATM,REFWKZKA3E06V,2025-01-16 11:13:00+00:00
TXN0000001588,ACC00000629,2025-03-16 06:11:00+00:00,2026-03-30 22:02:00+00:00,CREDIT,1108.29,GBP,6579,CP4638,POS,REFHRUJ749F53,2024-07-31 05:21:00+00:00
TXN0000001589,ACC00000286,2024-03-09 15:53:00+00:00,2025-08-07 16:15:00+00:00,DEBIT,704.55,USD,4513,CP6959,ONLINE,REFCQ1DQ92MX8,2024-05-06 14:12:00+00:00
TXN0000001590,ACC00000074,2024-10-18 20:02:00+00:00,2024-10-06 16:17:00+00:00,CREDIT,49.45,GBP,3971,CP7688,ATM,REFN2IAD32Y05,2024-03-16 21:50:00+00:00
TXN0000001591,ACC00000142,2024-01-20 22:14:00+00:00,2025-08-31 04:43:00+00:00,CREDIT,863.18,GBP,6038,CP4575,ONLINE,REFU4PXLIX5BL,2024-09-09 13:23:00+00:00
TXN0000001592,ACC00000646,2025-09-21 02:03:00+00:00,2025-12-12 22:27:00+00:00,DEBIT,1011.63,GBP,5388,CP2302,POS,REFGU82FN4RLY,2026-01-30 01:17:00+00:00
TXN0000001593,ACC00000437,2026-01-25 02:36:00+00:00,2025-05-18 23:19:00+00:00,CREDIT,962.49,USD,9663,CP1688,ONLINE,REFFWAOUJIWKC,2024-12-03 01:38:00+00:00
TXN0000001594,ACC00000201,2024-08-12 07:23:00+00:00,2025-07-07 14:55:00+00:00,DEBIT,506.23,USD,9909,CP3284,POS,REFJWQ3PXR6X8,2024-01-31 10:59:00+00:00
TXN0000001595,ACC00000015,2026-02-20 06:34:00+00:00,2025-02-23 21:11:00+00:00,CREDIT,1360.6,GBP,9919,CP1731,ONLINE,REF5LNO2A17GY,2024-02-10 13:32:00+00:00
TXN0000001596,ACC00000732,2025-09-26 05:08:00+00:00,2025-09-22 13:22:00+00:00,CREDIT,237.97,USD,1364,CP4948,POS,REFAFH8UDBW80,2025-09-24 05:36:00+00:00
TXN0000001597,ACC00000644,2024-06-13 09:53:00+00:00,2024-03-01 15:51:00+00:00,DEBIT,45.0,EUR,9056,CP9095,ATM,REFN6HLO650QG,2025-01-25 09:27:00+00:00
TXN0000001598,ACC00000635,2025-04-19 02:05:00+00:00,2024-10-20 21:55:00+00:00,CREDIT,1241.95,USD,7704,CP8819,ATM,REFEOXN40PZUR,2026-01-16 03:38:00+00:00
TXN0000001599,ACC00000070,2025-08-29 07:24:00+00:00,2024-10-02 10:25:00+00:00,DEBIT,870.92,GBP,8138,CP8660,POS,REFKY9YP10Q28,2026-03-05 03:21:00+00:00
TXN0000001600,ACC00000051,2024-01-06 22:02:00+00:00,2024-11-20 14:08:00+00:00,CREDIT,1700.86,GBP,6847,CP7631,POS,REFMS8XL76275,2024-04-02 22:08:00+00:00
TXN0000001601,ACC00000117,2025-03-05 00:59:00+00:00,2025-03-13 15:25:00+00:00,DEBIT,578.55,EUR,8580,CP7857,ONLINE,REF8WOSX7FQGM,2024-04-13 00:52:00+00:00
TXN0000001602,ACC00000129,2025-06-25 04:29:00+00:00,2025-01-04 21:17:00+00:00,CREDIT,463.77,USD,8751,CP7915,POS,REFQQFW3SFO45,2024-01-11 21:01:00+00:00
TXN0000001603,ACC00000653,2025-05-12 21:02:00+00:00,2024-04-01 19:32:00+00:00,CREDIT,585.88,GBP,7535,CP7500,ONLINE,REF3ZKTNU3SWN,2025-06-10 21:53:00+00:00
TXN0000001604,ACC00000428,2024-11-24 12:17:00+00:00,2024-06-13 16:06:00+00:00,CREDIT,164.67,GBP,6152,CP5187,ONLINE,REFHGNHICH3I9,2025-12-13 15:09:00+00:00
TXN0000001605,ACC00000383,2025-02-13 03:59:00+00:00,2025-04-02 18:17:00+00:00,DEBIT,372.97,USD,6109,CP2520,ONLINE,REFORHRC7OIT1,2025-12-31 01:03:00+00:00
TXN0000001606,ACC00000740,2025-12-02 23:26:00+00:00,2025-05-25 15:36:00+00:00,DEBIT,949.04,GBP,4495,CP9362,POS,REF7JB1GSWRGI,2026-04-06 04:38:00+00:00
TXN0000001607,ACC00000506,2026-04-30 01:30:00+00:00,2024-12-24 00:54:00+00:00,DEBIT,296.04,USD,6775,CP5560,BRANCH,REF8ZKKV0DPDI,2025-09-27 15:44:00+00:00
TXN0000001608,ACC00000024,2025-03-22 04:25:00+00:00,2026-04-05 01:12:00+00:00,CREDIT,814.8,USD,3690,CP4481,POS,REFNTHWI2LLQJ,2024-08-21 07:07:00+00:00
TXN0000001609,ACC00000683,2024-10-15 06:45:00+00:00,2024-11-10 10:48:00+00:00,CREDIT,767.71,GBP,2638,CP3323,ONLINE,REFK3FXQJI2GJ,2025-02-13 12:38:00+00:00
TXN0000001610,ACC00000635,2025-06-22 22:22:00+00:00,2024-05-15 04:03:00+00:00,DEBIT,149.33,GBP,5199,CP7934,ONLINE,REFIH8HIWDK7R,2025-08-13 17:55:00+00:00
TXN0000001611,ACC00000346,2024-01-11 00:36:00+00:00,2024-07-09 13:11:00+00:00,CREDIT,1035.89,USD,7941,CP5191,ONLINE,REF6Y9W7I5SNH,2024-09-29 12:01:00+00:00
TXN0000001612,ACC00000646,2024-11-29 07:29:00+00:00,2025-02-10 19:14:00+00:00,DEBIT,453.44,GBP,4867,CP4270,BRANCH,REFPM490VI0AO,2025-10-07 21:22:00+00:00
TXN0000001613,ACC00000621,2024-06-26 06:17:00+00:00,2024-02-29 06:08:00+00:00,DEBIT,1015.06,GBP,2194,CP5648,ONLINE,REFQX8PLPTMTJ,2024-10-03 03:46:00+00:00
TXN0000001614,ACC00000322,2025-03-09 02:28:00+00:00,2026-01-31 12:42:00+00:00,DEBIT,1862.01,GBP,3722,CP5700,POS,REFKLMTBXCLQO,2025-06-05 08:37:00+00:00
TXN0000001615,ACC00000135,2026-04-25 13:42:00+00:00,2024-09-18 11:10:00+00:00,CREDIT,153.43,GBP,5840,CP3182,ONLINE,REFZ36SY0OCUL,2025-01-04 17:38:00+00:00
TXN0000001616,ACC00000497,2024-05-30 07:43:00+00:00,2025-01-15 14:14:00+00:00,CREDIT,484.84,USD,6611,CP7538,ONLINE,REFIEACPOXT76,2024-10-17 17:14:00+00:00
TXN0000001617,ACC00000387,2024-04-23 06:55:00+00:00,2024-09-04 00:39:00+00:00,CREDIT,657.94,GBP,4874,,ATM,REFPS42ENMY8U,2026-01-18 22:22:00+00:00
TXN0000001618,ACC00000470,2024-07-21 13:07:00+00:00,2026-01-02 01:29:00+00:00,CREDIT,29.13,GBP,5246,,ONLINE,REF9X16H34WWI,2024-06-12 13:37:00+00:00
TXN0000001619,ACC00000558,2024-01-13 20:59:00+00:00,2026-02-10 08:49:00+00:00,DEBIT,63.69,USD,8431,CP4139,ATM,REF60G75XMD2W,2024-01-18 05:14:00+00:00
TXN0000001620,ACC00000781,2026-03-22 19:16:00+00:00,2026-02-17 01:46:00+00:00,CREDIT,868.92,GBP,5286,CP1702,ONLINE,REFFHKIUN0Q6W,2024-12-13 21:51:00+00:00
TXN0000001621,ACC00000596,2024-10-16 22:05:00+00:00,2025-01-25 07:21:00+00:00,CREDIT,502.21,USD,2078,CP6478,POS,REFZC3YK3OG0H,2024-11-21 11:16:00+00:00
TXN0000001622,ACC00000668,2025-03-21 09:08:00+00:00,2024-03-29 13:32:00+00:00,DEBIT,694.7,GBP,2248,CP2642,POS,REF2KHPIC6PM5,2026-01-09 10:06:00+00:00
TXN0000001623,ACC00000748,2024-07-23 22:06:00+00:00,2024-12-17 04:41:00+00:00,DEBIT,527.59,USD,7655,CP4144,BRANCH,REF231D2A8JWA,2024-05-27 12:02:00+00:00
TXN0000001624,ACC00000625,2025-02-02 11:17:00+00:00,2024-06-01 08:29:00+00:00,DEBIT,237.61,GBP,1558,CP2237,POS,REFYLJCBKQS7D,2024-09-03 01:29:00+00:00
TXN0000001625,ACC00000446,2026-04-16 09:07:00+00:00,2025-02-13 23:30:00+00:00,CREDIT,2187.3,USD,9344,CP7558,POS,REFKQNHVYMQ1A,2024-01-25 13:58:00+00:00
TXN0000001626,ACC00000367,2026-02-05 06:29:00+00:00,2025-01-11 03:08:00+00:00,CREDIT,95.59,USD,5347,CP6286,POS,REF3QS4GGP3M0,2025-12-04 10:42:00+00:00
TXN0000001627,ACC00000258,2024-07-01 14:30:00+00:00,2024-12-16 22:35:00+00:00,DEBIT,1534.2,USD,8626,CP2402,POS,REFR20G15MFL8,2025-08-30 07:00:00+00:00
TXN0000001628,ACC00000296,2025-11-05 12:33:00+00:00,2024-07-23 15:48:00+00:00,CREDIT,209.19,USD,9915,CP4717,ONLINE,REF6IJT8WN4US,2025-09-15 02:32:00+00:00
TXN0000001629,ACC00000720,2025-01-05 15:26:00+00:00,2025-10-10 18:37:00+00:00,CREDIT,1436.4,GBP,2974,CP6790,ONLINE,REF8GUE4TQNVW,2024-10-15 06:41:00+00:00
TXN0000001630,ACC00000030,2026-02-09 01:27:00+00:00,2024-01-26 01:46:00+00:00,DEBIT,1713.69,USD,3590,CP8492,POS,REFAT1L2O45BF,2024-10-26 08:52:00+00:00
TXN0000001631,ACC00000151,2025-12-10 06:50:00+00:00,2026-03-28 11:53:00+00:00,DEBIT,2171.91,GBP,3375,CP1543,ATM,REF81M1Q3RL8Q,2024-06-10 19:17:00+00:00
TXN0000001632,ACC00000457,2024-09-14 19:18:00+00:00,2024-08-02 12:46:00+00:00,CREDIT,636.99,GBP,3676,,POS,REFXN30EDJQ38,2026-03-08 23:40:00+00:00
TXN0000001633,ACC00000014,2024-07-03 19:02:00+00:00,2026-02-24 13:38:00+00:00,DEBIT,343.21,EUR,4497,CP9829,ONLINE,REFLV0VQZE7F4,2025-12-07 04:05:00+00:00
TXN0000001634,ACC00000532,2026-04-18 08:56:00+00:00,2024-08-01 06:08:00+00:00,CREDIT,417.5,GBP,5367,CP5186,POS,REFHBS1SBR5JV,2025-01-17 07:58:00+00:00
TXN0000001635,ACC00000299,2025-03-14 02:30:00+00:00,2025-05-19 13:14:00+00:00,DEBIT,370.07,GBP,5440,,ATM,REFOD3N5TWV5X,2025-11-28 07:12:00+00:00
TXN0000001636,ACC00000271,2024-12-01 10:06:00+00:00,2024-08-10 08:08:00+00:00,DEBIT,141.64,GBP,5744,CP9158,POS,REFYANUFVVF9L,2025-07-01 10:54:00+00:00
TXN0000001637,ACC00000600,2025-06-07 17:28:00+00:00,2024-06-02 17:22:00+00:00,DEBIT,628.85,GBP,5561,CP6437,POS,REFPGTJUY9DMY,2024-09-09 04:48:00+00:00
TXN0000001638,ACC00000006,2024-01-21 02:53:00+00:00,2025-12-14 12:10:00+00:00,DEBIT,435.98,GBP,8439,,POS,REFMWQJKFW25A,2025-03-26 21:46:00+00:00
TXN0000001639,ACC00000253,2025-05-21 19:39:00+00:00,2026-03-02 16:14:00+00:00,CREDIT,96.09,GBP,5949,CP4467,POS,REF76SHI5SH7N,2025-01-11 16:27:00+00:00
TXN0000001640,ACC00000371,2025-08-01 06:11:00+00:00,2025-04-21 04:57:00+00:00,DEBIT,1677.66,GBP,9779,CP5462,BRANCH,REF7FH0RLX4JS,2025-01-17 10:36:00+00:00
TXN0000001641,ACC00000108,2024-11-02 22:11:00+00:00,2026-03-16 07:31:00+00:00,CREDIT,592.61,GBP,5976,CP7101,ONLINE,REF0AQIUMOKTD,2024-03-19 17:41:00+00:00
TXN0000001642,ACC00000077,2024-02-12 05:18:00+00:00,2025-11-21 05:11:00+00:00,CREDIT,1300.38,GBP,9605,CP8041,POS,REF3FKS2H2T61,2026-03-04 11:33:00+00:00
TXN0000001643,ACC00000417,2025-07-27 07:28:00+00:00,2024-12-11 18:13:00+00:00,DEBIT,127.76,USD,6817,CP1612,ATM,REF0YX4JUT3SW,2025-05-12 14:17:00+00:00
TXN0000001644,ACC00000613,2024-11-11 08:49:00+00:00,2024-04-14 01:14:00+00:00,CREDIT,1866.02,USD,7472,CP5887,BRANCH,REFLS4F0SWYQ7,2024-08-13 13:03:00+00:00
TXN0000001645,ACC00000475,2024-09-30 02:49:00+00:00,2026-04-09 07:45:00+00:00,DEBIT,397.0,GBP,6085,CP3445,POS,REFQNAPARBU7H,2024-03-01 20:45:00+00:00
TXN0000001646,ACC00000379,2025-05-23 05:14:00+00:00,2025-04-27 23:44:00+00:00,DEBIT,703.91,GBP,5935,CP1714,BRANCH,REFF043HG6189,2024-03-24 03:13:00+00:00
TXN0000001647,ACC00000443,2024-10-02 11:27:00+00:00,2026-01-01 01:00:00+00:00,DEBIT,857.63,GBP,6383,CP6449,POS,REF21PVHORE5U,2026-04-13 17:38:00+00:00
TXN0000001648,ACC00000442,2026-03-10 10:50:00+00:00,2025-07-10 22:37:00+00:00,DEBIT,735.74,USD,2316,CP1042,POS,REF6U4CLFB51G,2024-12-18 09:54:00+00:00
TXN0000001649,ACC00000610,2024-07-20 16:52:00+00:00,2024-11-15 04:41:00+00:00,DEBIT,1137.42,USD,5300,CP2632,ATM,REFGNF4MTBLQB,2025-10-11 20:29:00+00:00
TXN0000001650,ACC00000096,2025-02-02 18:16:00+00:00,2024-07-31 08:59:00+00:00,CREDIT,1007.5,GBP,3901,CP2585,ATM,REFY7JNCUEST5,2025-06-09 23:34:00+00:00
TXN0000001651,ACC00000649,2025-04-04 18:48:00+00:00,2024-02-04 06:47:00+00:00,DEBIT,1312.44,USD,2934,CP6845,ATM,REFKBNA6WSDPN,2024-08-18 12:59:00+00:00
TXN0000001652,ACC00000629,2024-01-12 05:22:00+00:00,2025-04-01 00:17:00+00:00,CREDIT,1135.96,GBP,7028,CP7035,BRANCH,REFL1ULJA6I2B,2025-01-07 08:51:00+00:00
TXN0000001653,ACC00000511,2024-10-27 17:23:00+00:00,2024-07-21 06:14:00+00:00,CREDIT,2172.58,GBP,8593,CP3832,ONLINE,REF3EMJ7XJJBH,2024-12-16 20:26:00+00:00
TXN0000001654,ACC00000197,2026-02-02 07:24:00+00:00,2026-02-18 06:43:00+00:00,CREDIT,715.46,GBP,3301,CP2148,POS,REFXJKOBIAAO8,2024-10-03 18:30:00+00:00
TXN0000001655,ACC00000430,2026-02-18 04:26:00+00:00,2024-05-06 20:40:00+00:00,CREDIT,1462.11,GBP,2524,CP8199,ATM,REFX881PD5TAI,2024-12-05 15:30:00+00:00
TXN0000001656,ACC00000341,2025-07-26 18:02:00+00:00,2025-07-04 16:13:00+00:00,CREDIT,806.31,GBP,5206,CP7413,ONLINE,REF4ELAVRQSK3,2025-02-27 10:48:00+00:00
TXN0000001657,ACC00000032,2024-10-14 22:29:00+00:00,2025-06-30 08:23:00+00:00,CREDIT,2217.88,GBP,3170,CP4550,ATM,REFYKKDE1J1J4,2026-02-11 14:08:00+00:00
TXN0000001658,ACC00000086,2024-06-26 06:33:00+00:00,2025-02-12 20:49:00+00:00,DEBIT,491.8,USD,7216,CP1754,ONLINE,REF5XU48BOKNJ,2026-03-20 23:48:00+00:00
TXN0000001659,ACC00000752,2025-03-20 23:45:00+00:00,2024-03-25 04:23:00+00:00,DEBIT,2244.13,USD,1908,CP2413,ATM,REFWBAYSRN5L5,2024-09-20 23:53:00+00:00
TXN0000001660,ACC00000532,2024-09-29 02:41:00+00:00,2025-10-23 15:57:00+00:00,CREDIT,214.49,GBP,8858,CP8706,ONLINE,REFJKUYXCKUS3,2025-08-30 07:39:00+00:00
TXN0000001661,ACC00000799,2024-01-13 00:38:00+00:00,2025-07-14 20:59:00+00:00,CREDIT,997.9,GBP,2052,CP4352,ATM,REFAAAEBVG0BY,2024-12-20 23:47:00+00:00
TXN0000001662,ACC00000557,2024-12-13 07:32:00+00:00,2024-01-13 08:29:00+00:00,DEBIT,1021.57,GBP,4594,CP1724,ONLINE,REFIIESVDUDKT,2025-03-07 15:39:00+00:00
TXN0000001663,ACC00000653,2024-12-11 20:56:00+00:00,2024-08-12 14:06:00+00:00,CREDIT,1337.81,GBP,4325,CP3476,POS,REFQ4H54P8ZC5,2025-08-08 14:07:00+00:00
TXN0000001664,ACC00000800,2024-11-16 15:47:00+00:00,2025-08-29 16:51:00+00:00,CREDIT,119.25,GBP,2397,CP4294,ONLINE,REFVX7OG0AVTK,2024-11-04 02:02:00+00:00
TXN0000001665,ACC00000225,2024-10-01 05:05:00+00:00,2025-12-28 20:40:00+00:00,DEBIT,913.36,USD,5420,CP7503,ONLINE,REF3HRLY4NFY9,2026-02-18 07:51:00+00:00
TXN0000001666,ACC00000680,2025-02-04 23:17:00+00:00,2025-01-15 21:43:00+00:00,CREDIT,273.36,GBP,4838,,ONLINE,REFN12MHTPV0L,2026-01-25 16:24:00+00:00
TXN0000001667,ACC00000786,2024-08-28 10:49:00+00:00,2024-04-26 15:26:00+00:00,DEBIT,1287.5,USD,9766,CP2984,ONLINE,REFK1QGQ322UN,2025-04-22 21:51:00+00:00
TXN0000001668,ACC00000781,2025-08-27 19:01:00+00:00,2025-08-08 21:24:00+00:00,CREDIT,886.97,USD,3124,CP3556,ONLINE,REFZVZ8AE2JOK,2024-04-29 22:11:00+00:00
TXN0000001669,ACC00000292,2026-05-05 01:37:00+00:00,2025-07-07 00:57:00+00:00,CREDIT,1301.25,EUR,8220,CP7855,ATM,REFF38A4SJU0E,2025-12-18 10:28:00+00:00
TXN0000001670,ACC00000399,2026-03-10 07:30:00+00:00,2025-10-30 20:24:00+00:00,DEBIT,533.1,GBP,7606,CP6104,POS,REFNU382ZRJ27,2026-03-13 05:13:00+00:00
TXN0000001671,ACC00000591,2025-06-30 02:16:00+00:00,2024-10-29 11:54:00+00:00,DEBIT,473.38,GBP,5614,CP9936,ONLINE,REFNQYTOH0NHE,2024-10-26 16:24:00+00:00
TXN0000001672,ACC00000326,2025-11-19 13:03:00+00:00,2025-12-23 11:19:00+00:00,DEBIT,1114.29,EUR,7497,CP2035,POS,REFM42158JYSP,2025-03-15 02:19:00+00:00
TXN0000001673,ACC00000021,2024-11-08 15:54:00+00:00,2024-11-05 23:53:00+00:00,DEBIT,124.63,GBP,2888,,ONLINE,REF3JDV359YV3,2024-11-01 15:14:00+00:00
TXN0000001674,ACC00000229,2025-10-25 20:26:00+00:00,2025-12-08 04:06:00+00:00,DEBIT,2960.73,USD,3167,CP5821,ONLINE,REFZ01Q3KXMB4,2026-01-08 16:04:00+00:00
TXN0000001675,ACC00000148,2026-01-24 03:18:00+00:00,2025-01-11 15:42:00+00:00,CREDIT,680.68,GBP,4466,CP7691,ONLINE,REFWL8LF8NE22,2024-09-29 15:06:00+00:00
TXN0000001676,ACC00000075,2024-08-15 14:32:00+00:00,2025-12-14 17:50:00+00:00,DEBIT,178.4,GBP,6760,CP3912,ONLINE,REF9QDVK6FWVR,2025-04-01 05:21:00+00:00
TXN0000001677,ACC00000110,2025-06-19 08:17:00+00:00,2024-08-15 14:39:00+00:00,DEBIT,77.27,GBP,6284,CP2936,POS,REF99LSND6TLD,2025-09-02 09:54:00+00:00
TXN0000001678,ACC00000420,2024-08-05 14:03:00+00:00,2025-11-15 05:27:00+00:00,DEBIT,600.15,GBP,5324,CP8835,ONLINE,REF858A5EY2BA,2025-09-23 09:15:00+00:00
TXN0000001679,ACC00000480,2025-02-09 23:24:00+00:00,2024-10-23 00:20:00+00:00,CREDIT,1581.91,EUR,7011,,POS,REF0ZYE8N5MBM,2024-05-25 06:37:00+00:00
TXN0000001680,ACC00000081,2024-03-25 17:48:00+00:00,2024-07-30 22:09:00+00:00,CREDIT,583.72,GBP,3413,CP4423,ONLINE,REF7WEU937CP2,2025-07-01 18:02:00+00:00
TXN0000001681,ACC00000091,2025-04-07 20:54:00+00:00,2025-10-06 14:12:00+00:00,DEBIT,433.11,GBP,6489,CP5217,ATM,REFKQI3B8O1PW,2025-06-20 11:28:00+00:00
TXN0000001682,ACC00000780,2024-12-25 13:16:00+00:00,2025-10-25 19:27:00+00:00,DEBIT,955.44,GBP,2831,CP4344,BRANCH,REFEYF5G52S8W,2024-05-24 10:52:00+00:00
TXN0000001683,ACC00000615,2025-02-28 14:08:00+00:00,2025-06-18 16:23:00+00:00,CREDIT,822.67,EUR,4407,CP7508,POS,REF9JNK5UXRJE,2025-05-21 22:17:00+00:00
TXN0000001684,ACC00000255,2025-11-26 12:48:00+00:00,2025-09-23 06:16:00+00:00,DEBIT,1336.88,GBP,8233,CP4664,ONLINE,REFCO77A086AL,2025-05-28 04:09:00+00:00
TXN0000001685,ACC00000099,2024-08-27 12:35:00+00:00,2026-01-13 04:33:00+00:00,DEBIT,1225.36,GBP,3831,,ONLINE,REFYJ5WW705G7,2025-05-28 05:04:00+00:00
TXN0000001686,ACC00000462,2026-04-08 02:23:00+00:00,2025-07-23 06:40:00+00:00,DEBIT,394.46,EUR,1171,CP3487,ONLINE,REFE6XQ2Q3HIH,2025-06-24 20:24:00+00:00
TXN0000001687,ACC00000466,2025-11-05 09:56:00+00:00,2026-04-02 18:02:00+00:00,DEBIT,143.12,GBP,7770,CP2220,ATM,REFZDR4FQU0LM,2025-11-23 20:33:00+00:00
TXN0000001688,ACC00000064,2025-12-11 02:33:00+00:00,2024-08-14 19:29:00+00:00,DEBIT,1290.3,USD,8677,CP4025,POS,REFRFY1TRRR1G,2025-12-24 04:08:00+00:00
TXN0000001689,ACC00000040,2025-01-16 16:47:00+00:00,2025-09-20 19:29:00+00:00,DEBIT,270.49,GBP,8231,CP5180,ONLINE,REF7SVEBOCM6S,2025-07-19 06:07:00+00:00
TXN0000001690,ACC00000250,2025-09-15 18:02:00+00:00,2025-11-24 21:33:00+00:00,DEBIT,1225.08,GBP,4567,CP7245,ATM,REF07SQ2498FG,2024-05-28 22:59:00+00:00
TXN0000001691,ACC00000609,2024-03-02 04:28:00+00:00,2024-08-10 21:13:00+00:00,CREDIT,616.29,USD,1987,CP7360,ONLINE,REF4N69CL2URL,2026-03-24 08:09:00+00:00
TXN0000001692,ACC00000604,2025-05-01 22:10:00+00:00,2024-03-23 22:23:00+00:00,CREDIT,22.22,USD,8550,CP2822,POS,REFYDARSS11JF,2025-12-17 19:03:00+00:00
TXN0000001693,ACC00000731,2025-08-13 03:00:00+00:00,2024-01-24 07:10:00+00:00,CREDIT,203.3,USD,1432,CP7179,BRANCH,REFLTKV5C1SUG,2024-04-29 20:21:00+00:00
TXN0000001694,ACC00000064,2026-03-06 16:19:00+00:00,2024-04-06 19:32:00+00:00,DEBIT,930.42,USD,4951,CP2282,POS,REFSGVJMJIKPE,2025-12-10 17:12:00+00:00
TXN0000001695,ACC00000571,2024-12-08 01:44:00+00:00,2025-01-18 18:52:00+00:00,CREDIT,771.8,EUR,4503,CP5521,ONLINE,REFJD4KT7SJU0,2026-04-30 17:06:00+00:00
TXN0000001696,ACC00000749,2025-04-10 20:53:00+00:00,2025-11-21 13:22:00+00:00,DEBIT,1980.35,USD,5183,CP5224,BRANCH,REFVHIINPBM51,2024-12-08 07:37:00+00:00
TXN0000001697,ACC00000697,2026-05-07 17:24:00+00:00,2026-03-28 11:49:00+00:00,CREDIT,56.82,GBP,7559,,POS,REFIZ0UHT1B5A,2024-07-14 09:26:00+00:00
TXN0000001698,ACC00000437,2024-01-21 09:15:00+00:00,2024-03-23 21:43:00+00:00,DEBIT,1064.38,GBP,7473,CP2259,POS,REFM2C91J0THB,2025-02-17 02:42:00+00:00
TXN0000001699,ACC00000726,2025-01-07 13:48:00+00:00,2026-01-14 00:08:00+00:00,DEBIT,670.65,GBP,3636,CP5774,POS,REF6I3TLAS2PE,2025-07-05 07:05:00+00:00
TXN0000001700,ACC00000527,2025-03-14 01:21:00+00:00,2024-12-05 00:25:00+00:00,CREDIT,376.85,GBP,1833,CP2848,ONLINE,REFTNY282XPUH,2025-09-19 08:30:00+00:00
TXN0000001701,ACC00000081,2024-02-07 07:45:00+00:00,2025-03-22 13:56:00+00:00,DEBIT,163.53,USD,8845,CP1153,ONLINE,REFFINZ5EFFRA,2024-12-01 15:45:00+00:00
TXN0000001702,ACC00000323,2024-09-10 14:17:00+00:00,2026-01-24 20:33:00+00:00,CREDIT,1636.93,GBP,6630,CP5509,POS,REF8UXIMIX0HI,2026-03-16 15:55:00+00:00
TXN0000001703,ACC00000745,2025-03-11 18:32:00+00:00,2025-02-18 20:42:00+00:00,DEBIT,182.66,USD,4475,CP5610,POS,REFG1B3VFXDU6,2025-06-03 21:57:00+00:00
TXN0000001704,ACC00000250,2024-09-08 06:01:00+00:00,2026-02-24 01:25:00+00:00,DEBIT,449.77,GBP,2896,CP8401,POS,REFQ50AELHR1B,2026-02-10 10:04:00+00:00
TXN0000001705,ACC00000703,2025-02-09 15:41:00+00:00,2025-10-23 14:14:00+00:00,DEBIT,487.08,GBP,2428,CP4278,BRANCH,REFVF589X755M,2024-07-30 02:04:00+00:00
TXN0000001706,ACC00000075,2025-03-26 21:13:00+00:00,2024-10-31 15:26:00+00:00,DEBIT,302.53,GBP,4117,CP2010,BRANCH,REFCT30JHNWCP,2024-08-14 18:57:00+00:00
TXN0000001707,ACC00000267,2024-01-23 12:30:00+00:00,2025-04-27 02:55:00+00:00,DEBIT,378.8,USD,9994,,POS,REFY040WYGCSS,2025-12-05 16:59:00+00:00
TXN0000001708,ACC00000593,2025-12-18 03:35:00+00:00,2024-10-31 18:36:00+00:00,DEBIT,1778.84,GBP,3591,CP2786,POS,REFIB6M2R7SNK,2024-11-08 00:18:00+00:00
TXN0000001709,ACC00000110,2024-05-18 05:47:00+00:00,2025-11-25 17:27:00+00:00,CREDIT,1050.03,GBP,9470,CP4094,ATM,REFYEZ8352C4X,2025-12-20 03:04:00+00:00
TXN0000001710,ACC00000076,2024-07-06 13:26:00+00:00,2024-09-09 04:35:00+00:00,DEBIT,4.64,USD,2373,CP4458,ATM,REFA72YFUGOM0,2025-08-03 23:30:00+00:00
TXN0000001711,ACC00000756,2025-05-01 18:41:00+00:00,2025-08-20 11:46:00+00:00,CREDIT,327.01,GBP,9357,CP5006,ATM,REFM1TESB8U1K,2025-10-06 15:06:00+00:00
TXN0000001712,ACC00000004,2024-10-14 02:39:00+00:00,2025-09-22 02:56:00+00:00,DEBIT,272.64,GBP,4453,CP5510,ATM,REFE6XICJKI0J,2025-01-26 17:50:00+00:00
TXN0000001713,ACC00000714,2024-01-17 16:28:00+00:00,2026-01-18 00:14:00+00:00,CREDIT,571.81,EUR,6250,,ONLINE,REFLARN901X3Y,2024-02-26 00:26:00+00:00
TXN0000001714,ACC00000035,2025-06-04 20:32:00+00:00,2025-06-24 10:11:00+00:00,DEBIT,925.18,GBP,1215,CP2819,ONLINE,REFXSROAQCV0N,2025-11-20 09:09:00+00:00
TXN0000001715,ACC00000648,2025-03-17 10:13:00+00:00,2024-11-13 04:54:00+00:00,DEBIT,1519.1,GBP,8248,CP1052,ONLINE,REFZQPEHQ5QR8,2024-04-28 04:01:00+00:00
TXN0000001716,ACC00000325,2025-05-29 10:43:00+00:00,2025-04-25 12:10:00+00:00,DEBIT,1032.85,USD,4870,CP6731,POS,REF2IB9Z2PKPG,2024-03-21 04:16:00+00:00
TXN0000001717,ACC00000086,2025-09-04 01:24:00+00:00,2024-06-05 03:20:00+00:00,CREDIT,623.22,GBP,9197,CP9770,ONLINE,REFIMULQD7GMO,2025-12-18 01:23:00+00:00
TXN0000001718,ACC00000128,2025-04-27 06:36:00+00:00,2024-12-26 18:48:00+00:00,CREDIT,607.54,USD,5970,CP6372,ONLINE,REFN5AYIDS39Z,2024-12-23 00:24:00+00:00
TXN0000001719,ACC00000752,2025-02-28 06:19:00+00:00,2025-02-14 07:58:00+00:00,CREDIT,1717.96,GBP,9719,CP4911,ONLINE,REFBYAUUUFF1F,2024-02-15 02:41:00+00:00
TXN0000001720,ACC00000717,2025-11-27 05:44:00+00:00,2025-11-24 14:18:00+00:00,CREDIT,69.97,USD,6273,CP7155,ONLINE,REF7WYALNGL8T,2026-02-25 12:20:00+00:00
TXN0000001721,ACC00000199,2025-06-11 22:39:00+00:00,2024-07-29 18:43:00+00:00,DEBIT,114.52,GBP,6566,,POS,REFVFIO1KXEZP,2025-03-06 20:04:00+00:00
TXN0000001722,ACC00000268,2025-05-30 15:25:00+00:00,2025-02-28 07:38:00+00:00,DEBIT,83.41,GBP,1178,CP6576,POS,REFOIOONS4KL9,2024-06-20 15:03:00+00:00
TXN0000001723,ACC00000149,2024-01-25 23:54:00+00:00,2025-09-10 08:39:00+00:00,CREDIT,691.56,GBP,6951,CP8970,POS,REFKXX4Z4HHDI,2025-01-10 22:32:00+00:00
TXN0000001724,ACC00000735,2024-11-18 20:20:00+00:00,2024-12-10 19:18:00+00:00,CREDIT,1644.08,GBP,1603,CP6538,ONLINE,REF8QMVK8XN2T,2026-03-10 09:06:00+00:00
TXN0000001725,ACC00000561,2024-01-23 21:40:00+00:00,2024-01-08 06:35:00+00:00,CREDIT,427.35,GBP,7409,,ATM,REFDLW0DLL3I6,2024-12-01 23:56:00+00:00
TXN0000001726,ACC00000084,2024-11-05 18:08:00+00:00,2025-07-30 11:20:00+00:00,CREDIT,572.02,GBP,9346,CP1686,ONLINE,REFGUHNFALJDS,2026-03-23 10:19:00+00:00
TXN0000001727,ACC00000650,2024-05-22 03:44:00+00:00,2026-03-17 23:18:00+00:00,DEBIT,54.87,GBP,2949,CP2013,ONLINE,REFMKIZ7H5FWP,2025-10-11 17:44:00+00:00
TXN0000001728,ACC00000377,2025-04-11 01:16:00+00:00,2025-02-28 11:27:00+00:00,CREDIT,1414.62,USD,6664,CP3085,ONLINE,REFZ89DEYLUI8,2025-06-23 18:32:00+00:00
TXN0000001729,ACC00000583,2025-10-25 17:27:00+00:00,2026-03-08 21:41:00+00:00,DEBIT,811.91,GBP,2538,CP9664,ATM,REF5QS6Y9H2XO,2026-02-09 07:48:00+00:00
TXN0000001730,ACC00000102,2026-02-22 22:48:00+00:00,2025-01-11 06:04:00+00:00,DEBIT,659.67,GBP,2419,CP5068,BRANCH,REFZD0WC48OMV,2025-08-07 18:43:00+00:00
TXN0000001731,ACC00000591,2024-03-20 17:55:00+00:00,2025-04-26 01:32:00+00:00,CREDIT,238.92,USD,5343,CP7616,POS,REF9FJA0DF2BW,2024-07-19 05:17:00+00:00
TXN0000001732,ACC00000658,2025-02-15 21:46:00+00:00,2025-05-17 06:02:00+00:00,DEBIT,377.74,GBP,7791,CP2602,POS,REFKWDKV2DDPA,2024-12-26 12:37:00+00:00
TXN0000001733,ACC00000546,2025-03-29 00:26:00+00:00,2024-02-24 04:47:00+00:00,CREDIT,1227.47,GBP,3180,CP4501,ONLINE,REFCD8LB6120O,2026-02-13 17:17:00+00:00
TXN0000001734,ACC00000191,2025-02-04 06:11:00+00:00,2024-04-03 00:42:00+00:00,DEBIT,392.57,USD,8546,CP7625,BRANCH,REFGLYUZHYACG,2024-01-12 10:01:00+00:00
TXN0000001735,ACC00000327,2024-03-03 02:25:00+00:00,2024-05-29 23:51:00+00:00,DEBIT,130.82,GBP,9228,CP9504,ATM,REFSV5BGJLTEE,2024-10-12 13:37:00+00:00
TXN0000001736,ACC00000546,2026-02-20 05:36:00+00:00,2025-04-23 06:24:00+00:00,CREDIT,950.84,GBP,6466,CP4346,POS,REFI4P8D1Y650,2024-10-23 09:44:00+00:00
TXN0000001737,ACC00000701,2025-11-23 00:30:00+00:00,2025-11-18 12:14:00+00:00,DEBIT,673.0,USD,7476,CP8518,POS,REFOPM0OG9CB8,2024-08-26 10:42:00+00:00
TXN0000001738,ACC00000462,2024-07-15 18:37:00+00:00,2025-11-30 23:10:00+00:00,DEBIT,1876.69,GBP,7667,CP9018,ONLINE,REF1W43JIBID9,2025-11-26 14:13:00+00:00
TXN0000001739,ACC00000584,2024-06-30 16:53:00+00:00,2024-12-25 23:24:00+00:00,DEBIT,551.73,GBP,3638,,POS,REFSBD09ZXL6P,2025-11-19 20:20:00+00:00
TXN0000001740,ACC00000674,2025-09-22 02:43:00+00:00,2025-11-03 14:13:00+00:00,CREDIT,153.11,GBP,2169,CP3975,POS,REF43S87SOLHE,2026-04-19 12:54:00+00:00
TXN0000001741,ACC00000395,2025-08-03 17:59:00+00:00,2026-01-07 22:52:00+00:00,CREDIT,1446.98,USD,8691,,BRANCH,REF2A8Q0O0L4J,2025-03-02 20:45:00+00:00
TXN0000001742,ACC00000191,2024-06-12 15:07:00+00:00,2024-07-09 05:46:00+00:00,CREDIT,1455.4,GBP,7433,CP6875,BRANCH,REFIIX6OZ1I2T,2024-04-18 12:35:00+00:00
TXN0000001743,ACC00000344,2025-07-29 04:26:00+00:00,2024-07-28 09:58:00+00:00,CREDIT,71.87,USD,3655,CP4126,ATM,REFK6P9HBSTL4,2025-08-09 10:24:00+00:00
TXN0000001744,ACC00000491,2025-12-20 10:56:00+00:00,2025-06-01 14:17:00+00:00,DEBIT,462.33,GBP,8570,CP4724,ATM,REF9YAF2UHF4N,2025-03-06 15:01:00+00:00
TXN0000001745,ACC00000311,2026-02-26 06:49:00+00:00,2025-07-31 06:38:00+00:00,DEBIT,2196.43,GBP,3902,CP3640,POS,REFII4BIGV5QW,2025-06-14 04:34:00+00:00
TXN0000001746,ACC00000661,2026-04-03 07:29:00+00:00,2024-03-07 13:42:00+00:00,DEBIT,201.71,USD,6075,CP3788,ONLINE,REFHA1NQSY9GK,2025-06-19 04:13:00+00:00
TXN0000001747,ACC00000235,2024-04-02 14:47:00+00:00,2025-02-04 00:51:00+00:00,CREDIT,1008.97,EUR,4769,CP3442,POS,REF4J5HX1XHQR,2024-01-13 10:01:00+00:00
TXN0000001748,ACC00000109,2024-01-07 17:27:00+00:00,2024-04-08 18:07:00+00:00,DEBIT,555.57,USD,9280,CP9726,ONLINE,REFJEP0U55B17,2024-11-01 13:13:00+00:00
TXN0000001749,ACC00000779,2026-04-22 09:39:00+00:00,2024-02-04 19:00:00+00:00,DEBIT,410.88,GBP,3017,CP2972,POS,REFVYXN3FLZ1S,2025-02-07 23:47:00+00:00
TXN0000001750,ACC00000330,2024-09-25 05:25:00+00:00,2024-11-05 17:33:00+00:00,CREDIT,449.82,USD,5997,CP7826,ONLINE,REFY8Y4LFRHMD,2026-04-30 01:50:00+00:00
TXN0000001751,ACC00000463,2025-08-24 09:10:00+00:00,2025-03-17 12:46:00+00:00,CREDIT,31.75,USD,5409,CP7257,POS,REF6Z3A8W3GSM,2024-12-28 22:35:00+00:00
TXN0000001752,ACC00000216,2024-01-31 06:45:00+00:00,2026-01-14 00:47:00+00:00,DEBIT,1613.4,GBP,6940,,ATM,REFLGQP9S2U3O,2025-05-29 13:20:00+00:00
TXN0000001753,ACC00000494,2025-12-13 18:34:00+00:00,2025-03-28 06:54:00+00:00,DEBIT,277.09,GBP,7709,,POS,REFBVZXURETJ3,2025-03-15 04:31:00+00:00
TXN0000001754,ACC00000712,2025-12-04 21:15:00+00:00,2026-02-02 04:26:00+00:00,CREDIT,644.17,GBP,6749,CP8612,ONLINE,REF6HUXZVFCU8,2025-01-26 15:56:00+00:00
TXN0000001755,ACC00000566,2024-03-30 21:49:00+00:00,2024-11-12 09:59:00+00:00,CREDIT,1326.97,GBP,2364,CP8541,POS,REFN3NARF3XGS,2026-01-21 00:32:00+00:00
TXN0000001756,ACC00000204,2024-08-31 10:19:00+00:00,2026-02-12 14:49:00+00:00,CREDIT,1042.14,GBP,5399,CP1305,POS,REF8T2SCMDO3X,2024-05-07 10:10:00+00:00
TXN0000001757,ACC00000485,2025-12-04 20:38:00+00:00,2026-02-26 17:56:00+00:00,DEBIT,2319.63,USD,8411,CP9895,POS,REFUOV165HJAE,2025-12-23 21:04:00+00:00
TXN0000001758,ACC00000002,2025-12-09 00:07:00+00:00,2025-08-07 20:44:00+00:00,CREDIT,808.3,USD,6618,,POS,REFIKSGBP21S5,2024-03-11 10:00:00+00:00
TXN0000001759,ACC00000092,2024-10-16 11:49:00+00:00,2024-07-21 21:30:00+00:00,DEBIT,226.29,GBP,4335,CP9184,ONLINE,REF0G8A5TBIMK,2025-05-26 07:08:00+00:00
TXN0000001760,ACC00000473,2025-08-02 19:26:00+00:00,2025-06-10 11:39:00+00:00,DEBIT,336.95,USD,1573,CP3596,BRANCH,REF86TKOV8MW6,2024-10-27 23:41:00+00:00
TXN0000001761,ACC00000598,2025-04-05 00:24:00+00:00,2025-01-06 20:17:00+00:00,DEBIT,1340.19,GBP,2141,CP3543,ONLINE,REF0ZCNS3JMED,2025-08-16 14:54:00+00:00
TXN0000001762,ACC00000554,2025-09-05 05:04:00+00:00,2024-04-03 15:27:00+00:00,DEBIT,988.71,USD,5850,CP5652,ATM,REFQ6S1J3WW5X,2026-04-06 09:21:00+00:00
TXN0000001763,ACC00000462,2025-09-23 10:52:00+00:00,2026-03-25 01:50:00+00:00,CREDIT,456.19,USD,5253,CP4797,POS,REFBNMC4VPRRS,2024-02-25 09:23:00+00:00
TXN0000001764,ACC00000652,2025-07-05 14:12:00+00:00,2026-04-15 19:42:00+00:00,DEBIT,1032.69,GBP,7306,CP1727,BRANCH,REFZ1BD7BZY6I,2026-02-25 04:40:00+00:00
TXN0000001765,ACC00000465,2024-01-03 11:16:00+00:00,2024-01-24 19:12:00+00:00,CREDIT,717.22,GBP,4480,CP9471,ONLINE,REF7ZSMAYNQPO,2026-04-16 12:20:00+00:00
TXN0000001766,ACC00000774,2025-09-13 16:10:00+00:00,2025-05-22 03:58:00+00:00,CREDIT,3.82,GBP,4999,CP5059,POS,REFU01397JWLP,2025-06-08 01:11:00+00:00
TXN0000001767,ACC00000200,2024-10-05 07:35:00+00:00,2025-02-28 09:58:00+00:00,CREDIT,501.73,GBP,9914,CP4652,ONLINE,REFUJXTJHLOCG,2025-08-28 00:13:00+00:00
TXN0000001768,ACC00000569,2025-06-08 23:49:00+00:00,2026-02-28 22:42:00+00:00,CREDIT,1355.02,GBP,5286,CP7379,ONLINE,REFKRLIEBI2LW,2024-08-09 21:08:00+00:00
TXN0000001769,ACC00000185,2024-10-11 21:50:00+00:00,2025-11-08 11:40:00+00:00,DEBIT,2978.36,USD,6266,,ONLINE,REFF46BTO2OCS,2026-02-16 12:34:00+00:00
TXN0000001770,ACC00000200,2024-09-08 01:44:00+00:00,2025-07-26 03:00:00+00:00,DEBIT,1503.6,USD,6313,CP7918,ONLINE,REF9VALNIWED3,2025-11-19 11:29:00+00:00
TXN0000001771,ACC00000038,2024-05-30 22:43:00+00:00,2024-10-19 11:48:00+00:00,DEBIT,356.89,GBP,5651,CP3418,POS,REFDYKXB80R59,2026-05-06 11:35:00+00:00
TXN0000001772,ACC00000058,2026-04-21 23:04:00+00:00,2025-05-17 07:45:00+00:00,DEBIT,379.14,EUR,6466,CP2796,ATM,REFFP0RPJJESJ,2024-10-06 19:28:00+00:00
TXN0000001773,ACC00000316,2025-04-22 23:34:00+00:00,2024-10-05 13:27:00+00:00,DEBIT,427.63,USD,1054,CP5844,POS,REFTDJPGYYZ2C,2024-02-11 08:19:00+00:00
TXN0000001774,ACC00000773,2024-04-24 13:30:00+00:00,2025-08-11 09:16:00+00:00,DEBIT,475.42,GBP,2462,CP9229,BRANCH,REF4C3ARKVA3W,2024-10-01 00:45:00+00:00
TXN0000001775,ACC00000222,2025-05-29 00:24:00+00:00,2025-05-20 06:44:00+00:00,DEBIT,1075.67,GBP,3049,CP8712,BRANCH,REFMN91UMR5CH,2024-09-07 10:49:00+00:00
TXN0000001776,ACC00000091,2025-10-11 12:41:00+00:00,2024-08-27 17:28:00+00:00,CREDIT,188.73,GBP,3331,CP5201,ONLINE,REFPDDEBW0IGQ,2026-03-29 05:39:00+00:00
TXN0000001777,ACC00000003,2024-10-04 21:14:00+00:00,2026-02-25 17:56:00+00:00,DEBIT,1557.31,GBP,3290,CP7875,POS,REF5Y2X7K2I11,2024-11-20 17:56:00+00:00
TXN0000001778,ACC00000169,2025-11-25 03:21:00+00:00,2024-02-28 23:49:00+00:00,CREDIT,1862.6,GBP,2202,CP1243,POS,REFSDKS74LF4Y,2025-09-02 22:28:00+00:00
TXN0000001779,ACC00000089,2025-10-22 16:37:00+00:00,2026-03-16 22:20:00+00:00,DEBIT,417.03,GBP,9539,CP2995,ONLINE,REFAJSQ5MY51Z,2026-03-17 15:17:00+00:00
TXN0000001780,ACC00000557,2026-02-12 01:06:00+00:00,2024-05-13 16:36:00+00:00,DEBIT,1745.25,GBP,9237,CP9888,ONLINE,REFSYP8VCWGR4,2026-01-24 10:31:00+00:00
TXN0000001781,ACC00000331,2025-01-23 20:54:00+00:00,2024-01-31 21:21:00+00:00,DEBIT,64.99,USD,5864,CP7316,POS,REF1MU8AY1JSL,2024-01-26 17:23:00+00:00
TXN0000001782,ACC00000274,2024-09-15 18:58:00+00:00,2025-02-02 13:22:00+00:00,CREDIT,600.79,USD,2640,CP3997,ONLINE,REF14O1DIRLPT,2024-07-30 06:58:00+00:00
TXN0000001783,ACC00000358,2026-01-10 21:09:00+00:00,2024-03-30 17:12:00+00:00,CREDIT,791.3,USD,4350,CP6088,ONLINE,REFPWL70OZHU6,2024-02-08 03:34:00+00:00
TXN0000001784,ACC00000118,2025-10-31 16:05:00+00:00,2025-03-29 17:51:00+00:00,DEBIT,382.59,GBP,2292,CP2867,BRANCH,REFZM0DQOJMUB,2024-06-13 17:56:00+00:00
TXN0000001785,ACC00000519,2024-12-02 00:12:00+00:00,2024-11-06 23:28:00+00:00,DEBIT,459.19,GBP,3099,CP3893,ONLINE,REFD154CKQB6K,2025-01-05 20:40:00+00:00
TXN0000001786,ACC00000099,2025-04-04 01:07:00+00:00,2025-03-29 02:37:00+00:00,CREDIT,658.0,GBP,1879,CP7754,BRANCH,REFFVXZN5MC3U,2025-12-05 18:20:00+00:00
TXN0000001787,ACC00000296,2025-05-02 01:59:00+00:00,2025-06-25 17:32:00+00:00,DEBIT,285.64,GBP,6863,CP5663,ONLINE,REFQL208PRN6P,2025-07-08 13:32:00+00:00
TXN0000001788,ACC00000782,2025-09-05 04:26:00+00:00,2024-08-30 14:17:00+00:00,DEBIT,1019.07,GBP,5014,CP3129,BRANCH,REF7MCYZ51BIQ,2025-08-11 19:23:00+00:00
TXN0000001789,ACC00000303,2025-10-07 09:02:00+00:00,2024-09-08 08:22:00+00:00,DEBIT,1280.58,GBP,1916,CP3046,ATM,REF3RPNQINJV7,2025-08-20 16:16:00+00:00
TXN0000001790,ACC00000416,2025-04-01 01:13:00+00:00,2024-02-14 19:52:00+00:00,CREDIT,1336.3,GBP,9526,CP6695,POS,REFGP3V0TCKC7,2025-05-13 05:59:00+00:00
TXN0000001791,ACC00000221,2024-02-01 16:40:00+00:00,2025-02-16 16:20:00+00:00,CREDIT,1124.82,GBP,4837,CP2993,POS,REF0MVZ9G2C23,2024-08-03 01:00:00+00:00
TXN0000001792,ACC00000531,2025-07-06 01:33:00+00:00,2025-09-25 06:32:00+00:00,DEBIT,1255.85,EUR,1389,CP5313,ONLINE,REF50534NGDUQ,2025-08-11 21:35:00+00:00
TXN0000001793,ACC00000687,2025-10-17 02:29:00+00:00,2024-02-11 12:10:00+00:00,CREDIT,374.26,GBP,3490,CP4724,POS,REF6ID8XYO6CL,2025-01-29 22:46:00+00:00
TXN0000001794,ACC00000117,2024-06-12 12:09:00+00:00,2026-02-03 10:03:00+00:00,CREDIT,464.54,EUR,4036,CP6082,ONLINE,REFASLR4V8B90,2025-05-10 23:26:00+00:00
TXN0000001795,ACC00000312,2025-06-25 05:38:00+00:00,2024-06-02 07:02:00+00:00,CREDIT,1760.42,USD,3482,CP8712,ATM,REFC3VJ0POJKK,2025-06-08 21:50:00+00:00
TXN0000001796,ACC00000151,2025-02-28 17:11:00+00:00,2025-06-07 18:41:00+00:00,CREDIT,692.99,GBP,1648,CP2580,POS,REFCG9LK7787D,2025-02-27 19:07:00+00:00
TXN0000001797,ACC00000533,2025-10-28 09:53:00+00:00,2025-08-28 21:24:00+00:00,CREDIT,183.31,USD,3702,CP9232,POS,REFWQRDNJV200,2024-03-01 04:30:00+00:00
TXN0000001798,ACC00000758,2024-11-02 16:20:00+00:00,2024-10-14 12:51:00+00:00,DEBIT,309.2,USD,6058,CP6087,ONLINE,REFQ69POZQCR6,2024-10-10 09:01:00+00:00
TXN0000001799,ACC00000195,2026-02-09 00:42:00+00:00,2025-09-14 20:10:00+00:00,DEBIT,71.82,USD,2131,,POS,REF4VYX1J9XND,2026-04-01 12:22:00+00:00
TXN0000001800,ACC00000392,2024-01-20 14:09:00+00:00,2024-09-28 07:19:00+00:00,DEBIT,1217.84,GBP,9188,CP5190,ONLINE,REFQJQZ248WJP,2026-03-04 00:13:00+00:00
TXN0000001801,ACC00000220,2025-06-12 16:42:00+00:00,2026-03-04 07:22:00+00:00,CREDIT,1114.4,GBP,7991,CP1031,ATM,REFIJN43G48DF,2024-09-11 06:31:00+00:00
TXN0000001802,ACC00000040,2025-08-16 10:36:00+00:00,2024-09-14 16:25:00+00:00,DEBIT,1597.74,GBP,7677,CP4261,POS,REFFSWMLS92GR,2024-12-19 02:18:00+00:00
TXN0000001803,ACC00000003,2024-07-07 20:41:00+00:00,2025-09-01 10:11:00+00:00,CREDIT,1169.79,USD,8187,,ONLINE,REF8YCFUKJFCJ,2024-12-04 06:46:00+00:00
TXN0000001804,ACC00000371,2025-04-23 20:17:00+00:00,2024-04-24 05:52:00+00:00,DEBIT,674.28,GBP,1747,CP7176,POS,REFWXPC024LOA,2025-10-29 02:56:00+00:00
TXN0000001805,ACC00000050,2024-03-31 02:26:00+00:00,2024-04-14 21:22:00+00:00,CREDIT,368.72,USD,7616,CP3345,ATM,REF4NH7Y5NT5D,2026-03-20 07:30:00+00:00
TXN0000001806,ACC00000712,2025-07-06 00:27:00+00:00,2025-02-02 01:52:00+00:00,CREDIT,1906.45,EUR,9691,CP9946,ONLINE,REF4JVO6XB284,2026-02-20 02:59:00+00:00
TXN0000001807,ACC00000048,2025-08-29 21:07:00+00:00,2024-08-28 16:28:00+00:00,DEBIT,117.31,GBP,4298,CP9456,ONLINE,REFOTYBC6HG1A,2024-11-09 09:11:00+00:00
TXN0000001808,ACC00000367,2026-01-06 19:56:00+00:00,2024-03-06 00:33:00+00:00,CREDIT,1097.26,GBP,9970,CP5298,POS,REFMMDZXC3H59,2025-02-05 16:16:00+00:00
TXN0000001809,ACC00000232,2025-01-29 03:10:00+00:00,2025-07-13 01:13:00+00:00,DEBIT,971.88,EUR,3603,CP3795,POS,REF77YLA83GUL,2024-01-06 04:29:00+00:00
TXN0000001810,ACC00000331,2026-03-30 15:25:00+00:00,2024-12-04 09:26:00+00:00,DEBIT,182.68,GBP,3697,CP2921,POS,REFNULVTU96PX,2025-05-31 13:35:00+00:00
TXN0000001811,ACC00000706,2025-02-05 04:00:00+00:00,2025-09-28 09:24:00+00:00,CREDIT,832.22,GBP,7195,CP9307,ATM,REFAJMNIU4BM1,2024-03-23 04:49:00+00:00
TXN0000001812,ACC00000113,2025-07-24 01:33:00+00:00,2025-03-13 00:57:00+00:00,CREDIT,106.29,GBP,7697,CP5335,POS,REFUOXJ1IU5E1,2025-02-02 08:36:00+00:00
TXN0000001813,ACC00000224,2024-05-16 00:15:00+00:00,2024-11-02 18:51:00+00:00,CREDIT,80.45,USD,8346,CP2499,ONLINE,REFJG9SERL980,2024-01-17 12:26:00+00:00
TXN0000001814,ACC00000341,2025-10-01 03:29:00+00:00,2024-03-01 06:30:00+00:00,CREDIT,443.75,GBP,5743,CP9891,ATM,REFB4BAR1GWNN,2024-01-18 07:04:00+00:00
TXN0000001815,ACC00000012,2024-02-28 20:48:00+00:00,2025-02-16 08:28:00+00:00,CREDIT,678.5,GBP,1989,CP7104,ONLINE,REFNRQ9U2QCKI,2025-12-15 15:21:00+00:00
TXN0000001816,ACC00000629,2026-04-03 05:59:00+00:00,2024-10-09 14:27:00+00:00,CREDIT,1024.78,GBP,1301,CP2789,POS,REFZCZ9SZRVHR,2024-05-21 07:42:00+00:00
TXN0000001817,ACC00000424,2025-03-07 06:43:00+00:00,2026-01-22 18:07:00+00:00,CREDIT,1179.43,GBP,1117,CP8821,POS,REFZZC5DP4SE5,2025-12-19 09:10:00+00:00
TXN0000001818,ACC00000470,2024-09-27 08:17:00+00:00,2025-11-03 23:56:00+00:00,DEBIT,77.96,USD,8878,CP6051,ONLINE,REFT42PEKHYW7,2025-04-25 15:50:00+00:00
TXN0000001819,ACC00000279,2024-08-11 10:51:00+00:00,2024-03-24 13:05:00+00:00,DEBIT,14.52,USD,8991,CP7131,POS,REFVMYNI4Z1PC,2025-04-14 22:15:00+00:00
TXN0000001820,ACC00000516,2025-09-01 12:40:00+00:00,2024-07-09 05:07:00+00:00,CREDIT,861.97,EUR,4627,CP4754,ATM,REF0L6JG70E0W,2024-08-06 15:36:00+00:00
TXN0000001821,ACC00000360,2025-10-28 05:41:00+00:00,2026-04-11 10:02:00+00:00,CREDIT,485.6,GBP,6369,CP3033,ONLINE,REFH724472FQP,2024-05-27 04:15:00+00:00
TXN0000001822,ACC00000551,2024-09-16 10:33:00+00:00,2026-02-11 07:46:00+00:00,DEBIT,875.19,GBP,5810,CP4566,POS,REF6ZSIQ10LDJ,2026-04-01 04:20:00+00:00
TXN0000001823,ACC00000221,2025-11-27 15:57:00+00:00,2025-08-11 21:25:00+00:00,DEBIT,1002.96,USD,7709,CP8688,ONLINE,REFGPJJ6UFWO7,2024-03-24 05:34:00+00:00
TXN0000001824,ACC00000382,2024-01-07 02:11:00+00:00,2025-12-16 10:22:00+00:00,DEBIT,1069.82,GBP,4035,,POS,REF0WBUQ0UIVP,2025-01-09 08:55:00+00:00
TXN0000001825,ACC00000313,2024-01-12 23:47:00+00:00,2025-07-18 13:45:00+00:00,CREDIT,473.91,GBP,6985,CP3687,POS,REFXE3F0SZRDY,2025-01-14 19:50:00+00:00
TXN0000001826,ACC00000129,2024-10-29 21:59:00+00:00,2025-05-29 22:59:00+00:00,CREDIT,2297.97,USD,6735,CP8424,ATM,REF3IKUTCSF73,2025-11-14 22:22:00+00:00
TXN0000001827,ACC00000177,2025-11-04 04:19:00+00:00,2025-12-19 02:40:00+00:00,CREDIT,215.64,GBP,1298,CP3671,ONLINE,REFFIBSMYXF7X,2024-06-18 02:33:00+00:00
TXN0000001828,ACC00000724,2024-06-15 21:56:00+00:00,2025-07-30 20:02:00+00:00,DEBIT,647.68,GBP,2888,CP7173,POS,REF98YVL5JG6T,2026-02-28 18:52:00+00:00
TXN0000001829,ACC00000014,2025-01-17 06:26:00+00:00,2024-02-13 09:07:00+00:00,CREDIT,1066.81,GBP,3312,CP4034,ONLINE,REFKREW1G1ADR,2024-05-24 22:54:00+00:00
TXN0000001830,ACC00000188,2025-09-02 00:37:00+00:00,2024-11-17 16:38:00+00:00,CREDIT,1747.09,GBP,2486,CP3249,ONLINE,REF0334ETLYHE,2025-04-20 05:06:00+00:00
TXN0000001831,ACC00000389,2024-04-02 04:14:00+00:00,2024-08-14 06:13:00+00:00,DEBIT,8.02,GBP,4561,,POS,REF9A904EPXTK,2025-10-17 01:31:00+00:00
TXN0000001832,ACC00000176,2025-04-14 11:15:00+00:00,2025-01-16 04:54:00+00:00,CREDIT,1958.3,GBP,6967,CP7031,ONLINE,REF87G32I8UVX,2024-05-09 06:06:00+00:00
TXN0000001833,ACC00000759,2024-01-10 05:35:00+00:00,2025-07-10 13:45:00+00:00,CREDIT,663.94,USD,6446,CP4936,POS,REFG0RUHMBKUF,2025-09-23 19:56:00+00:00
TXN0000001834,ACC00000408,2024-09-29 18:28:00+00:00,2026-01-02 21:25:00+00:00,DEBIT,1333.27,GBP,4094,CP8283,POS,REFCRJO51WL8T,2024-11-29 19:18:00+00:00
TXN0000001835,ACC00000748,2025-02-18 22:03:00+00:00,2024-01-02 03:52:00+00:00,CREDIT,867.45,EUR,1848,CP6423,ONLINE,REFPQZZ0IB8FY,2025-08-22 13:37:00+00:00
TXN0000001836,ACC00000088,2024-09-12 19:24:00+00:00,2024-08-16 16:20:00+00:00,DEBIT,354.73,EUR,2936,,ONLINE,REF7V24Q0KPSG,2025-10-08 00:38:00+00:00
TXN0000001837,ACC00000577,2025-10-26 14:00:00+00:00,2024-11-19 23:00:00+00:00,DEBIT,252.11,GBP,3650,CP8086,BRANCH,REFQYM1RLMMI9,2025-10-05 07:03:00+00:00
TXN0000001838,ACC00000418,2024-05-15 09:15:00+00:00,2026-02-23 00:10:00+00:00,DEBIT,336.68,GBP,6539,CP5324,ONLINE,REFXDUUOOZ7PV,2024-01-13 21:11:00+00:00
TXN0000001839,ACC00000552,2025-01-19 10:08:00+00:00,2025-08-23 10:50:00+00:00,DEBIT,112.08,USD,4633,CP5335,POS,REFYA3ZQYPY3J,2024-07-02 22:45:00+00:00
TXN0000001840,ACC00000218,2026-02-22 22:19:00+00:00,2025-05-08 06:50:00+00:00,CREDIT,1146.02,GBP,5136,,POS,REFPYB056B5O6,2025-12-30 19:03:00+00:00
TXN0000001841,ACC00000527,2024-02-13 11:22:00+00:00,2025-06-15 00:06:00+00:00,DEBIT,518.89,EUR,4252,CP8633,ATM,REFUKZY3SC2HR,2026-01-29 20:37:00+00:00
TXN0000001842,ACC00000640,2024-08-15 22:48:00+00:00,2024-02-01 02:11:00+00:00,DEBIT,1720.32,GBP,8072,CP6951,ONLINE,REFFSQWXSICKY,2026-02-16 22:36:00+00:00
TXN0000001843,ACC00000598,2025-03-11 08:32:00+00:00,2024-10-28 11:54:00+00:00,DEBIT,1129.68,USD,5234,CP9402,POS,REFVIV2EOE57V,2025-05-14 19:16:00+00:00
TXN0000001844,ACC00000017,2026-02-10 02:44:00+00:00,2025-04-21 03:34:00+00:00,DEBIT,1297.01,GBP,7370,CP6150,ONLINE,REFMZ19JZP220,2025-08-13 19:02:00+00:00
TXN0000001845,ACC00000454,2025-06-29 14:50:00+00:00,2024-04-04 11:35:00+00:00,DEBIT,38.15,USD,8037,CP6866,ATM,REF40TB1RM8RD,2024-02-09 00:31:00+00:00
TXN0000001846,ACC00000708,2025-01-11 08:43:00+00:00,2024-02-26 12:47:00+00:00,CREDIT,1513.24,GBP,4647,CP3777,POS,REF7KFO30PO3J,2024-10-10 19:12:00+00:00
TXN0000001847,ACC00000193,2024-01-17 07:55:00+00:00,2025-10-31 02:38:00+00:00,CREDIT,1603.48,GBP,8618,CP8190,POS,REFI69Q2SMJ1E,2026-02-03 00:36:00+00:00
TXN0000001848,ACC00000227,2025-02-13 22:17:00+00:00,2024-10-29 19:36:00+00:00,CREDIT,704.51,USD,2008,CP1545,POS,REFN1RQQAE7BD,2026-01-10 07:19:00+00:00
TXN0000001849,ACC00000648,2025-06-06 17:09:00+00:00,2026-02-28 18:07:00+00:00,DEBIT,22.19,GBP,7982,CP5644,ONLINE,REFMSQN9R3VEB,2024-10-28 07:53:00+00:00
TXN0000001850,ACC00000607,2024-05-01 11:55:00+00:00,2024-07-13 12:40:00+00:00,CREDIT,1492.41,GBP,8791,CP6237,BRANCH,REF64CRXDT6QV,2024-09-06 13:12:00+00:00
TXN0000001851,ACC00000535,2026-01-04 18:28:00+00:00,2026-03-14 23:23:00+00:00,DEBIT,514.43,USD,6378,CP5667,ATM,REFJZH78CC6RI,2024-06-16 07:18:00+00:00
TXN0000001852,ACC00000445,2025-05-25 07:33:00+00:00,2024-02-07 11:21:00+00:00,DEBIT,1817.21,GBP,8121,CP1623,POS,REF3DYV6P190H,2025-11-15 10:46:00+00:00
TXN0000001853,ACC00000491,2025-01-13 08:45:00+00:00,2024-05-03 18:06:00+00:00,DEBIT,455.66,GBP,5889,CP9224,BRANCH,REFO3A80P685H,2025-06-09 03:07:00+00:00
TXN0000001854,ACC00000640,2025-02-13 13:09:00+00:00,2025-11-18 23:51:00+00:00,DEBIT,1217.97,EUR,5759,CP8408,ATM,REFK6OJ244E6G,2025-05-01 01:35:00+00:00
TXN0000001855,ACC00000424,2024-07-21 04:14:00+00:00,2025-08-30 07:53:00+00:00,CREDIT,264.6,GBP,1374,CP2812,ATM,REF1LWT7RMPPC,2024-03-31 06:48:00+00:00
TXN0000001856,ACC00000147,2025-03-14 01:24:00+00:00,2025-08-13 13:34:00+00:00,DEBIT,460.37,GBP,4449,CP9257,POS,REF3HPY92IDF5,2026-01-27 04:33:00+00:00
TXN0000001857,ACC00000398,2025-02-16 14:38:00+00:00,2025-03-24 02:32:00+00:00,CREDIT,98.16,USD,2414,CP7588,POS,REFC5AU9QZHJS,2024-04-19 10:28:00+00:00
TXN0000001858,ACC00000423,2026-03-05 19:33:00+00:00,2025-03-19 21:31:00+00:00,CREDIT,848.76,GBP,5388,CP5070,ONLINE,REF76QR17IKGL,2026-03-12 03:34:00+00:00
TXN0000001859,ACC00000120,2025-02-21 09:37:00+00:00,2024-03-19 15:00:00+00:00,CREDIT,151.59,GBP,9438,CP4861,POS,REFHVTLOSG4AB,2025-01-22 03:03:00+00:00
TXN0000001860,ACC00000016,2024-03-16 04:23:00+00:00,2025-07-03 00:41:00+00:00,DEBIT,668.92,GBP,3875,CP8019,POS,REFFOSORNJOA8,2026-01-26 18:53:00+00:00
TXN0000001861,ACC00000615,2025-08-18 09:36:00+00:00,2024-11-14 19:09:00+00:00,DEBIT,679.24,GBP,4006,CP3394,POS,REFUBQ510B05X,2025-02-17 23:49:00+00:00
TXN0000001862,ACC00000616,2026-04-16 15:58:00+00:00,2025-09-03 06:45:00+00:00,DEBIT,1671.93,USD,2958,CP1057,ONLINE,REFIEV6TJIDXS,2024-07-18 09:11:00+00:00
TXN0000001863,ACC00000336,2025-11-13 05:08:00+00:00,2024-06-15 17:58:00+00:00,DEBIT,1147.64,GBP,2213,CP8216,BRANCH,REFR2QG8J23DW,2025-11-14 16:23:00+00:00
TXN0000001864,ACC00000274,2026-02-05 01:16:00+00:00,2026-01-02 11:01:00+00:00,CREDIT,1100.13,GBP,5265,,BRANCH,REF5POLSJVECL,2024-04-03 13:40:00+00:00
TXN0000001865,ACC00000385,2024-07-09 19:33:00+00:00,2025-05-17 22:06:00+00:00,DEBIT,1449.15,USD,6414,CP6797,POS,REFJ25ISCFL15,2024-03-29 05:50:00+00:00
TXN0000001866,ACC00000150,2025-01-31 05:10:00+00:00,2025-09-06 13:05:00+00:00,CREDIT,785.24,USD,9090,CP6833,POS,REFDBXUFXNNMF,2025-01-30 19:37:00+00:00
TXN0000001867,ACC00000587,2025-02-24 18:39:00+00:00,2024-06-06 18:14:00+00:00,DEBIT,570.49,GBP,3958,CP8815,ONLINE,REF9GXPGY6CU6,2025-07-26 20:37:00+00:00
TXN0000001868,ACC00000577,2024-05-11 00:24:00+00:00,2024-07-31 04:04:00+00:00,DEBIT,1239.41,GBP,1308,CP4095,BRANCH,REFPD8707OILL,2026-02-22 15:15:00+00:00
TXN0000001869,ACC00000340,2025-03-02 12:04:00+00:00,2026-02-19 06:17:00+00:00,CREDIT,387.74,EUR,6685,CP7130,POS,REF5RL101SROH,2024-07-05 14:29:00+00:00
TXN0000001870,ACC00000557,2025-04-09 18:37:00+00:00,2025-08-13 11:10:00+00:00,DEBIT,985.7,GBP,7143,CP2956,ONLINE,REFG3HH0XIPRZ,2025-03-15 18:25:00+00:00
TXN0000001871,ACC00000218,2025-02-21 05:12:00+00:00,2024-05-18 01:36:00+00:00,CREDIT,1710.86,GBP,6247,CP7782,ONLINE,REFQDCSF5A0AM,2025-12-13 07:12:00+00:00
TXN0000001872,ACC00000160,2024-12-19 12:39:00+00:00,2026-03-01 08:02:00+00:00,CREDIT,192.58,GBP,4720,CP6700,ONLINE,REF3V24GHZC1H,2026-04-13 14:54:00+00:00
TXN0000001873,ACC00000322,2025-08-27 19:42:00+00:00,2025-11-12 01:52:00+00:00,DEBIT,1165.38,GBP,3666,CP8745,POS,REFTGNLE7XP1G,2025-09-26 10:46:00+00:00
TXN0000001874,ACC00000674,2026-04-20 04:37:00+00:00,2024-08-06 15:55:00+00:00,DEBIT,135.11,GBP,2651,CP7167,ATM,REFJ0X6RLZIRV,2024-07-16 09:02:00+00:00
TXN0000001875,ACC00000482,2026-01-24 19:50:00+00:00,2025-11-23 02:59:00+00:00,DEBIT,44.22,GBP,7498,CP5631,ATM,REFH32M0WQBOB,2025-01-24 12:58:00+00:00
TXN0000001876,ACC00000452,2026-01-21 17:15:00+00:00,2025-04-27 15:23:00+00:00,CREDIT,2428.46,GBP,6314,CP1834,POS,REFQFISHURPWD,2026-03-11 17:07:00+00:00
TXN0000001877,ACC00000077,2024-08-08 10:48:00+00:00,2025-06-18 17:22:00+00:00,DEBIT,543.35,GBP,6763,CP1267,ONLINE,REFD5D1INZVJ1,2025-01-27 08:35:00+00:00
TXN0000001878,ACC00000378,2025-07-20 23:30:00+00:00,2025-01-29 04:45:00+00:00,DEBIT,491.5,USD,6197,CP7441,ATM,REFFQ8UC5KIOD,2026-01-25 09:33:00+00:00
TXN0000001879,ACC00000158,2025-02-13 17:32:00+00:00,2025-04-04 08:34:00+00:00,CREDIT,392.94,GBP,1013,CP9462,BRANCH,REFD4B8R9MTCO,2024-04-30 15:15:00+00:00
TXN0000001880,ACC00000196,2025-04-20 22:31:00+00:00,2024-01-08 12:25:00+00:00,DEBIT,592.14,GBP,3525,CP1883,ONLINE,REFRKE0NDV3QO,2024-03-06 11:34:00+00:00
TXN0000001881,ACC00000037,2025-04-06 19:11:00+00:00,2024-04-18 02:44:00+00:00,CREDIT,784.92,USD,7348,CP9378,POS,REFMZFOPDJJIS,2024-11-21 04:21:00+00:00
TXN0000001882,ACC00000269,2025-01-16 13:00:00+00:00,2024-07-04 13:50:00+00:00,CREDIT,1206.6,USD,5671,CP2909,POS,REFLJA1UWPAUS,2024-06-17 01:35:00+00:00
TXN0000001883,ACC00000378,2024-11-04 03:15:00+00:00,2026-01-28 04:46:00+00:00,DEBIT,504.04,USD,7019,CP6465,POS,REFZSSHGKX29D,2025-05-06 21:23:00+00:00
TXN0000001884,ACC00000193,2024-09-17 16:11:00+00:00,2024-02-03 20:14:00+00:00,CREDIT,882.24,GBP,1225,CP5224,ONLINE,REFXWF6H38SQR,2025-12-07 19:12:00+00:00
TXN0000001885,ACC00000267,2024-02-20 16:55:00+00:00,2024-03-01 12:37:00+00:00,DEBIT,836.58,USD,6777,CP1325,ONLINE,REF03H8LAMRI7,2025-11-16 18:46:00+00:00
TXN0000001886,ACC00000183,2026-04-06 08:57:00+00:00,2026-04-30 11:04:00+00:00,CREDIT,1192.51,EUR,9566,CP2093,ONLINE,REFZ5A37GVTSO,2024-04-06 01:56:00+00:00
TXN0000001887,ACC00000767,2025-09-14 07:06:00+00:00,2025-03-15 10:31:00+00:00,DEBIT,357.04,GBP,4416,CP7661,ONLINE,REFAJAKVSS8OD,2024-05-28 22:40:00+00:00
TXN0000001888,ACC00000014,2024-12-01 06:38:00+00:00,2025-11-20 02:10:00+00:00,DEBIT,851.98,USD,7419,CP6337,ATM,REFZHROHYYI5J,2026-02-24 19:04:00+00:00
TXN0000001889,ACC00000062,2025-06-24 23:12:00+00:00,2024-04-22 03:35:00+00:00,DEBIT,471.76,GBP,1881,CP9304,ONLINE,REFQ2926RUXQJ,2024-05-19 03:50:00+00:00
TXN0000001890,ACC00000453,2026-02-21 19:05:00+00:00,2025-03-17 01:53:00+00:00,DEBIT,872.32,USD,8578,CP8685,ONLINE,REFBTKZ1AW72L,2024-07-17 20:53:00+00:00
TXN0000001891,ACC00000110,2024-06-07 04:25:00+00:00,2025-10-20 02:34:00+00:00,CREDIT,614.58,EUR,3604,CP3017,ONLINE,REF8NZN6BAUF7,2025-04-29 19:23:00+00:00
TXN0000001892,ACC00000329,2024-01-11 00:00:00+00:00,2024-03-24 03:42:00+00:00,DEBIT,662.75,GBP,3437,CP8571,ONLINE,REFUSHFHA429S,2024-01-20 20:18:00+00:00
TXN0000001893,ACC00000036,2024-03-09 09:19:00+00:00,2026-01-17 04:55:00+00:00,DEBIT,859.21,USD,9239,CP7837,ONLINE,REFBYFXYWGFED,2025-05-26 15:10:00+00:00
TXN0000001894,ACC00000374,2024-02-20 20:42:00+00:00,2025-11-15 22:41:00+00:00,CREDIT,574.63,GBP,5619,,ONLINE,REFFOPNHTRH6R,2026-02-28 19:44:00+00:00
TXN0000001895,ACC00000428,2025-12-16 14:59:00+00:00,2026-03-09 07:55:00+00:00,DEBIT,88.25,GBP,4265,CP5818,ONLINE,REF1ZSY9I5OZ5,2024-03-12 00:37:00+00:00
TXN0000001896,ACC00000591,2025-02-12 04:53:00+00:00,2025-11-26 19:54:00+00:00,CREDIT,290.61,GBP,3454,,ATM,REF26WT46E91J,2025-01-15 19:27:00+00:00
TXN0000001897,ACC00000083,2025-09-23 23:47:00+00:00,2025-09-15 07:12:00+00:00,DEBIT,697.64,GBP,9717,CP3827,POS,REFQ2VHPHHY16,2024-12-30 13:30:00+00:00
TXN0000001898,ACC00000792,2024-03-09 09:47:00+00:00,2024-03-01 05:20:00+00:00,DEBIT,1627.73,USD,7657,CP8388,POS,REF2N3QFUNXJE,2024-02-07 05:12:00+00:00
TXN0000001899,ACC00000439,2025-10-29 21:14:00+00:00,2024-12-31 18:55:00+00:00,DEBIT,362.31,USD,7359,,ONLINE,REFEJM9MER6A9,2025-12-01 19:22:00+00:00
TXN0000001900,ACC00000575,2024-02-04 09:46:00+00:00,2026-02-02 16:49:00+00:00,CREDIT,204.92,GBP,9281,CP2453,POS,REF53UDSX31FB,2026-04-02 14:22:00+00:00
TXN0000001901,ACC00000177,2025-07-31 02:13:00+00:00,2025-05-22 18:46:00+00:00,CREDIT,1008.9,GBP,9657,CP5411,POS,REFS5T49BX8UT,2024-11-09 12:08:00+00:00
TXN0000001902,ACC00000172,2024-11-03 03:01:00+00:00,2024-05-18 01:27:00+00:00,CREDIT,1417.74,EUR,1238,CP8289,ONLINE,REFT7CCB4Y56Y,2024-04-21 23:25:00+00:00
TXN0000001903,ACC00000297,2024-07-28 16:51:00+00:00,2026-03-17 04:14:00+00:00,CREDIT,747.36,GBP,2604,CP1247,ONLINE,REF9RRIH163D5,2024-07-06 09:17:00+00:00
TXN0000001904,ACC00000030,2025-08-11 15:20:00+00:00,2024-04-27 09:52:00+00:00,DEBIT,31.22,USD,1510,CP1332,ONLINE,REFVOVK12G4H6,2025-06-30 07:20:00+00:00
TXN0000001905,ACC00000010,2024-06-04 20:53:00+00:00,2025-11-09 10:38:00+00:00,DEBIT,828.25,USD,7552,CP1814,ONLINE,REF7KTERFRQ0D,2025-08-23 00:46:00+00:00
TXN0000001906,ACC00000470,2025-07-10 15:08:00+00:00,2025-03-16 17:42:00+00:00,CREDIT,411.67,USD,6579,CP5225,POS,REFDL45OODYIP,2024-10-31 21:02:00+00:00
TXN0000001907,ACC00000097,2024-02-03 18:39:00+00:00,2025-12-05 16:44:00+00:00,CREDIT,46.89,USD,3949,,ONLINE,REFVCHU8Z0IC0,2026-01-11 08:19:00+00:00
TXN0000001908,ACC00000225,2025-07-07 13:41:00+00:00,2025-09-11 03:54:00+00:00,DEBIT,2742.5,USD,9687,CP8745,ATM,REFPDFBY6VHSV,2024-11-10 17:40:00+00:00
TXN0000001909,ACC00000471,2024-12-01 21:24:00+00:00,2024-01-21 18:45:00+00:00,CREDIT,202.27,USD,6644,CP2176,POS,REFYK4R57RIG8,2024-02-23 04:13:00+00:00
TXN0000001910,ACC00000360,2024-10-31 05:47:00+00:00,2025-01-31 20:06:00+00:00,CREDIT,660.53,GBP,5671,CP6248,POS,REFC3TKSUU5UT,2026-04-29 07:38:00+00:00
TXN0000001911,ACC00000168,2026-03-15 21:44:00+00:00,2025-08-07 12:55:00+00:00,CREDIT,1101.85,GBP,6105,CP5716,BRANCH,REFXRH2XP3GUF,2026-04-24 12:38:00+00:00
TXN0000001912,ACC00000273,2024-05-18 09:58:00+00:00,2025-07-14 01:18:00+00:00,CREDIT,1179.8,GBP,4205,CP2742,ATM,REFCCHCAF0COR,2025-12-18 08:05:00+00:00
TXN0000001913,ACC00000190,2024-01-12 10:39:00+00:00,2025-01-02 00:22:00+00:00,DEBIT,1069.97,USD,1524,,ONLINE,REFUH2IJW3VN5,2024-07-22 01:00:00+00:00
TXN0000001914,ACC00000096,2025-12-27 20:09:00+00:00,2024-06-16 02:04:00+00:00,CREDIT,1150.3,USD,6144,CP6383,ONLINE,REFNVLBICSAWG,2024-12-10 20:41:00+00:00
TXN0000001915,ACC00000645,2024-02-26 16:11:00+00:00,2024-05-24 01:53:00+00:00,CREDIT,123.74,GBP,3861,CP3988,ONLINE,REFWMVRWJW9XY,2025-03-25 16:51:00+00:00
TXN0000001916,ACC00000633,2024-08-27 10:53:00+00:00,2024-08-10 13:00:00+00:00,DEBIT,524.06,USD,4462,CP5263,POS,REFUDQLY2C8LK,2025-05-23 15:28:00+00:00
TXN0000001917,ACC00000430,2024-08-25 00:36:00+00:00,2025-06-15 03:25:00+00:00,DEBIT,2.74,USD,7967,CP3252,POS,REFEJHYV5POUI,2025-02-16 02:49:00+00:00
TXN0000001918,ACC00000504,2025-05-11 13:27:00+00:00,2026-03-15 08:49:00+00:00,DEBIT,1539.58,USD,2691,CP4022,POS,REFZ1V2YLA61T,2026-01-08 09:37:00+00:00
TXN0000001919,ACC00000609,2025-09-15 03:39:00+00:00,2024-04-15 22:56:00+00:00,DEBIT,1026.17,GBP,5171,,ONLINE,REF9HXCJHWDFX,2025-11-21 18:28:00+00:00
TXN0000001920,ACC00000036,2024-09-24 17:57:00+00:00,2025-07-24 00:16:00+00:00,CREDIT,485.44,GBP,2566,CP2045,POS,REFPRFMP451B6,2024-03-08 12:48:00+00:00
TXN0000001921,ACC00000552,2025-09-27 12:08:00+00:00,2024-09-18 23:50:00+00:00,CREDIT,538.16,USD,8080,CP1492,ONLINE,REFTAOVFMQICD,2024-11-23 02:26:00+00:00
TXN0000001922,ACC00000433,2025-08-05 17:58:00+00:00,2026-04-06 13:53:00+00:00,CREDIT,434.35,GBP,4826,CP4741,ATM,REFQ113F8GCBY,2024-07-18 02:44:00+00:00
TXN0000001923,ACC00000526,2026-04-16 01:41:00+00:00,2024-02-13 17:44:00+00:00,CREDIT,518.65,GBP,8293,CP4122,POS,REF3JRD7HJ2P8,2026-03-19 22:47:00+00:00
TXN0000001924,ACC00000557,2025-01-13 12:34:00+00:00,2024-03-18 22:39:00+00:00,DEBIT,152.25,GBP,1292,CP8104,ONLINE,REFVLSLR5DUSC,2024-03-13 10:42:00+00:00
TXN0000001925,ACC00000006,2024-05-14 00:05:00+00:00,2025-05-26 03:16:00+00:00,CREDIT,316.51,USD,8544,CP6296,ONLINE,REFR8VOG7FQE8,2024-11-22 11:54:00+00:00
TXN0000001926,ACC00000674,2025-04-30 21:23:00+00:00,2024-02-09 17:53:00+00:00,DEBIT,1406.55,GBP,3652,CP3021,ATM,REFM5200Z26KI,2024-08-29 01:36:00+00:00
TXN0000001927,ACC00000654,2024-09-08 20:59:00+00:00,2024-08-29 08:27:00+00:00,DEBIT,1015.32,GBP,9136,CP3087,POS,REFKSOEHP18NT,2024-11-06 12:48:00+00:00
TXN0000001928,ACC00000174,2024-01-03 14:39:00+00:00,2025-07-31 10:16:00+00:00,DEBIT,173.21,USD,5271,CP4360,ATM,REF99RA2OXX70,2025-07-29 01:03:00+00:00
TXN0000001929,ACC00000330,2025-02-22 13:06:00+00:00,2024-10-14 18:56:00+00:00,DEBIT,543.01,USD,3282,CP1897,ONLINE,REFC0PS8B53CZ,2024-10-21 01:42:00+00:00
TXN0000001930,ACC00000265,2025-06-22 13:36:00+00:00,2024-12-26 00:52:00+00:00,CREDIT,473.51,GBP,1479,CP7924,POS,REFJY2JT8VTNZ,2024-02-21 08:08:00+00:00
TXN0000001931,ACC00000071,2024-12-07 15:09:00+00:00,2025-02-17 00:37:00+00:00,DEBIT,1003.82,USD,1738,,ONLINE,REFYIK4K8GNAC,2024-09-16 17:44:00+00:00
TXN0000001932,ACC00000467,2026-02-14 20:58:00+00:00,2025-11-27 23:21:00+00:00,DEBIT,1828.26,GBP,6726,CP8868,POS,REFUL3NMP8TF3,2024-04-18 21:09:00+00:00
TXN0000001933,ACC00000740,2026-01-20 20:49:00+00:00,2026-04-28 16:02:00+00:00,DEBIT,1822.5,GBP,1867,CP4552,ONLINE,REFIPBA5MJ9N1,2024-02-25 00:53:00+00:00
TXN0000001934,ACC00000223,2024-10-24 00:19:00+00:00,2025-02-27 04:44:00+00:00,DEBIT,254.73,EUR,4001,CP7281,POS,REF3LLGCU0N7Y,2026-04-22 15:40:00+00:00
TXN0000001935,ACC00000342,2024-09-10 09:31:00+00:00,2025-04-12 08:21:00+00:00,CREDIT,109.48,GBP,5813,CP8660,ATM,REF7X6EBNBW6G,2025-06-22 12:22:00+00:00
TXN0000001936,ACC00000280,2024-09-20 03:45:00+00:00,2025-02-11 13:38:00+00:00,CREDIT,234.24,USD,1076,,ATM,REFL56IXRXE3G,2024-11-22 01:13:00+00:00
TXN0000001937,ACC00000286,2024-06-16 10:14:00+00:00,2025-07-24 07:43:00+00:00,CREDIT,278.61,GBP,8250,CP2008,ONLINE,REFV7AYR18X8V,2024-10-31 09:20:00+00:00
TXN0000001938,ACC00000362,2024-03-15 21:12:00+00:00,2025-09-25 20:34:00+00:00,CREDIT,402.25,EUR,4715,CP1163,POS,REFFPA1Q6I7UU,2024-07-19 12:55:00+00:00
TXN0000001939,ACC00000557,2025-05-08 21:39:00+00:00,2026-05-03 11:36:00+00:00,DEBIT,727.54,USD,8255,CP6627,ONLINE,REFLHHGEMW7DG,2025-01-09 11:47:00+00:00
TXN0000001940,ACC00000022,2024-11-19 12:06:00+00:00,2025-10-31 01:31:00+00:00,DEBIT,1364.39,GBP,8760,CP1981,ATM,REFZNL4XRRPP0,2024-03-24 13:26:00+00:00
TXN0000001941,ACC00000079,2024-01-14 01:31:00+00:00,2024-09-21 04:38:00+00:00,DEBIT,573.85,EUR,9398,CP5747,ATM,REF1S1F642A16,2024-11-20 10:25:00+00:00
TXN0000001942,ACC00000502,2025-05-16 15:12:00+00:00,2024-10-07 02:19:00+00:00,DEBIT,333.2,GBP,2365,,BRANCH,REF5E6G1SHI7Q,2024-05-30 10:06:00+00:00
TXN0000001943,ACC00000018,2025-10-19 05:04:00+00:00,2024-05-26 21:39:00+00:00,CREDIT,109.65,USD,1772,,ATM,REFUDJS6CK18O,2024-12-25 11:42:00+00:00
TXN0000001944,ACC00000221,2025-05-23 11:03:00+00:00,2025-11-04 00:18:00+00:00,DEBIT,1681.91,GBP,5302,CP3916,POS,REF84NC75FZO8,2026-04-17 14:28:00+00:00
TXN0000001945,ACC00000138,2024-08-19 13:05:00+00:00,2025-09-27 11:29:00+00:00,CREDIT,1705.77,USD,9320,CP5513,POS,REF4EL8YJNDRH,2025-04-04 13:10:00+00:00
TXN0000001946,ACC00000126,2026-02-14 18:48:00+00:00,2025-10-28 14:58:00+00:00,CREDIT,753.15,USD,7052,,POS,REF8B1NNGH1T4,2025-02-07 16:22:00+00:00
TXN0000001947,ACC00000590,2025-11-10 05:02:00+00:00,2025-03-17 05:20:00+00:00,CREDIT,525.71,GBP,2643,CP2593,ONLINE,REF5OHFSFYNCE,2025-11-30 08:01:00+00:00
TXN0000001948,ACC00000586,2024-05-30 22:21:00+00:00,2024-07-14 21:48:00+00:00,DEBIT,1335.65,USD,6702,CP5594,ONLINE,REFLQXNV0KLVM,2024-12-06 16:46:00+00:00
TXN0000001949,ACC00000157,2026-05-03 19:47:00+00:00,2025-10-04 17:18:00+00:00,CREDIT,148.7,GBP,1405,,POS,REF56DIK7VIW9,2024-09-22 17:44:00+00:00
TXN0000001950,ACC00000168,2026-05-05 18:38:00+00:00,2025-04-10 12:48:00+00:00,CREDIT,1835.78,GBP,6878,CP5479,ONLINE,REFQUXQXGZH9X,2025-08-28 22:35:00+00:00
TXN0000001951,ACC00000107,2026-01-09 02:37:00+00:00,2025-02-03 19:05:00+00:00,DEBIT,149.23,GBP,5345,CP9456,ONLINE,REFB6E47FWDWL,2024-03-06 08:10:00+00:00
TXN0000001952,ACC00000369,2024-07-22 16:30:00+00:00,2025-09-06 11:12:00+00:00,DEBIT,284.33,USD,3796,CP4143,ONLINE,REFO23R0GRPB0,2025-10-02 01:57:00+00:00
TXN0000001953,ACC00000530,2024-07-17 06:29:00+00:00,2024-02-15 03:25:00+00:00,DEBIT,1453.76,GBP,5848,CP2658,ONLINE,REF5EJAJ88ASY,2024-10-28 13:44:00+00:00
TXN0000001954,ACC00000181,2024-02-11 06:19:00+00:00,2024-10-19 15:08:00+00:00,CREDIT,294.17,USD,8325,CP3399,POS,REFPBGD7HU5PF,2024-11-20 03:07:00+00:00
TXN0000001955,ACC00000108,2026-01-19 05:51:00+00:00,2025-06-21 20:25:00+00:00,CREDIT,1031.8,GBP,9564,CP8098,ATM,REFSMHN5O4I4H,2026-03-15 23:35:00+00:00
TXN0000001956,ACC00000095,2024-10-27 09:17:00+00:00,2024-05-06 15:18:00+00:00,CREDIT,244.83,USD,5629,CP6870,ONLINE,REFN5ZB9XCZPL,2024-02-08 21:31:00+00:00
TXN0000001957,ACC00000730,2025-04-04 09:35:00+00:00,2025-11-19 22:24:00+00:00,CREDIT,1008.07,GBP,1721,CP5756,ONLINE,REFEHKAA8RC08,2025-04-19 04:22:00+00:00
TXN0000001958,ACC00000164,2025-09-15 00:49:00+00:00,2025-06-15 10:37:00+00:00,DEBIT,14.23,GBP,6051,CP2314,ONLINE,REF096ZL3LLYW,2024-02-26 20:55:00+00:00
TXN0000001959,ACC00000502,2024-10-04 15:27:00+00:00,2024-01-15 04:50:00+00:00,DEBIT,859.6,GBP,2716,,POS,REF4KNWHBMPFL,2025-11-25 22:52:00+00:00
TXN0000001960,ACC00000705,2024-01-27 14:47:00+00:00,2025-12-03 12:08:00+00:00,DEBIT,1244.9,GBP,6034,CP2293,POS,REF7ONBHJ9QQ5,2024-11-06 10:53:00+00:00
TXN0000001961,ACC00000240,2025-07-01 13:55:00+00:00,2025-09-15 14:24:00+00:00,CREDIT,1514.11,GBP,9182,CP2703,ONLINE,REFOII4XDLPG2,2025-08-16 17:30:00+00:00
TXN0000001962,ACC00000550,2024-05-11 07:20:00+00:00,2024-03-27 03:48:00+00:00,CREDIT,420.49,GBP,2711,CP9997,ONLINE,REFTFFRVCUY8W,2025-10-17 22:15:00+00:00
TXN0000001963,ACC00000124,2024-03-08 00:44:00+00:00,2025-02-03 12:08:00+00:00,DEBIT,163.04,USD,5264,CP7302,BRANCH,REFZ6NXSF0ZGJ,2024-12-31 19:04:00+00:00
TXN0000001964,ACC00000051,2026-05-07 15:26:00+00:00,2026-02-26 23:34:00+00:00,DEBIT,1251.54,GBP,1103,CP4590,ONLINE,REF4BA5DG73H6,2024-04-02 08:41:00+00:00
TXN0000001965,ACC00000721,2024-11-25 02:49:00+00:00,2025-02-12 13:00:00+00:00,DEBIT,303.08,GBP,9392,CP3858,ONLINE,REFLL96ZMYWS2,2025-11-21 12:00:00+00:00
TXN0000001966,ACC00000379,2026-02-14 19:04:00+00:00,2026-02-25 06:19:00+00:00,CREDIT,146.41,GBP,9490,CP9794,ATM,REF3CEJR8VTRW,2024-01-17 01:12:00+00:00
TXN0000001967,ACC00000007,2026-03-16 15:40:00+00:00,2025-09-03 16:08:00+00:00,DEBIT,500.23,USD,8584,CP7717,ONLINE,REFQK16WM6DZT,2025-01-31 05:31:00+00:00
TXN0000001968,ACC00000300,2024-02-04 22:35:00+00:00,2024-10-03 12:56:00+00:00,DEBIT,337.19,GBP,8994,CP9948,POS,REFN6Q741NGKX,2024-05-03 06:01:00+00:00
TXN0000001969,ACC00000427,2026-03-10 11:05:00+00:00,2025-07-15 19:58:00+00:00,CREDIT,1735.23,EUR,6722,CP1440,ONLINE,REF6AWB09Y8SR,2025-06-16 22:14:00+00:00
TXN0000001970,ACC00000548,2025-05-09 22:15:00+00:00,2025-10-08 21:26:00+00:00,DEBIT,605.09,GBP,2270,CP7705,ONLINE,REFK2Y60TNIAS,2026-01-09 22:30:00+00:00
TXN0000001971,ACC00000715,2025-11-04 05:55:00+00:00,2025-05-09 20:02:00+00:00,DEBIT,1218.88,GBP,6296,CP5397,ONLINE,REFSN8VIW1K3L,2024-10-11 23:44:00+00:00
TXN0000001972,ACC00000087,2025-07-05 18:22:00+00:00,2024-05-07 12:23:00+00:00,CREDIT,500.23,GBP,7563,CP7646,POS,REF89VHZH7CMN,2024-03-16 08:03:00+00:00
TXN0000001973,ACC00000612,2024-03-21 08:22:00+00:00,2025-01-22 05:53:00+00:00,DEBIT,836.12,USD,3631,CP5486,POS,REFFD0QGLWL7A,2025-11-21 12:43:00+00:00
TXN0000001974,ACC00000170,2025-01-27 06:16:00+00:00,2025-05-24 23:31:00+00:00,DEBIT,1435.76,GBP,3192,CP4526,POS,REFU73FP5NXE7,2024-07-01 02:05:00+00:00
TXN0000001975,ACC00000123,2024-02-07 19:52:00+00:00,2026-04-21 21:18:00+00:00,DEBIT,271.43,GBP,2878,CP7140,ONLINE,REFX66S5J81GT,2024-06-22 13:23:00+00:00
TXN0000001976,ACC00000087,2024-03-16 17:50:00+00:00,2024-02-15 05:04:00+00:00,DEBIT,269.8,USD,4269,CP8027,ONLINE,REF2MVSCGH011,2024-02-26 19:01:00+00:00
TXN0000001977,ACC00000184,2024-12-28 16:00:00+00:00,2025-01-07 15:08:00+00:00,DEBIT,403.36,USD,8472,CP2699,ATM,REFX83F0NW2XJ,2024-12-10 14:18:00+00:00
TXN0000001978,ACC00000651,2024-12-18 11:34:00+00:00,2024-07-30 02:45:00+00:00,CREDIT,363.36,GBP,1554,CP4999,ONLINE,REFC3PEK21134,2025-10-10 12:00:00+00:00
TXN0000001979,ACC00000213,2026-01-29 02:46:00+00:00,2024-05-31 10:09:00+00:00,DEBIT,1186.65,GBP,2033,CP5143,ONLINE,REF7NUMCJ6JXG,2025-04-08 00:38:00+00:00
TXN0000001980,ACC00000417,2026-01-24 03:20:00+00:00,2024-10-07 05:12:00+00:00,CREDIT,1585.79,GBP,7520,CP5177,ONLINE,REFVITEYCPWIV,2024-03-30 15:10:00+00:00
TXN0000001981,ACC00000444,2026-05-05 14:16:00+00:00,2024-12-14 04:21:00+00:00,CREDIT,765.42,GBP,9577,CP1081,ONLINE,REFE23WH6PRAX,2025-04-03 15:06:00+00:00
TXN0000001982,ACC00000542,2024-10-04 22:51:00+00:00,2026-04-27 23:24:00+00:00,CREDIT,119.87,USD,5619,CP6061,POS,REFKSBRS2Q8MC,2025-11-25 15:09:00+00:00
TXN0000001983,ACC00000760,2025-09-26 12:42:00+00:00,2026-05-01 01:00:00+00:00,CREDIT,2927.79,GBP,1225,CP9228,ATM,REFYOB9R5UUSM,2024-11-09 05:49:00+00:00
TXN0000001984,ACC00000746,2025-01-09 07:38:00+00:00,2025-06-17 10:47:00+00:00,DEBIT,1076.25,USD,6048,CP2015,ATM,REFHVDH2DBTFS,2026-02-03 17:53:00+00:00
TXN0000001985,ACC00000720,2025-11-13 03:58:00+00:00,2026-05-07 16:53:00+00:00,DEBIT,805.34,EUR,8826,CP3762,POS,REFOVZEFA4RNR,2024-03-27 18:09:00+00:00
TXN0000001986,ACC00000734,2025-02-11 01:41:00+00:00,2025-09-26 09:38:00+00:00,DEBIT,519.37,GBP,7615,CP4831,ATM,REFWGDE2YK2VY,2025-12-08 10:28:00+00:00
TXN0000001987,ACC00000788,2025-05-18 15:00:00+00:00,2025-02-03 02:28:00+00:00,DEBIT,1495.9,USD,4860,,POS,REFBRK8I5790I,2025-09-03 08:44:00+00:00
TXN0000001988,ACC00000710,2024-02-21 09:00:00+00:00,2024-07-03 03:23:00+00:00,DEBIT,406.15,GBP,4764,CP8770,POS,REFGX7LHB3E63,2024-01-15 12:00:00+00:00
TXN0000001989,ACC00000126,2025-08-24 07:57:00+00:00,2024-02-27 10:49:00+00:00,CREDIT,1178.79,GBP,1187,CP6072,POS,REFUHM61SDPM0,2025-07-19 18:53:00+00:00
TXN0000001990,ACC00000798,2026-04-28 00:45:00+00:00,2024-06-02 00:40:00+00:00,DEBIT,4.44,GBP,6076,CP6404,ONLINE,REFVGPCGRNJ3D,2024-04-07 06:53:00+00:00
TXN0000001991,ACC00000427,2024-11-14 10:57:00+00:00,2025-01-03 23:57:00+00:00,DEBIT,356.53,USD,8715,CP1518,ONLINE,REF93P8P702AG,2024-05-04 17:15:00+00:00
TXN0000001992,ACC00000454,2024-11-15 03:34:00+00:00,2024-08-21 10:12:00+00:00,CREDIT,1389.65,EUR,2639,CP3449,BRANCH,REFEC82Y7HSUC,2025-04-22 06:18:00+00:00
TXN0000001993,ACC00000763,2024-10-09 00:48:00+00:00,2026-02-24 02:12:00+00:00,DEBIT,849.5,GBP,5993,CP1214,ONLINE,REFOWVUXOOU5A,2024-04-24 23:12:00+00:00
TXN0000001994,ACC00000340,2024-09-11 19:59:00+00:00,2026-01-06 03:32:00+00:00,DEBIT,1704.91,GBP,2678,CP2249,POS,REFU67P574OCX,2025-12-29 05:28:00+00:00
TXN0000001995,ACC00000489,2026-03-18 22:34:00+00:00,2024-10-05 11:58:00+00:00,DEBIT,1385.05,GBP,6151,CP8283,POS,REFQ1BRJVC443,2025-06-22 11:08:00+00:00
TXN0000001996,ACC00000636,2024-06-02 05:05:00+00:00,2025-02-27 00:21:00+00:00,CREDIT,891.89,GBP,4046,CP2103,ONLINE,REFHBEU4POKIL,2024-04-18 20:29:00+00:00
TXN0000001997,ACC00000224,2026-04-03 17:01:00+00:00,2025-09-19 19:14:00+00:00,DEBIT,195.88,GBP,9213,,POS,REF8XBE3F7NX4,2025-10-27 00:03:00+00:00
TXN0000001998,ACC00000209,2025-11-28 06:37:00+00:00,2024-10-22 21:09:00+00:00,DEBIT,746.53,EUR,5947,,POS,REF3P2C6DYNKW,2026-02-01 19:26:00+00:00
TXN0000001999,ACC00000172,2025-01-26 12:49:00+00:00,2024-09-05 04:08:00+00:00,DEBIT,411.29,GBP,3270,CP9959,ONLINE,REFWUZBMKLDS9,2025-10-03 23:40:00+00:00
TXN0000002000,ACC00000587,2024-06-13 23:46:00+00:00,2026-01-13 22:45:00+00:00,CREDIT,1235.11,GBP,8655,CP9842,BRANCH,REF8B8NF91HNP,2024-08-18 16:29:00+00:00
TXN0000002001,ACC00000618,2024-02-10 07:32:00+00:00,2024-05-06 00:38:00+00:00,DEBIT,796.8,USD,7226,,POS,REFIUXAQ8FLFK,2024-11-15 11:31:00+00:00
TXN0000002002,ACC00000017,2025-01-15 17:35:00+00:00,2024-03-28 04:58:00+00:00,CREDIT,458.47,USD,9033,CP4588,BRANCH,REFY4ZE4CYS9B,2024-03-14 23:03:00+00:00
TXN0000002003,ACC00000325,2025-02-12 21:17:00+00:00,2025-08-15 08:58:00+00:00,DEBIT,404.76,GBP,8482,CP1901,POS,REF5ZFMARTWLX,2025-04-24 08:29:00+00:00
TXN0000002004,ACC00000301,2025-10-05 22:47:00+00:00,2024-09-21 23:14:00+00:00,DEBIT,14.12,GBP,5557,CP1720,ONLINE,REFETAYL91NZZ,2025-11-24 09:57:00+00:00
TXN0000002005,ACC00000429,2024-01-22 21:28:00+00:00,2026-01-12 03:50:00+00:00,DEBIT,938.19,GBP,2678,CP1053,POS,REFU3H1KAEWSE,2024-05-10 23:14:00+00:00
TXN0000002006,ACC00000742,2025-06-30 17:00:00+00:00,2026-04-13 08:58:00+00:00,DEBIT,1014.3,GBP,8101,CP5385,ONLINE,REFSLMZ4GUBQ3,2025-03-24 15:36:00+00:00
TXN0000002007,ACC00000700,2024-06-04 12:20:00+00:00,2025-12-16 20:51:00+00:00,DEBIT,320.1,GBP,6507,CP5145,ONLINE,REFVXPM9SMX38,2025-02-18 14:26:00+00:00
TXN0000002008,ACC00000093,2024-06-10 19:44:00+00:00,2024-03-17 08:55:00+00:00,CREDIT,124.07,GBP,4965,CP4773,ONLINE,REFFLSZ807ODT,2025-03-15 15:09:00+00:00
TXN0000002009,ACC00000556,2024-12-12 02:57:00+00:00,2024-02-01 17:59:00+00:00,CREDIT,387.35,GBP,8284,CP3197,ONLINE,REFTBXYF744NL,2025-05-11 07:11:00+00:00
TXN0000002010,ACC00000721,2025-01-26 09:44:00+00:00,2026-03-19 15:32:00+00:00,DEBIT,606.63,GBP,5586,CP8699,ATM,REFDE4DLOGYXX,2025-02-02 12:49:00+00:00
TXN0000002011,ACC00000184,2025-03-23 22:38:00+00:00,2024-08-15 08:44:00+00:00,DEBIT,1242.54,EUR,7686,CP2053,POS,REFJYS66R6LPN,2024-08-10 04:01:00+00:00
TXN0000002012,ACC00000561,2024-07-30 06:46:00+00:00,2026-03-30 06:43:00+00:00,CREDIT,1786.05,EUR,7145,CP6436,ONLINE,REFEGF9FDNVR2,2026-02-25 05:54:00+00:00
TXN0000002013,ACC00000760,2024-08-30 10:46:00+00:00,2025-10-12 14:56:00+00:00,DEBIT,789.87,GBP,8221,,POS,REFL3WIDC4FJT,2025-04-03 15:15:00+00:00
TXN0000002014,ACC00000091,2025-03-03 04:12:00+00:00,2026-05-04 15:37:00+00:00,DEBIT,368.94,GBP,6628,CP1124,POS,REFIGOWD8TPWW,2024-10-18 14:23:00+00:00
TXN0000002015,ACC00000384,2024-02-26 06:38:00+00:00,2026-02-19 17:09:00+00:00,CREDIT,1573.2,USD,7867,CP6935,ONLINE,REFQ6PA0BV4O9,2025-07-05 08:57:00+00:00
TXN0000002016,ACC00000728,2025-04-24 09:16:00+00:00,2025-12-06 09:02:00+00:00,CREDIT,12.71,GBP,4374,CP3160,POS,REFZIH03N9GGM,2024-04-09 05:59:00+00:00
TXN0000002017,ACC00000465,2024-01-22 16:58:00+00:00,2026-02-13 04:06:00+00:00,CREDIT,104.24,EUR,8262,CP9607,ONLINE,REF8J8YX7NQAC,2025-03-06 05:09:00+00:00
TXN0000002018,ACC00000591,2025-06-03 01:48:00+00:00,2024-04-27 13:59:00+00:00,CREDIT,889.35,GBP,2660,CP3175,POS,REFWF8DYBMX93,2025-05-18 13:05:00+00:00
TXN0000002019,ACC00000109,2026-02-26 13:31:00+00:00,2025-06-27 04:14:00+00:00,DEBIT,569.87,GBP,7191,,BRANCH,REFMVNIRFC4T9,2025-05-06 20:05:00+00:00
TXN0000002020,ACC00000415,2024-02-13 16:46:00+00:00,2024-04-04 06:31:00+00:00,DEBIT,85.28,USD,5858,CP2450,POS,REFHWMPFGMHEQ,2024-02-15 12:20:00+00:00
TXN0000002021,ACC00000432,2025-09-11 17:30:00+00:00,2025-09-29 18:55:00+00:00,DEBIT,578.65,USD,4875,CP8104,ATM,REFIJ6LI26AXP,2025-11-05 12:30:00+00:00
TXN0000002022,ACC00000186,2024-02-13 19:10:00+00:00,2025-11-28 23:33:00+00:00,CREDIT,126.55,GBP,7505,CP1179,POS,REFVPOAUIR8BD,2026-02-09 09:35:00+00:00
TXN0000002023,ACC00000102,2024-02-12 21:45:00+00:00,2024-03-23 16:06:00+00:00,CREDIT,291.07,GBP,2115,CP1112,ONLINE,REFHTCRYF3DW7,2025-10-02 08:22:00+00:00
TXN0000002024,ACC00000727,2024-04-30 19:44:00+00:00,2025-10-30 00:02:00+00:00,DEBIT,1150.73,GBP,2860,CP9394,POS,REFG9SHC85WQR,2024-01-25 01:28:00+00:00
TXN0000002025,ACC00000407,2025-09-21 02:34:00+00:00,2026-04-03 21:36:00+00:00,DEBIT,652.34,GBP,2546,CP9537,POS,REF822VNZKPUW,2024-03-05 07:22:00+00:00
TXN0000002026,ACC00000486,2026-01-10 22:40:00+00:00,2025-01-27 04:55:00+00:00,CREDIT,628.34,GBP,7632,CP8724,POS,REFR6IBQ27PAS,2025-05-18 13:35:00+00:00
TXN0000002027,ACC00000708,2024-10-15 07:05:00+00:00,2024-11-14 05:26:00+00:00,CREDIT,613.88,EUR,9485,CP5888,ONLINE,REFIUW2WXNJZH,2024-02-02 20:51:00+00:00
TXN0000002028,ACC00000194,2024-04-04 06:43:00+00:00,2024-12-18 14:33:00+00:00,CREDIT,209.46,USD,7046,CP2749,ONLINE,REFGBSGLSR4X6,2025-04-13 08:47:00+00:00
TXN0000002029,ACC00000442,2024-05-28 12:24:00+00:00,2026-03-01 19:48:00+00:00,CREDIT,414.26,USD,7087,CP8501,POS,REFY2MR53WFOB,2025-06-21 18:56:00+00:00
TXN0000002030,ACC00000272,2024-04-12 03:21:00+00:00,2026-04-04 13:51:00+00:00,CREDIT,1202.48,GBP,3265,CP3712,ONLINE,REFPD0JTJK0SI,2024-03-15 02:02:00+00:00
TXN0000002031,ACC00000431,2025-07-04 08:35:00+00:00,2024-08-10 21:21:00+00:00,DEBIT,295.49,GBP,6090,CP9307,ATM,REFHZ2F73HHP8,2024-05-20 07:25:00+00:00
TXN0000002032,ACC00000208,2024-12-12 17:03:00+00:00,2025-01-05 16:30:00+00:00,CREDIT,332.96,USD,2161,CP8038,POS,REFQNLJJNAGA3,2025-07-25 00:44:00+00:00
TXN0000002033,ACC00000266,2024-12-17 05:51:00+00:00,2025-04-07 09:49:00+00:00,CREDIT,1373.97,GBP,9097,CP4111,POS,REFMLCELF6LWW,2026-01-04 17:24:00+00:00
TXN0000002034,ACC00000109,2025-02-12 07:11:00+00:00,2024-12-21 04:26:00+00:00,DEBIT,1567.27,GBP,2927,,ATM,REFOCXA2W6BIR,2025-07-24 13:08:00+00:00
TXN0000002035,ACC00000143,2025-11-04 03:07:00+00:00,2024-08-06 22:19:00+00:00,DEBIT,575.34,GBP,8049,CP4795,BRANCH,REFVEHYQDBWHO,2025-09-09 18:31:00+00:00
TXN0000002036,ACC00000343,2025-08-31 20:25:00+00:00,2025-05-29 16:34:00+00:00,DEBIT,1087.53,USD,9554,CP9786,POS,REFQ161VOB9AU,2026-04-10 12:05:00+00:00
TXN0000002037,ACC00000681,2024-02-03 09:29:00+00:00,2024-05-27 06:47:00+00:00,DEBIT,136.95,GBP,9092,CP1735,ONLINE,REF0O2UDH8O89,2024-12-06 14:18:00+00:00
TXN0000002038,ACC00000165,2026-03-28 21:43:00+00:00,2026-02-14 15:52:00+00:00,DEBIT,1238.76,USD,5928,CP9065,POS,REFZN01533PK2,2025-11-09 22:55:00+00:00
TXN0000002039,ACC00000643,2024-06-11 04:01:00+00:00,2025-10-03 04:20:00+00:00,DEBIT,396.05,USD,9039,CP8592,BRANCH,REF7EWNBP9FCO,2024-08-13 10:26:00+00:00
TXN0000002040,ACC00000177,2024-11-17 07:38:00+00:00,2024-11-14 09:47:00+00:00,CREDIT,1759.11,GBP,9972,CP2181,POS,REFG7GVMX9CBP,2024-05-16 09:05:00+00:00
TXN0000002041,ACC00000509,2025-04-26 21:00:00+00:00,2024-07-09 04:40:00+00:00,CREDIT,1073.33,USD,3685,CP1668,ONLINE,REF3U2CF0JH0N,2025-10-13 19:58:00+00:00
TXN0000002042,ACC00000415,2025-05-02 15:17:00+00:00,2024-11-25 06:20:00+00:00,DEBIT,1273.77,GBP,6152,CP8727,POS,REF26DQXKKEID,2025-11-11 01:00:00+00:00
TXN0000002043,ACC00000500,2025-01-07 22:17:00+00:00,2024-04-29 02:57:00+00:00,DEBIT,646.2,USD,7664,CP2448,POS,REF4QUE2BCZCF,2025-12-19 11:10:00+00:00
TXN0000002044,ACC00000058,2024-10-30 15:46:00+00:00,2025-04-22 16:43:00+00:00,DEBIT,1295.29,GBP,5063,,ONLINE,REF648HPF08B7,2026-04-06 03:02:00+00:00
TXN0000002045,ACC00000577,2025-12-15 01:55:00+00:00,2025-07-24 05:35:00+00:00,DEBIT,706.9,GBP,5470,CP6226,ONLINE,REFTINEWKZUMC,2025-11-04 09:51:00+00:00
TXN0000002046,ACC00000438,2025-06-28 21:57:00+00:00,2024-01-26 10:02:00+00:00,CREDIT,1440.8,GBP,4342,CP4165,BRANCH,REFJHCL8QEBBE,2025-12-07 10:57:00+00:00
TXN0000002047,ACC00000591,2025-11-26 04:58:00+00:00,2024-09-12 08:21:00+00:00,DEBIT,795.29,GBP,3839,CP6216,POS,REFX5R0FV1LNY,2024-03-03 12:55:00+00:00
TXN0000002048,ACC00000258,2025-10-17 06:05:00+00:00,2025-01-09 07:35:00+00:00,CREDIT,557.64,GBP,6319,CP4592,ONLINE,REF5EOI47O7DZ,2025-05-03 23:44:00+00:00
TXN0000002049,ACC00000132,2025-03-30 02:18:00+00:00,2026-01-23 16:11:00+00:00,CREDIT,1443.42,GBP,2438,CP9909,POS,REFQCOP6E93JX,2024-09-18 10:34:00+00:00
TXN0000002050,ACC00000222,2025-02-03 23:04:00+00:00,2025-06-07 15:10:00+00:00,DEBIT,1031.42,GBP,1164,CP6684,POS,REFQKQLGO8MPT,2026-04-20 04:29:00+00:00
TXN0000002051,ACC00000678,2026-04-22 19:36:00+00:00,2024-01-08 08:28:00+00:00,DEBIT,694.71,GBP,3008,CP5843,POS,REFN0I5CODHQU,2024-10-11 05:39:00+00:00
TXN0000002052,ACC00000024,2024-12-13 23:15:00+00:00,2025-02-10 15:27:00+00:00,DEBIT,2141.23,GBP,2341,CP1644,POS,REF32O2459VMV,2024-10-11 11:30:00+00:00
TXN0000002053,ACC00000613,2025-08-13 08:26:00+00:00,2025-01-23 12:45:00+00:00,CREDIT,218.05,GBP,1443,CP9108,ONLINE,REFHUXOYEEVOU,2024-07-01 23:46:00+00:00
TXN0000002054,ACC00000625,2026-03-22 15:51:00+00:00,2024-02-15 17:08:00+00:00,CREDIT,241.04,USD,3712,CP8071,POS,REFCVXHTSJYXN,2025-09-05 05:30:00+00:00
TXN0000002055,ACC00000621,2025-01-31 13:08:00+00:00,2025-07-07 17:31:00+00:00,CREDIT,1630.01,EUR,9575,CP8749,ATM,REFNOTSNFIEA1,2024-12-25 16:47:00+00:00
TXN0000002056,ACC00000553,2025-02-21 05:15:00+00:00,2024-11-02 10:45:00+00:00,DEBIT,632.31,GBP,4327,CP8505,POS,REFQR2GXLIL69,2025-11-17 05:46:00+00:00
TXN0000002057,ACC00000691,2024-11-30 22:48:00+00:00,2025-12-14 16:28:00+00:00,DEBIT,209.68,GBP,2920,CP9548,POS,REFSRUCEUBMV1,2024-01-04 04:18:00+00:00
TXN0000002058,ACC00000579,2025-08-13 12:59:00+00:00,2024-03-21 23:42:00+00:00,DEBIT,323.29,GBP,5389,CP2334,POS,REFOIT1HZFKOJ,2024-04-25 00:03:00+00:00
TXN0000002059,ACC00000067,2024-01-03 11:14:00+00:00,2024-05-12 01:40:00+00:00,DEBIT,293.82,GBP,2107,CP9271,ATM,REFT1F3D0W646,2026-03-17 21:25:00+00:00
TXN0000002060,ACC00000132,2024-01-14 04:47:00+00:00,2025-04-28 10:13:00+00:00,DEBIT,565.36,GBP,5421,CP1769,ONLINE,REFAW8FW8OWLA,2024-09-05 10:53:00+00:00
TXN0000002061,ACC00000594,2025-01-28 02:47:00+00:00,2024-03-14 21:53:00+00:00,DEBIT,612.91,GBP,2254,CP1526,ATM,REFVHXB1FBYGH,2025-10-27 05:18:00+00:00
TXN0000002062,ACC00000510,2025-07-01 09:01:00+00:00,2026-04-21 06:45:00+00:00,DEBIT,1745.15,GBP,1872,CP6955,ONLINE,REF999CNFHT1S,2024-11-09 16:09:00+00:00
TXN0000002063,ACC00000065,2024-05-12 11:31:00+00:00,2025-02-03 17:23:00+00:00,CREDIT,1619.99,EUR,2389,CP9771,ONLINE,REF7YKCCUM7I5,2026-01-12 20:40:00+00:00
TXN0000002064,ACC00000551,2026-04-12 17:58:00+00:00,2025-09-10 06:06:00+00:00,DEBIT,616.52,GBP,2470,CP8588,ATM,REFO3SZDTB8B8,2025-05-09 07:50:00+00:00
TXN0000002065,ACC00000385,2025-04-04 00:13:00+00:00,2025-01-15 22:08:00+00:00,DEBIT,1117.18,USD,3117,CP1738,ONLINE,REF4DVRMVE2BD,2025-04-24 03:00:00+00:00
TXN0000002066,ACC00000645,2025-02-01 16:25:00+00:00,2025-02-09 04:06:00+00:00,DEBIT,232.88,GBP,1744,CP7038,POS,REFRCC0XTRUF4,2025-01-02 22:49:00+00:00
TXN0000002067,ACC00000352,2024-02-19 10:59:00+00:00,2025-11-03 20:02:00+00:00,CREDIT,431.74,GBP,2338,CP8176,POS,REFSM4RXJ9R5B,2026-04-21 04:35:00+00:00
TXN0000002068,ACC00000716,2026-04-12 01:25:00+00:00,2025-05-07 09:45:00+00:00,DEBIT,948.53,GBP,8427,CP7656,ONLINE,REFWNHJAJKGJR,2024-09-08 14:19:00+00:00
TXN0000002069,ACC00000519,2024-08-30 01:25:00+00:00,2024-03-25 08:50:00+00:00,DEBIT,174.22,USD,6005,CP7659,POS,REFPKE6EF9291,2025-04-19 11:07:00+00:00
TXN0000002070,ACC00000046,2025-02-09 07:27:00+00:00,2024-09-26 07:00:00+00:00,CREDIT,165.02,GBP,8658,CP5089,ONLINE,REFZFBZ0R9QY0,2025-05-23 22:27:00+00:00
TXN0000002071,ACC00000505,2026-04-29 00:23:00+00:00,2025-10-12 03:00:00+00:00,DEBIT,1362.55,GBP,5230,CP7115,POS,REFE0S51FIDSK,2026-01-13 19:19:00+00:00
TXN0000002072,ACC00000775,2024-02-15 04:46:00+00:00,2026-04-04 12:05:00+00:00,DEBIT,733.92,USD,2527,CP7428,ONLINE,REFN0D600681I,2024-04-08 14:00:00+00:00
TXN0000002073,ACC00000021,2025-06-27 20:05:00+00:00,2024-10-11 09:22:00+00:00,DEBIT,682.95,GBP,6133,CP8960,ATM,REFBWG6RYDQ3M,2024-07-06 02:41:00+00:00
TXN0000002074,ACC00000120,2025-10-24 20:27:00+00:00,2024-05-25 18:50:00+00:00,CREDIT,435.13,GBP,8783,CP3883,ATM,REFLR9JI0QNEU,2025-11-20 12:21:00+00:00
TXN0000002075,ACC00000283,2024-09-29 00:39:00+00:00,2025-09-03 12:59:00+00:00,DEBIT,5.56,USD,8146,CP8693,POS,REF6S8Z1R30SM,2024-12-05 22:16:00+00:00
TXN0000002076,ACC00000304,2025-07-12 18:07:00+00:00,2024-11-09 11:45:00+00:00,DEBIT,614.62,USD,2580,CP9117,ONLINE,REFXE1QQC9JZY,2025-04-07 06:17:00+00:00
TXN0000002077,ACC00000093,2024-01-12 06:37:00+00:00,2025-04-17 09:17:00+00:00,CREDIT,257.44,GBP,5490,CP4429,ONLINE,REF29V4U4CA8O,2024-12-26 10:45:00+00:00
TXN0000002078,ACC00000732,2024-02-14 18:07:00+00:00,2024-07-28 06:04:00+00:00,DEBIT,2041.56,USD,3121,CP6910,ONLINE,REFKWD7V9L4TS,2024-06-17 17:57:00+00:00
TXN0000002079,ACC00000517,2024-06-17 01:51:00+00:00,2025-09-01 19:54:00+00:00,DEBIT,790.02,GBP,4093,CP3553,ONLINE,REFKNU9XH0DLV,2024-12-08 20:12:00+00:00
TXN0000002080,ACC00000603,2026-01-28 07:40:00+00:00,2025-05-05 03:51:00+00:00,DEBIT,345.6,GBP,9202,CP8141,POS,REF02IGHJEWGW,2026-04-16 06:52:00+00:00
TXN0000002081,ACC00000209,2024-01-30 04:23:00+00:00,2024-05-05 21:54:00+00:00,DEBIT,2280.71,USD,1925,CP7298,POS,REF63D9KT0J2G,2025-02-07 18:54:00+00:00
TXN0000002082,ACC00000069,2024-05-18 00:38:00+00:00,2025-01-06 07:14:00+00:00,CREDIT,1352.1,USD,4049,CP7325,ATM,REFVXIYFXAKPS,2024-07-14 21:16:00+00:00
TXN0000002083,ACC00000651,2024-09-25 10:10:00+00:00,2026-04-18 07:56:00+00:00,DEBIT,1375.0,EUR,2109,CP3970,ONLINE,REFLIWKYUO7EW,2025-11-28 03:32:00+00:00
TXN0000002084,ACC00000481,2025-12-06 06:49:00+00:00,2024-10-10 18:59:00+00:00,DEBIT,265.94,GBP,3831,CP5343,ONLINE,REF6XCZ40EQUU,2024-10-24 15:56:00+00:00
TXN0000002085,ACC00000462,2025-04-16 11:36:00+00:00,2025-04-06 05:39:00+00:00,DEBIT,841.14,EUR,5219,CP1962,POS,REFT4UMK91GGX,2024-01-02 13:26:00+00:00
TXN0000002086,ACC00000382,2025-04-23 22:38:00+00:00,2025-03-18 19:29:00+00:00,CREDIT,1050.75,EUR,6277,CP5350,ATM,REFM6H2PPXPCH,2024-07-27 09:37:00+00:00
TXN0000002087,ACC00000393,2025-01-10 07:54:00+00:00,2024-01-30 02:01:00+00:00,DEBIT,640.18,GBP,9831,CP9882,ONLINE,REF7WJGFBWP3U,2025-07-08 08:34:00+00:00
TXN0000002088,ACC00000729,2024-04-24 18:41:00+00:00,2026-02-07 01:47:00+00:00,DEBIT,162.16,GBP,3524,CP5771,ONLINE,REF53HSNAM1QY,2024-12-20 02:54:00+00:00
TXN0000002089,ACC00000062,2026-04-24 05:25:00+00:00,2024-07-29 20:19:00+00:00,DEBIT,454.84,USD,5303,CP1048,POS,REF3TK0YEZRTK,2025-03-23 06:34:00+00:00
TXN0000002090,ACC00000141,2024-02-12 01:39:00+00:00,2024-08-19 09:19:00+00:00,CREDIT,133.7,GBP,8828,CP7606,ATM,REFB92XMAXGGG,2024-01-21 08:01:00+00:00
TXN0000002091,ACC00000611,2026-01-03 17:27:00+00:00,2025-09-06 19:31:00+00:00,CREDIT,428.0,USD,1143,CP9635,ONLINE,REFJ8WV0MQ2QN,2025-04-04 21:49:00+00:00
TXN0000002092,ACC00000402,2024-02-14 04:55:00+00:00,2025-01-08 23:45:00+00:00,DEBIT,2034.25,GBP,9338,CP9296,ONLINE,REF9EUOBJ04GN,2025-10-09 01:28:00+00:00
TXN0000002093,ACC00000631,2025-04-19 11:58:00+00:00,2025-07-09 22:22:00+00:00,DEBIT,60.7,GBP,1410,CP4919,ATM,REF37O0RCO4OA,2025-12-13 20:36:00+00:00
TXN0000002094,ACC00000252,2026-04-14 15:59:00+00:00,2026-04-13 17:45:00+00:00,DEBIT,271.57,USD,9160,CP2152,ONLINE,REF8RF3PY06KC,2024-09-04 13:36:00+00:00
TXN0000002095,ACC00000376,2024-10-29 21:20:00+00:00,2025-02-27 20:04:00+00:00,DEBIT,1211.04,GBP,1707,CP4759,ONLINE,REF0UC5PA6WCT,2025-01-03 05:51:00+00:00
TXN0000002096,ACC00000406,2024-09-20 08:40:00+00:00,2026-01-21 16:33:00+00:00,CREDIT,2111.04,GBP,3956,CP1517,ONLINE,REF216GYYN1OB,2024-10-05 04:19:00+00:00
TXN0000002097,ACC00000374,2025-08-27 04:02:00+00:00,2025-06-02 02:53:00+00:00,CREDIT,301.29,USD,8558,CP5871,ONLINE,REF78YTSZWREB,2024-04-07 22:06:00+00:00
TXN0000002098,ACC00000036,2024-11-22 09:47:00+00:00,2025-05-02 16:25:00+00:00,DEBIT,415.31,GBP,9477,CP8837,ONLINE,REFLLJHRWRIEL,2024-09-09 03:25:00+00:00
TXN0000002099,ACC00000040,2025-07-24 19:18:00+00:00,2024-02-24 22:59:00+00:00,CREDIT,355.98,USD,6947,CP4444,POS,REFJCMVUFE3Z2,2026-01-04 02:40:00+00:00
TXN0000002100,ACC00000530,2025-12-11 09:59:00+00:00,2026-04-08 04:07:00+00:00,DEBIT,1025.55,USD,8350,CP9716,POS,REFS98AJF46AJ,2024-12-28 05:38:00+00:00
TXN0000002101,ACC00000709,2024-12-03 07:32:00+00:00,2025-01-10 18:37:00+00:00,CREDIT,1425.45,EUR,5410,CP7820,ATM,REF35S0WBU558,2025-09-22 17:15:00+00:00
TXN0000002102,ACC00000303,2024-04-02 03:35:00+00:00,2024-06-06 15:38:00+00:00,CREDIT,383.39,USD,4163,CP6735,ONLINE,REF3LR2HJXNSJ,2025-01-31 05:59:00+00:00
TXN0000002103,ACC00000510,2024-01-17 20:35:00+00:00,2024-09-18 06:29:00+00:00,CREDIT,565.71,GBP,7712,CP5640,POS,REF0R1QZKZPIT,2026-04-01 10:47:00+00:00
TXN0000002104,ACC00000071,2024-05-03 22:35:00+00:00,2025-03-23 07:32:00+00:00,DEBIT,652.9,GBP,5720,CP3758,ONLINE,REFLFA3LVO8FX,2024-01-20 13:30:00+00:00
TXN0000002105,ACC00000580,2025-09-01 12:22:00+00:00,2024-05-10 15:57:00+00:00,DEBIT,1570.67,GBP,3680,CP6066,POS,REFF2MPGQCLAD,2025-03-23 10:23:00+00:00
TXN0000002106,ACC00000221,2025-10-06 11:33:00+00:00,2024-10-22 18:55:00+00:00,CREDIT,891.59,GBP,6407,CP5770,ONLINE,REFG2AKKTGM4S,2024-02-23 06:57:00+00:00
TXN0000002107,ACC00000120,2024-08-04 09:56:00+00:00,2024-02-16 06:13:00+00:00,CREDIT,1375.05,GBP,5497,CP2581,BRANCH,REFO35FHUOL5W,2026-04-24 07:18:00+00:00
TXN0000002108,ACC00000303,2024-10-16 10:25:00+00:00,2024-04-30 05:10:00+00:00,CREDIT,624.56,GBP,3923,CP4534,ATM,REFFD2G6LEHRA,2025-02-20 21:58:00+00:00
TXN0000002109,ACC00000099,2025-02-19 05:55:00+00:00,2024-07-09 07:55:00+00:00,DEBIT,1530.4,GBP,6072,,ONLINE,REFP3BCGW5QZD,2025-10-01 08:59:00+00:00
TXN0000002110,ACC00000331,2024-06-20 19:50:00+00:00,2025-09-08 10:16:00+00:00,DEBIT,634.53,GBP,8566,CP7333,ONLINE,REFO025DS7D1J,2025-06-16 03:35:00+00:00
TXN0000002111,ACC00000639,2025-12-03 11:09:00+00:00,2025-07-24 01:59:00+00:00,DEBIT,1098.06,GBP,1995,CP5715,ONLINE,REFR404068CMI,2024-07-30 22:59:00+00:00
TXN0000002112,ACC00000410,2024-05-06 15:39:00+00:00,2025-03-25 00:18:00+00:00,CREDIT,522.72,USD,3821,CP8977,ONLINE,REFSFSZ42HEJ6,2026-03-25 21:52:00+00:00
TXN0000002113,ACC00000793,2025-05-21 01:20:00+00:00,2025-04-06 06:43:00+00:00,CREDIT,1642.12,USD,7327,,ATM,REFT2COHKFTVZ,2024-11-18 04:58:00+00:00
TXN0000002114,ACC00000296,2025-12-17 13:24:00+00:00,2024-04-30 09:46:00+00:00,CREDIT,240.35,EUR,2770,,ONLINE,REFCFGR1UKYIM,2025-02-05 20:31:00+00:00
TXN0000002115,ACC00000040,2024-01-13 07:51:00+00:00,2026-01-25 16:13:00+00:00,DEBIT,1369.39,USD,6216,CP1260,ONLINE,REFZXP1VE0J2O,2026-01-10 16:49:00+00:00
TXN0000002116,ACC00000249,2025-02-22 03:51:00+00:00,2026-03-27 12:35:00+00:00,CREDIT,469.03,GBP,5787,CP8220,ATM,REFI3DC8L7JZX,2024-02-07 22:00:00+00:00
TXN0000002117,ACC00000137,2025-03-06 04:19:00+00:00,2025-04-19 09:29:00+00:00,DEBIT,38.98,USD,7528,CP3048,ONLINE,REFUKQRUPBE1U,2024-06-03 00:27:00+00:00
TXN0000002118,ACC00000462,2025-07-08 13:01:00+00:00,2025-04-27 23:54:00+00:00,CREDIT,576.71,GBP,7646,CP1640,ONLINE,REFTOLERTNA3E,2024-01-06 04:37:00+00:00
TXN0000002119,ACC00000584,2025-04-03 00:18:00+00:00,2025-05-23 08:00:00+00:00,DEBIT,31.52,GBP,8149,CP7466,ATM,REFA25BHC7Y61,2024-01-18 02:20:00+00:00
TXN0000002120,ACC00000443,2025-04-04 20:09:00+00:00,2025-04-15 00:14:00+00:00,CREDIT,19.96,USD,3156,,ATM,REF7BP0Q7RCRZ,2025-07-04 21:33:00+00:00
TXN0000002121,ACC00000032,2026-02-14 13:57:00+00:00,2025-02-16 12:26:00+00:00,CREDIT,2233.35,USD,1024,CP9202,ONLINE,REFFGG78FYB7Q,2024-06-05 18:50:00+00:00
TXN0000002122,ACC00000376,2025-02-19 00:08:00+00:00,2026-02-19 11:25:00+00:00,DEBIT,439.62,GBP,8926,,BRANCH,REFWZZN1EDHEG,2025-12-03 00:14:00+00:00
TXN0000002123,ACC00000326,2024-07-20 11:51:00+00:00,2024-01-13 00:43:00+00:00,DEBIT,595.83,USD,3855,CP6340,ATM,REFJZ1O33E6SG,2025-05-19 09:38:00+00:00
TXN0000002124,ACC00000193,2024-03-05 11:32:00+00:00,2025-04-05 12:45:00+00:00,DEBIT,1123.16,EUR,8522,CP1105,ONLINE,REFCNFJ1RGJGU,2024-09-26 01:43:00+00:00
TXN0000002125,ACC00000482,2025-01-08 00:04:00+00:00,2024-05-22 05:54:00+00:00,DEBIT,342.99,USD,3443,CP2585,POS,REF60FWR2FPMT,2024-03-02 17:50:00+00:00
TXN0000002126,ACC00000492,2025-01-18 06:43:00+00:00,2025-07-16 04:07:00+00:00,CREDIT,584.19,GBP,3155,CP1854,ONLINE,REF4QKYMYHQQH,2024-07-01 02:54:00+00:00
TXN0000002127,ACC00000369,2024-01-05 02:28:00+00:00,2024-07-04 21:41:00+00:00,DEBIT,258.15,USD,4858,CP9305,ONLINE,REFSKB1PMMZTI,2024-12-23 03:10:00+00:00
TXN0000002128,ACC00000285,2024-08-23 21:46:00+00:00,2025-07-05 04:07:00+00:00,CREDIT,84.61,GBP,2902,CP8191,ONLINE,REF50RE5T09OY,2026-03-17 15:09:00+00:00
TXN0000002129,ACC00000799,2025-10-12 02:27:00+00:00,2025-08-17 06:54:00+00:00,DEBIT,1035.26,USD,9572,CP5513,ATM,REFZ6RM3CUFPE,2025-01-12 04:22:00+00:00
TXN0000002130,ACC00000618,2025-05-23 03:20:00+00:00,2025-05-30 13:55:00+00:00,DEBIT,676.57,EUR,8170,CP2016,ONLINE,REFCW2IMB8XPY,2024-08-31 09:41:00+00:00
TXN0000002131,ACC00000623,2025-03-09 01:22:00+00:00,2025-07-04 05:30:00+00:00,CREDIT,1228.54,USD,1417,CP4849,ONLINE,REFF1QGA8I419,2025-03-07 15:13:00+00:00
TXN0000002132,ACC00000763,2025-06-23 14:36:00+00:00,2025-07-22 08:48:00+00:00,CREDIT,506.57,USD,9335,,ONLINE,REFVS9C1XN4CI,2026-01-04 07:35:00+00:00
TXN0000002133,ACC00000685,2024-03-04 11:08:00+00:00,2025-03-26 04:27:00+00:00,DEBIT,278.24,USD,7721,CP8285,ONLINE,REFM8P2SUIEK3,2026-04-10 09:55:00+00:00
TXN0000002134,ACC00000421,2024-07-02 08:19:00+00:00,2024-09-24 22:50:00+00:00,CREDIT,181.03,USD,4945,CP3390,ONLINE,REFR3UDRLYKHK,2024-11-25 10:52:00+00:00
TXN0000002135,ACC00000101,2024-03-17 06:15:00+00:00,2024-08-08 19:13:00+00:00,CREDIT,648.54,USD,4409,CP7941,ONLINE,REFR29XU014NI,2025-08-18 00:20:00+00:00
TXN0000002136,ACC00000049,2025-08-27 10:19:00+00:00,2024-07-21 00:58:00+00:00,CREDIT,268.24,USD,5957,CP7414,POS,REFVFRDIACNIQ,2025-06-02 05:36:00+00:00
TXN0000002137,ACC00000642,2025-03-28 18:16:00+00:00,2024-11-02 23:49:00+00:00,CREDIT,1218.49,GBP,5532,CP4697,ONLINE,REF92I5F0EUQN,2024-06-20 09:05:00+00:00
TXN0000002138,ACC00000743,2024-02-27 22:24:00+00:00,2025-01-03 20:37:00+00:00,DEBIT,1520.2,EUR,6741,CP6162,BRANCH,REFMMAL4DL1X2,2026-01-10 15:50:00+00:00
TXN0000002139,ACC00000693,2024-09-27 23:47:00+00:00,2025-03-17 18:10:00+00:00,CREDIT,189.71,GBP,4777,CP9553,ONLINE,REFBK26BO389G,2025-03-22 20:17:00+00:00
TXN0000002140,ACC00000203,2025-01-09 06:06:00+00:00,2025-11-09 01:57:00+00:00,CREDIT,1609.6,USD,8200,CP8148,ONLINE,REFKJ8IVGTA5V,2024-09-30 04:44:00+00:00
TXN0000002141,ACC00000423,2025-11-27 10:44:00+00:00,2025-02-15 12:42:00+00:00,CREDIT,68.4,GBP,6896,CP2463,POS,REFKO5KB887KA,2024-11-07 08:21:00+00:00
TXN0000002142,ACC00000713,2025-04-23 18:03:00+00:00,2025-02-10 01:56:00+00:00,CREDIT,781.71,GBP,1766,CP1586,POS,REFJ69J364R1R,2026-04-05 11:37:00+00:00
TXN0000002143,ACC00000733,2024-11-22 23:29:00+00:00,2024-10-06 17:22:00+00:00,DEBIT,466.34,GBP,9993,,POS,REFRFSPK7SCKU,2024-04-29 00:12:00+00:00
TXN0000002144,ACC00000591,2024-05-06 18:59:00+00:00,2024-08-25 03:11:00+00:00,DEBIT,430.31,USD,3824,CP6285,ONLINE,REFYPJGBI6HM8,2024-11-19 17:32:00+00:00
TXN0000002145,ACC00000210,2026-01-22 02:48:00+00:00,2024-07-26 08:41:00+00:00,DEBIT,1225.38,USD,1333,CP2104,POS,REFVU8LIFWRLP,2025-03-23 07:04:00+00:00
TXN0000002146,ACC00000587,2025-10-20 16:40:00+00:00,2024-09-27 06:21:00+00:00,CREDIT,376.19,USD,4295,CP7371,ATM,REF06XV1G7MJ8,2025-01-18 01:24:00+00:00
TXN0000002147,ACC00000770,2025-08-12 17:25:00+00:00,2025-06-17 23:17:00+00:00,DEBIT,295.06,GBP,9414,CP8154,ONLINE,REFJD2TM00FUH,2024-05-26 13:26:00+00:00
TXN0000002148,ACC00000516,2025-03-21 23:59:00+00:00,2025-08-15 17:05:00+00:00,CREDIT,400.16,GBP,6278,CP3761,POS,REFOPIYW3XNPR,2025-01-24 20:13:00+00:00
TXN0000002149,ACC00000438,2024-11-03 22:25:00+00:00,2024-04-25 16:42:00+00:00,CREDIT,1193.86,EUR,7379,CP3342,POS,REFA7KG5RMW9V,2025-06-22 04:45:00+00:00
TXN0000002150,ACC00000379,2025-08-17 06:27:00+00:00,2024-11-12 13:22:00+00:00,CREDIT,29.37,USD,9218,CP6245,POS,REFAIK00V5KUJ,2025-01-31 03:07:00+00:00
TXN0000002151,ACC00000705,2024-12-04 12:56:00+00:00,2024-04-10 04:16:00+00:00,DEBIT,1291.28,USD,1752,CP2519,ONLINE,REFBKDQYOQN5A,2025-04-19 21:48:00+00:00
TXN0000002152,ACC00000200,2024-05-06 17:15:00+00:00,2024-07-04 03:01:00+00:00,DEBIT,1444.11,GBP,3267,CP9408,ONLINE,REFLVJYCEEUOL,2024-05-12 22:59:00+00:00
TXN0000002153,ACC00000156,2024-07-18 10:45:00+00:00,2025-02-02 23:15:00+00:00,CREDIT,550.07,EUR,5966,CP1985,ATM,REFUJAZNRKYAY,2026-01-23 04:04:00+00:00
TXN0000002154,ACC00000575,2025-09-13 15:16:00+00:00,2025-04-23 17:43:00+00:00,CREDIT,247.06,GBP,5562,CP8050,POS,REFXP5X5PK34P,2025-05-22 17:43:00+00:00
TXN0000002155,ACC00000151,2025-10-04 21:35:00+00:00,2024-03-31 15:48:00+00:00,DEBIT,1848.83,GBP,1031,CP8775,POS,REFLDIZV5PGHC,2025-01-24 20:56:00+00:00
TXN0000002156,ACC00000519,2025-04-16 12:35:00+00:00,2025-12-25 00:19:00+00:00,CREDIT,46.31,USD,3517,CP1443,ONLINE,REFEFUX1SS1JO,2024-09-06 03:07:00+00:00
TXN0000002157,ACC00000320,2024-01-08 11:43:00+00:00,2025-07-26 22:46:00+00:00,DEBIT,407.89,EUR,8384,CP8160,ONLINE,REFWQOWAPFM0L,2024-08-27 21:47:00+00:00
TXN0000002158,ACC00000194,2025-04-24 01:49:00+00:00,2024-08-18 12:16:00+00:00,DEBIT,655.29,GBP,9479,CP6160,ONLINE,REFJH3RKNR594,2024-02-19 02:50:00+00:00
TXN0000002159,ACC00000539,2024-07-09 07:47:00+00:00,2025-10-02 16:06:00+00:00,CREDIT,855.1,USD,4279,CP8579,BRANCH,REF62WWG69IK9,2024-04-29 04:27:00+00:00
TXN0000002160,ACC00000114,2025-12-11 15:54:00+00:00,2024-03-26 22:26:00+00:00,DEBIT,1054.41,GBP,7879,,ONLINE,REF41FSMRTIWD,2024-02-20 06:11:00+00:00
TXN0000002161,ACC00000321,2025-04-30 23:05:00+00:00,2026-01-14 10:37:00+00:00,DEBIT,154.91,USD,3160,CP6343,ONLINE,REF2UYGW9A0FN,2024-06-28 01:25:00+00:00
TXN0000002162,ACC00000543,2025-07-09 08:15:00+00:00,2024-12-24 11:47:00+00:00,CREDIT,586.06,GBP,7201,CP7685,ONLINE,REFZ28QWJX8VT,2024-07-26 17:55:00+00:00
TXN0000002163,ACC00000581,2024-01-07 20:06:00+00:00,2026-04-19 17:51:00+00:00,CREDIT,993.07,USD,5520,CP2475,ONLINE,REFETEYG33IF4,2025-04-12 23:47:00+00:00
TXN0000002164,ACC00000418,2025-07-31 05:10:00+00:00,2025-10-02 22:23:00+00:00,DEBIT,1794.16,GBP,5850,CP1581,POS,REF16C6H00SK5,2025-11-05 23:40:00+00:00
TXN0000002165,ACC00000517,2024-01-27 19:23:00+00:00,2025-08-09 08:10:00+00:00,DEBIT,2350.86,USD,2782,CP4961,ONLINE,REFETGBZKASRW,2026-02-02 06:31:00+00:00
TXN0000002166,ACC00000534,2025-03-18 15:15:00+00:00,2024-03-16 19:15:00+00:00,CREDIT,11.94,GBP,5805,CP3352,ONLINE,REFCA80YYCOIA,2024-05-23 01:22:00+00:00
TXN0000002167,ACC00000246,2024-08-10 06:54:00+00:00,2025-05-26 18:48:00+00:00,CREDIT,206.37,USD,8500,CP7405,POS,REFBKN37OK7OV,2025-03-01 23:19:00+00:00
TXN0000002168,ACC00000239,2026-04-16 04:44:00+00:00,2024-07-21 03:13:00+00:00,DEBIT,358.68,GBP,1904,CP6457,POS,REFOT6IZSAPWI,2025-11-23 15:22:00+00:00
TXN0000002169,ACC00000017,2025-12-24 19:44:00+00:00,2026-02-20 13:12:00+00:00,DEBIT,1169.94,EUR,5324,CP4925,ONLINE,REFU04NBH92X6,2025-08-28 05:12:00+00:00
TXN0000002170,ACC00000704,2025-05-05 06:50:00+00:00,2025-12-06 12:21:00+00:00,CREDIT,1231.92,GBP,5691,,POS,REFK8S7IIARP9,2026-01-06 03:39:00+00:00
TXN0000002171,ACC00000606,2025-11-29 04:13:00+00:00,2025-08-13 15:11:00+00:00,CREDIT,1590.66,GBP,8466,CP2315,ATM,REFODBLA70HNY,2025-03-10 02:00:00+00:00
TXN0000002172,ACC00000105,2025-08-02 12:18:00+00:00,2025-05-15 12:29:00+00:00,CREDIT,705.32,GBP,6345,CP9186,ONLINE,REFRO55CVY5XN,2025-10-16 14:26:00+00:00
TXN0000002173,ACC00000578,2024-09-22 01:11:00+00:00,2025-03-13 16:31:00+00:00,DEBIT,1256.0,GBP,2342,CP3708,ATM,REF9RPBJLADG1,2026-04-17 17:00:00+00:00
TXN0000002174,ACC00000677,2025-07-28 04:20:00+00:00,2025-05-02 15:23:00+00:00,CREDIT,429.74,GBP,6672,CP1054,POS,REFXM9OCQVJZ8,2026-02-20 22:05:00+00:00
TXN0000002175,ACC00000345,2024-09-02 05:52:00+00:00,2025-08-04 06:23:00+00:00,CREDIT,1692.83,GBP,4841,CP8020,POS,REF7C3K6TDMRU,2024-05-23 06:21:00+00:00
TXN0000002176,ACC00000084,2025-02-08 14:24:00+00:00,2026-03-18 17:27:00+00:00,DEBIT,782.05,GBP,9037,CP1454,ONLINE,REFLBPBIP8DET,2024-12-21 19:11:00+00:00
TXN0000002177,ACC00000769,2025-09-24 18:41:00+00:00,2024-03-14 06:53:00+00:00,DEBIT,47.88,USD,3731,CP1572,BRANCH,REFGJFBL5GZFA,2025-03-04 01:20:00+00:00
TXN0000002178,ACC00000202,2024-07-10 08:10:00+00:00,2026-03-05 09:05:00+00:00,DEBIT,812.19,GBP,7566,CP2066,POS,REFX6J0Q5RZ6K,2024-04-08 03:14:00+00:00
TXN0000002179,ACC00000370,2025-03-25 15:58:00+00:00,2025-05-12 08:38:00+00:00,DEBIT,589.4,GBP,1293,CP9312,ATM,REFJGE4FVCCE9,2025-05-03 07:04:00+00:00
TXN0000002180,ACC00000033,2024-08-30 19:59:00+00:00,2024-03-15 18:22:00+00:00,CREDIT,778.23,GBP,8066,CP7156,ONLINE,REFSZ8PYYN639,2026-03-17 14:28:00+00:00
TXN0000002181,ACC00000313,2025-12-27 05:14:00+00:00,2024-08-13 17:01:00+00:00,CREDIT,68.53,GBP,1345,,POS,REF7RLGW5GVLK,2024-02-08 02:20:00+00:00
TXN0000002182,ACC00000757,2026-01-08 17:55:00+00:00,2025-07-14 20:34:00+00:00,CREDIT,344.77,USD,9845,CP3433,ATM,REFZF7LG08E07,2025-04-19 15:52:00+00:00
TXN0000002183,ACC00000506,2024-12-12 20:09:00+00:00,2026-03-29 09:11:00+00:00,DEBIT,1214.49,USD,3116,CP9879,ATM,REF7UP84ONA0X,2024-05-15 20:34:00+00:00
TXN0000002184,ACC00000126,2024-02-17 04:15:00+00:00,2025-03-18 15:54:00+00:00,CREDIT,1019.07,GBP,5081,CP4161,POS,REFSB6HOLOSD0,2026-01-20 23:52:00+00:00
TXN0000002185,ACC00000757,2025-12-03 05:01:00+00:00,2024-05-13 06:12:00+00:00,DEBIT,1298.6,GBP,9479,CP7306,ONLINE,REFPZAHB5W79U,2024-06-26 15:09:00+00:00
TXN0000002186,ACC00000299,2025-08-12 03:16:00+00:00,2025-09-14 19:00:00+00:00,DEBIT,1401.43,EUR,3401,CP5897,POS,REFJSDO1VM16M,2024-04-11 00:46:00+00:00
TXN0000002187,ACC00000233,2025-12-06 00:04:00+00:00,2025-11-26 15:54:00+00:00,CREDIT,577.86,GBP,1186,CP2259,ATM,REFOOHYTFLHH4,2026-02-21 09:55:00+00:00
TXN0000002188,ACC00000699,2025-03-09 19:12:00+00:00,2025-02-19 03:23:00+00:00,DEBIT,617.54,GBP,1266,CP8857,ONLINE,REFQVQ90Z10JO,2026-04-06 18:10:00+00:00
TXN0000002189,ACC00000150,2024-08-21 05:33:00+00:00,2024-01-29 01:06:00+00:00,DEBIT,699.33,USD,1225,CP1932,ONLINE,REFZO6Z9BT81B,2024-02-29 17:39:00+00:00
TXN0000002190,ACC00000631,2024-10-12 09:08:00+00:00,2024-03-17 02:14:00+00:00,CREDIT,510.87,GBP,3822,CP8600,ONLINE,REFY0MPOGKTWR,2025-06-23 13:04:00+00:00
TXN0000002191,ACC00000577,2024-08-05 09:31:00+00:00,2025-09-16 03:21:00+00:00,CREDIT,1127.33,USD,8742,CP4322,ATM,REF7AG13W2N5N,2024-12-15 19:20:00+00:00
TXN0000002192,ACC00000296,2025-11-06 02:38:00+00:00,2024-11-11 16:00:00+00:00,CREDIT,122.37,GBP,9787,CP2225,ONLINE,REFORMMZ1OUX6,2026-04-13 02:28:00+00:00
TXN0000002193,ACC00000435,2025-08-28 16:09:00+00:00,2024-11-11 09:11:00+00:00,DEBIT,804.11,USD,1140,CP2074,ONLINE,REF1RM4SXZE4G,2024-03-19 21:31:00+00:00
TXN0000002194,ACC00000150,2025-09-14 00:51:00+00:00,2026-02-06 06:26:00+00:00,DEBIT,1852.46,GBP,7901,CP7343,POS,REF6XCHWVR19B,2026-01-04 14:59:00+00:00
TXN0000002195,ACC00000154,2025-11-19 15:21:00+00:00,2024-09-14 15:39:00+00:00,CREDIT,428.76,GBP,8892,CP9611,POS,REFU6JN9TCOCN,2024-05-06 21:53:00+00:00
TXN0000002196,ACC00000693,2026-04-19 10:55:00+00:00,2024-06-09 02:16:00+00:00,CREDIT,917.8,USD,3276,CP2303,ATM,REFY3IO3VYP9T,2025-05-27 02:40:00+00:00
TXN0000002197,ACC00000584,2024-03-27 10:53:00+00:00,2025-08-22 19:00:00+00:00,DEBIT,203.74,GBP,5392,CP2038,ONLINE,REF1AOLDSAZD8,2025-03-16 09:48:00+00:00
TXN0000002198,ACC00000535,2024-10-02 22:21:00+00:00,2024-03-30 00:55:00+00:00,DEBIT,78.58,EUR,7912,CP3620,POS,REF96I5NXFEXF,2024-09-03 10:35:00+00:00
TXN0000002199,ACC00000376,2024-05-09 12:03:00+00:00,2026-01-13 16:25:00+00:00,DEBIT,415.1,USD,6145,,ONLINE,REFJCBUG4AP8D,2025-07-24 18:06:00+00:00
TXN0000002200,ACC00000247,2025-03-29 10:27:00+00:00,2024-04-09 12:49:00+00:00,DEBIT,492.81,GBP,6136,,ONLINE,REFXO4VP6AQGD,2026-04-26 03:31:00+00:00
TXN0000002201,ACC00000634,2025-08-05 22:38:00+00:00,2026-04-18 08:52:00+00:00,DEBIT,12.35,GBP,4318,CP4934,POS,REFH34QEF2QSU,2024-11-23 20:59:00+00:00
TXN0000002202,ACC00000691,2025-09-29 02:12:00+00:00,2025-04-16 22:38:00+00:00,DEBIT,1225.16,USD,1078,CP4478,ONLINE,REF8DW419K9Q7,2026-03-22 16:02:00+00:00
TXN0000002203,ACC00000411,2025-07-18 07:07:00+00:00,2024-01-19 09:53:00+00:00,DEBIT,396.7,GBP,3415,CP4388,ATM,REFL3BTHQMQDZ,2024-07-05 14:57:00+00:00
TXN0000002204,ACC00000768,2024-01-31 00:45:00+00:00,2025-10-05 21:38:00+00:00,CREDIT,231.39,GBP,3445,,POS,REFWNF16NR74L,2024-11-11 08:26:00+00:00
TXN0000002205,ACC00000425,2026-05-02 12:50:00+00:00,2025-08-07 02:21:00+00:00,DEBIT,93.34,USD,3965,CP1637,ONLINE,REF5B0KVK5IK7,2025-07-15 17:09:00+00:00
TXN0000002206,ACC00000734,2024-10-18 07:13:00+00:00,2025-05-07 07:33:00+00:00,CREDIT,1219.64,EUR,3785,CP3616,ONLINE,REF5UZCQJ1WHG,2024-02-08 22:59:00+00:00
TXN0000002207,ACC00000018,2025-11-20 04:11:00+00:00,2025-11-08 00:24:00+00:00,DEBIT,147.79,USD,2981,CP9284,ATM,REFDM5BTJEEEV,2024-11-29 18:03:00+00:00
TXN0000002208,ACC00000181,2026-03-03 13:40:00+00:00,2025-04-10 19:36:00+00:00,DEBIT,1204.62,USD,3093,CP6876,POS,REFV6M8U60KSC,2025-05-24 17:52:00+00:00
TXN0000002209,ACC00000088,2026-01-12 04:58:00+00:00,2025-01-25 14:42:00+00:00,DEBIT,327.69,GBP,9421,CP4722,ONLINE,REFAOM3G46CO1,2024-07-30 22:11:00+00:00
TXN0000002210,ACC00000194,2024-05-11 15:28:00+00:00,2024-08-24 12:28:00+00:00,DEBIT,455.06,GBP,9971,CP8563,ATM,REFVGO22IPQED,2025-10-09 19:36:00+00:00
TXN0000002211,ACC00000558,2025-04-23 14:13:00+00:00,2024-07-04 01:37:00+00:00,DEBIT,1805.57,GBP,2695,CP5862,POS,REFBNFGS5FZ16,2025-08-22 09:14:00+00:00
TXN0000002212,ACC00000415,2024-07-27 02:26:00+00:00,2025-11-22 12:07:00+00:00,DEBIT,133.91,USD,7532,CP1354,ONLINE,REF1PYB7S1K0W,2024-10-10 19:47:00+00:00
TXN0000002213,ACC00000665,2026-01-13 16:44:00+00:00,2024-02-16 05:48:00+00:00,DEBIT,271.6,EUR,1342,CP6046,POS,REFX56DBF6VHO,2025-03-09 22:21:00+00:00
TXN0000002214,ACC00000221,2024-02-04 12:25:00+00:00,2024-07-17 14:11:00+00:00,DEBIT,2584.07,USD,4355,CP1515,POS,REF6A3LW00I6P,2024-03-14 10:33:00+00:00
TXN0000002215,ACC00000581,2024-11-01 23:30:00+00:00,2025-03-18 09:14:00+00:00,DEBIT,20.18,USD,6246,CP6529,BRANCH,REFQ2ETUP4C3G,2024-07-10 06:28:00+00:00
TXN0000002216,ACC00000108,2024-01-29 14:00:00+00:00,2025-11-21 05:03:00+00:00,DEBIT,569.97,GBP,9790,CP5464,POS,REFPT6MTGBPO2,2024-05-23 14:06:00+00:00
TXN0000002217,ACC00000489,2024-07-31 17:23:00+00:00,2025-01-07 16:51:00+00:00,CREDIT,824.5,GBP,4556,CP4162,ONLINE,REFEFAY4Y9B33,2024-08-06 05:40:00+00:00
TXN0000002218,ACC00000558,2024-02-23 07:24:00+00:00,2025-01-31 18:36:00+00:00,DEBIT,1451.46,GBP,3859,CP5295,POS,REFO0KW6T273F,2025-03-26 02:16:00+00:00
TXN0000002219,ACC00000539,2026-03-27 01:21:00+00:00,2025-03-25 05:57:00+00:00,CREDIT,111.67,GBP,3449,CP2304,POS,REFV3BVNABHCM,2025-03-26 14:33:00+00:00
TXN0000002220,ACC00000272,2025-09-21 10:10:00+00:00,2024-09-30 11:39:00+00:00,DEBIT,475.2,GBP,4729,CP4877,ONLINE,REFEUHM5QRAL4,2026-02-02 14:30:00+00:00
TXN0000002221,ACC00000232,2025-09-30 16:50:00+00:00,2025-04-25 03:42:00+00:00,CREDIT,755.39,GBP,3726,CP9397,POS,REF715REJ84J1,2024-05-01 01:52:00+00:00
TXN0000002222,ACC00000512,2024-11-07 04:40:00+00:00,2026-02-09 20:23:00+00:00,CREDIT,574.13,GBP,9108,CP5168,POS,REFWRCX96R62I,2024-09-03 14:20:00+00:00
TXN0000002223,ACC00000795,2024-10-21 02:46:00+00:00,2025-01-05 21:28:00+00:00,DEBIT,155.29,EUR,3353,CP6914,BRANCH,REFAO9P3DNGDK,2025-11-26 02:56:00+00:00
TXN0000002224,ACC00000234,2026-04-23 01:40:00+00:00,2025-09-24 06:10:00+00:00,CREDIT,1018.32,EUR,4694,CP3214,ATM,REFI52UWYMA3B,2025-10-28 21:55:00+00:00
TXN0000002225,ACC00000164,2025-04-29 22:19:00+00:00,2026-02-25 15:29:00+00:00,CREDIT,38.46,GBP,5996,CP6304,ONLINE,REFQD505Q7DPS,2026-03-01 13:48:00+00:00
TXN0000002226,ACC00000173,2026-01-15 01:08:00+00:00,2024-01-08 03:07:00+00:00,DEBIT,65.64,GBP,5244,CP5188,ONLINE,REF1DX2T0DX3P,2025-09-11 19:27:00+00:00
TXN0000002227,ACC00000776,2025-05-22 08:01:00+00:00,2025-11-28 10:19:00+00:00,CREDIT,502.78,GBP,3264,CP3770,BRANCH,REFABPRNCLIA3,2026-01-26 21:45:00+00:00
TXN0000002228,ACC00000660,2025-11-22 20:55:00+00:00,2025-11-25 19:06:00+00:00,CREDIT,1156.26,GBP,5389,CP2164,ONLINE,REF5QCBLGMF8Y,2024-04-13 18:14:00+00:00
TXN0000002229,ACC00000156,2025-03-20 15:50:00+00:00,2026-05-03 14:43:00+00:00,CREDIT,34.99,EUR,2169,CP4851,ONLINE,REFT7U2MWNL00,2026-03-14 21:35:00+00:00
TXN0000002230,ACC00000421,2026-02-15 11:32:00+00:00,2025-05-26 06:40:00+00:00,DEBIT,13.28,EUR,7421,CP4320,ATM,REFFJV7YR0ZHO,2026-04-22 01:29:00+00:00
TXN0000002231,ACC00000470,2024-06-20 13:29:00+00:00,2026-04-07 05:46:00+00:00,CREDIT,478.34,GBP,1948,CP6165,POS,REFQXJSZPAH2X,2025-07-16 07:27:00+00:00
TXN0000002232,ACC00000707,2025-03-06 04:23:00+00:00,2026-05-06 13:00:00+00:00,DEBIT,78.3,USD,9450,CP8064,POS,REFNOCQY3GT61,2024-09-21 19:26:00+00:00
TXN0000002233,ACC00000098,2025-08-05 00:53:00+00:00,2026-04-16 18:27:00+00:00,DEBIT,1149.28,EUR,4510,CP4853,BRANCH,REF0GQSNHDSXD,2025-10-16 03:11:00+00:00
TXN0000002234,ACC00000583,2025-03-16 05:00:00+00:00,2025-06-04 10:26:00+00:00,DEBIT,400.41,USD,9602,CP4109,ONLINE,REF5VU2YSLNQB,2025-07-29 02:30:00+00:00
TXN0000002235,ACC00000646,2024-02-10 07:45:00+00:00,2025-06-04 17:44:00+00:00,DEBIT,131.57,EUR,2334,CP4498,ONLINE,REFQD321SCIGE,2025-06-05 10:36:00+00:00
TXN0000002236,ACC00000645,2025-02-18 06:51:00+00:00,2025-07-02 20:43:00+00:00,DEBIT,682.97,GBP,5166,,POS,REFFKP80IL11G,2025-04-06 11:16:00+00:00
TXN0000002237,ACC00000073,2025-06-04 21:22:00+00:00,2025-07-17 13:48:00+00:00,DEBIT,1413.08,GBP,9901,CP4723,POS,REFSU3VRQPKOC,2026-01-14 06:16:00+00:00
TXN0000002238,ACC00000570,2025-10-11 12:56:00+00:00,2024-03-05 01:59:00+00:00,DEBIT,1338.9,USD,5440,CP3029,ONLINE,REFUZ1RDN2YIR,2025-06-06 22:48:00+00:00
TXN0000002239,ACC00000364,2026-03-25 08:26:00+00:00,2026-02-13 16:21:00+00:00,CREDIT,4.74,GBP,9879,CP4999,POS,REF2VCOL2R6K5,2024-01-05 19:59:00+00:00
TXN0000002240,ACC00000374,2026-01-16 02:18:00+00:00,2025-11-20 19:30:00+00:00,DEBIT,1015.08,GBP,3732,CP4385,ATM,REFU9ONHG2S6U,2026-04-06 04:51:00+00:00
TXN0000002241,ACC00000703,2025-08-10 14:17:00+00:00,2024-07-24 11:32:00+00:00,CREDIT,483.31,GBP,3688,CP7888,POS,REFOQN3R6TMJQ,2025-08-16 02:45:00+00:00
TXN0000002242,ACC00000100,2024-11-18 19:31:00+00:00,2025-01-22 15:55:00+00:00,DEBIT,52.0,USD,4516,CP1886,ONLINE,REFDUVCVDFNFV,2025-07-29 13:17:00+00:00
TXN0000002243,ACC00000039,2025-10-23 18:13:00+00:00,2026-04-29 18:18:00+00:00,DEBIT,576.68,EUR,4138,CP3043,POS,REFIYI247LC9K,2025-01-05 13:22:00+00:00
TXN0000002244,ACC00000781,2024-04-16 16:59:00+00:00,2026-04-29 06:44:00+00:00,CREDIT,716.49,GBP,3079,CP7069,POS,REFOQ61OFA5P9,2024-10-17 04:56:00+00:00
TXN0000002245,ACC00000193,2024-08-10 18:44:00+00:00,2024-07-18 13:17:00+00:00,DEBIT,75.39,GBP,3891,CP3882,ONLINE,REFCLYOA99PNM,2024-12-02 04:41:00+00:00
TXN0000002246,ACC00000074,2026-02-27 18:43:00+00:00,2024-10-05 15:03:00+00:00,DEBIT,63.12,USD,9226,CP3487,ATM,REFMPMQHX8LIW,2025-03-01 16:43:00+00:00
TXN0000002247,ACC00000544,2025-05-11 23:36:00+00:00,2024-06-21 12:12:00+00:00,DEBIT,731.96,GBP,5933,,POS,REFURPCK6PHDX,2024-07-01 00:09:00+00:00
TXN0000002248,ACC00000395,2025-07-08 22:17:00+00:00,2024-06-02 15:25:00+00:00,DEBIT,682.05,GBP,7962,CP2701,ONLINE,REF21FZG5T2TV,2024-04-07 17:27:00+00:00
TXN0000002249,ACC00000108,2025-09-04 02:16:00+00:00,2025-05-19 21:27:00+00:00,DEBIT,1134.27,GBP,7474,CP1490,ONLINE,REF8Y65Q45CEQ,2024-09-02 22:01:00+00:00
TXN0000002250,ACC00000516,2025-09-05 22:32:00+00:00,2026-04-01 11:38:00+00:00,CREDIT,988.48,GBP,2957,CP9999,POS,REFR8F1MHHQVH,2025-08-12 18:45:00+00:00
TXN0000002251,ACC00000800,2025-03-13 01:37:00+00:00,2025-02-07 08:47:00+00:00,CREDIT,1218.83,EUR,8286,CP1800,ONLINE,REFCWKIC1Z29Q,2024-01-30 12:23:00+00:00
TXN0000002252,ACC00000032,2026-01-27 19:56:00+00:00,2024-12-08 16:28:00+00:00,CREDIT,1180.37,USD,2328,CP4494,POS,REFLXXIS7LST2,2025-12-10 15:24:00+00:00
TXN0000002253,ACC00000326,2024-11-18 10:00:00+00:00,2025-11-02 23:24:00+00:00,DEBIT,1019.26,GBP,1743,CP4385,BRANCH,REFJQWSOP8QJG,2025-12-09 04:42:00+00:00
TXN0000002254,ACC00000028,2024-10-15 19:44:00+00:00,2025-01-29 19:16:00+00:00,CREDIT,1091.88,USD,9328,,ONLINE,REFLU0JFCK5TC,2024-06-13 08:13:00+00:00
TXN0000002255,ACC00000062,2026-03-30 21:13:00+00:00,2026-04-18 18:40:00+00:00,DEBIT,83.74,EUR,2536,CP2035,POS,REFG3NCGURRDO,2024-03-06 09:29:00+00:00
TXN0000002256,ACC00000068,2024-05-26 13:49:00+00:00,2024-09-28 14:47:00+00:00,DEBIT,112.13,GBP,9339,CP2350,ONLINE,REF7HOKMV0QRS,2026-04-16 12:27:00+00:00
TXN0000002257,ACC00000601,2025-03-22 09:13:00+00:00,2024-03-21 11:22:00+00:00,CREDIT,59.87,USD,7553,CP7926,POS,REFZC08ECPZHO,2025-05-24 00:38:00+00:00
TXN0000002258,ACC00000610,2024-05-10 04:47:00+00:00,2025-10-05 23:15:00+00:00,CREDIT,313.31,EUR,4224,CP1344,ONLINE,REFB6B6M7607J,2025-02-12 10:40:00+00:00
TXN0000002259,ACC00000398,2024-08-15 18:16:00+00:00,2024-10-08 14:58:00+00:00,CREDIT,1187.61,USD,3403,CP9358,POS,REFFII90UU12I,2025-08-22 15:22:00+00:00
TXN0000002260,ACC00000770,2025-01-25 03:08:00+00:00,2024-09-15 10:41:00+00:00,DEBIT,358.1,GBP,2817,CP7668,BRANCH,REF73T8DVR7TF,2025-07-14 07:22:00+00:00
TXN0000002261,ACC00000794,2024-04-13 05:45:00+00:00,2024-02-06 22:40:00+00:00,CREDIT,194.42,USD,4930,CP9297,POS,REFA6LXVHY8D8,2025-06-14 13:31:00+00:00
TXN0000002262,ACC00000077,2025-07-15 18:45:00+00:00,2024-05-12 08:01:00+00:00,CREDIT,17.98,GBP,4715,CP9939,POS,REFEBGTCXD5GS,2025-05-08 05:55:00+00:00
TXN0000002263,ACC00000769,2025-06-30 20:04:00+00:00,2026-03-04 11:15:00+00:00,CREDIT,916.59,GBP,8308,CP4870,POS,REFN4QRE192WK,2025-08-27 15:56:00+00:00
TXN0000002264,ACC00000687,2025-11-07 03:21:00+00:00,2025-03-29 15:10:00+00:00,CREDIT,307.31,GBP,6210,CP6206,ATM,REF44J79J69SN,2024-09-10 23:00:00+00:00
TXN0000002265,ACC00000624,2025-09-22 09:35:00+00:00,2025-09-06 20:00:00+00:00,CREDIT,1552.81,GBP,3925,CP9508,BRANCH,REFCZT91YVIIE,2025-08-26 13:18:00+00:00
TXN0000002266,ACC00000577,2024-12-13 07:16:00+00:00,2025-07-26 23:17:00+00:00,CREDIT,1049.47,GBP,2321,CP9885,ATM,REF23IPTDJMOW,2024-10-11 19:06:00+00:00
TXN0000002267,ACC00000420,2024-01-17 00:44:00+00:00,2025-11-26 23:33:00+00:00,DEBIT,1480.8,GBP,5259,CP7049,POS,REF34C2HEPAB2,2025-04-18 03:16:00+00:00
TXN0000002268,ACC00000007,2024-03-15 05:43:00+00:00,2025-09-17 12:20:00+00:00,DEBIT,1005.08,GBP,6648,CP1137,ATM,REF36NSCU8NCA,2025-09-22 12:48:00+00:00
TXN0000002269,ACC00000730,2025-04-06 13:47:00+00:00,2024-08-20 20:39:00+00:00,DEBIT,168.1,USD,6852,CP9892,POS,REFDJV64GUSRA,2024-03-13 16:20:00+00:00
TXN0000002270,ACC00000167,2025-12-16 05:08:00+00:00,2024-09-21 10:56:00+00:00,DEBIT,580.74,GBP,5946,CP8404,ONLINE,REF3JBPQZCKFM,2024-10-10 21:03:00+00:00
TXN0000002271,ACC00000022,2024-07-16 18:33:00+00:00,2024-01-28 07:28:00+00:00,CREDIT,1076.28,GBP,5216,CP8137,ATM,REFF0WU6L0KZB,2025-12-06 22:46:00+00:00
TXN0000002272,ACC00000649,2025-12-21 09:31:00+00:00,2026-04-04 11:17:00+00:00,CREDIT,302.86,GBP,8317,CP8492,ONLINE,REF1KB3GAEJ5D,2024-12-06 09:27:00+00:00
TXN0000002273,ACC00000469,2024-11-03 05:52:00+00:00,2025-07-21 01:49:00+00:00,CREDIT,324.51,GBP,3150,CP9109,ONLINE,REFK9O6GHN9A8,2025-08-24 03:05:00+00:00
TXN0000002274,ACC00000268,2025-10-14 05:21:00+00:00,2025-05-08 16:00:00+00:00,DEBIT,258.81,USD,3528,CP3922,POS,REFY55U136KSR,2026-01-14 22:33:00+00:00
TXN0000002275,ACC00000333,2025-02-11 22:29:00+00:00,2025-01-18 07:34:00+00:00,CREDIT,210.07,USD,8832,CP7860,POS,REFL2F7K3EOI2,2025-07-09 07:43:00+00:00
TXN0000002276,ACC00000440,2026-02-03 16:44:00+00:00,2024-08-09 06:46:00+00:00,DEBIT,340.55,GBP,1456,CP3596,POS,REFK17FHDKS4Z,2026-04-18 05:41:00+00:00
TXN0000002277,ACC00000671,2025-05-18 02:54:00+00:00,2025-06-30 11:59:00+00:00,CREDIT,989.07,USD,1840,CP6642,POS,REF8IDTVFALJ3,2024-08-31 21:29:00+00:00
TXN0000002278,ACC00000420,2025-06-09 16:33:00+00:00,2025-02-16 18:12:00+00:00,CREDIT,309.32,GBP,5327,CP9677,ONLINE,REFB0ALY28YH8,2024-12-04 08:49:00+00:00
TXN0000002279,ACC00000011,2024-05-24 04:13:00+00:00,2024-07-10 23:38:00+00:00,DEBIT,1093.76,GBP,9452,CP7251,POS,REFYBO953ZRID,2024-10-30 16:17:00+00:00
TXN0000002280,ACC00000551,2025-04-06 16:41:00+00:00,2024-05-03 07:26:00+00:00,DEBIT,699.55,GBP,9067,CP5478,POS,REFHTV88Y15QF,2024-02-21 23:20:00+00:00
TXN0000002281,ACC00000268,2025-07-13 20:30:00+00:00,2025-09-07 12:19:00+00:00,DEBIT,459.45,GBP,5315,,ATM,REF7NCY6KJZQK,2025-06-16 13:20:00+00:00
TXN0000002282,ACC00000510,2024-02-29 10:42:00+00:00,2026-01-28 16:02:00+00:00,DEBIT,460.1,USD,5165,CP4043,ONLINE,REFCJXH840D0A,2025-01-03 20:31:00+00:00
TXN0000002283,ACC00000398,2025-07-13 09:04:00+00:00,2025-12-14 08:51:00+00:00,DEBIT,98.9,GBP,3708,CP8729,ONLINE,REFVSKUMWIHUL,2026-03-14 11:13:00+00:00
TXN0000002284,ACC00000584,2025-02-01 16:03:00+00:00,2026-03-10 00:30:00+00:00,CREDIT,103.21,GBP,3868,,ATM,REF7CQVKOLEF8,2026-04-21 05:31:00+00:00
TXN0000002285,ACC00000659,2025-01-28 22:04:00+00:00,2024-08-14 14:13:00+00:00,CREDIT,705.24,USD,6623,CP1662,ATM,REFHVT9MB508P,2024-05-08 10:35:00+00:00
TXN0000002286,ACC00000477,2026-01-18 06:44:00+00:00,2024-02-26 08:05:00+00:00,CREDIT,803.03,GBP,8412,CP7105,ONLINE,REFNT4GO5DXFF,2025-05-19 18:23:00+00:00
TXN0000002287,ACC00000769,2026-01-10 08:36:00+00:00,2024-12-26 00:46:00+00:00,CREDIT,436.71,GBP,4287,CP3374,POS,REFH1WUXSPYWY,2025-05-02 19:45:00+00:00
TXN0000002288,ACC00000727,2025-10-19 11:25:00+00:00,2025-01-30 06:11:00+00:00,DEBIT,1713.43,USD,1521,CP3505,ONLINE,REFDG30C3RB1F,2024-06-05 00:17:00+00:00
TXN0000002289,ACC00000734,2024-11-09 14:47:00+00:00,2026-04-10 22:16:00+00:00,DEBIT,69.92,GBP,4577,CP5319,POS,REFNU79KSSE9V,2025-01-04 05:09:00+00:00
TXN0000002290,ACC00000706,2025-08-11 19:34:00+00:00,2024-01-31 10:06:00+00:00,DEBIT,216.61,USD,9054,CP1605,ONLINE,REF3ZUVFG9FLJ,2026-04-01 05:30:00+00:00
TXN0000002291,ACC00000545,2024-10-04 12:01:00+00:00,2024-02-16 23:56:00+00:00,CREDIT,480.19,GBP,5146,,BRANCH,REFQ1JQI8DCW8,2025-10-12 23:29:00+00:00
TXN0000002292,ACC00000314,2026-02-10 21:20:00+00:00,2024-05-24 13:23:00+00:00,CREDIT,1589.4,GBP,9439,CP9861,ONLINE,REFRIL6TLGIYL,2026-02-09 19:17:00+00:00
TXN0000002293,ACC00000488,2025-06-11 13:43:00+00:00,2025-06-12 07:55:00+00:00,CREDIT,1170.78,USD,6975,CP4393,BRANCH,REFF89OAR9TT5,2025-05-31 14:20:00+00:00
TXN0000002294,ACC00000277,2025-03-30 19:17:00+00:00,2025-06-29 14:40:00+00:00,DEBIT,368.92,GBP,1855,CP4116,POS,REFU1BJA9HERQ,2025-08-06 16:39:00+00:00
TXN0000002295,ACC00000709,2025-08-03 12:12:00+00:00,2025-08-18 13:13:00+00:00,CREDIT,726.89,EUR,9596,CP2765,ONLINE,REFC3YWJAO0FD,2024-10-07 09:10:00+00:00
TXN0000002296,ACC00000062,2025-11-25 17:15:00+00:00,2024-07-25 09:59:00+00:00,DEBIT,655.29,GBP,4473,CP7416,ONLINE,REF51QEEF9MKO,2026-04-22 21:43:00+00:00
TXN0000002297,ACC00000483,2024-01-04 19:54:00+00:00,2025-02-08 14:17:00+00:00,CREDIT,551.22,EUR,8175,CP9347,ATM,REFT4D49PQC3Y,2025-03-03 12:43:00+00:00
TXN0000002298,ACC00000647,2025-03-31 04:12:00+00:00,2025-10-25 13:17:00+00:00,DEBIT,388.76,GBP,5404,CP9598,POS,REF5I71SJG5X3,2026-02-14 08:49:00+00:00
TXN0000002299,ACC00000697,2025-02-08 03:03:00+00:00,2025-12-09 12:55:00+00:00,DEBIT,320.13,GBP,4642,CP2747,ONLINE,REFQBNI5HO6D6,2024-06-12 10:08:00+00:00
TXN0000002300,ACC00000512,2025-07-10 01:36:00+00:00,2025-03-18 23:02:00+00:00,DEBIT,312.59,GBP,3376,CP5038,ONLINE,REFXQQCTKODER,2024-04-28 08:57:00+00:00
TXN0000002301,ACC00000461,2024-05-24 13:05:00+00:00,2024-09-10 06:54:00+00:00,DEBIT,512.92,EUR,1825,CP9827,POS,REF9IZTTNOMLQ,2025-01-02 20:17:00+00:00
TXN0000002302,ACC00000088,2025-01-28 12:08:00+00:00,2024-05-19 15:12:00+00:00,CREDIT,1327.69,GBP,1855,CP6576,ONLINE,REFDRGDJFGPSG,2024-03-07 06:53:00+00:00
TXN0000002303,ACC00000234,2024-01-08 03:26:00+00:00,2026-04-21 18:39:00+00:00,DEBIT,201.31,EUR,7556,CP6314,POS,REF73B5FBAH2A,2025-08-06 22:17:00+00:00
TXN0000002304,ACC00000186,2024-11-26 11:57:00+00:00,2025-04-30 08:07:00+00:00,CREDIT,431.43,GBP,1072,CP8449,POS,REFY82KWNBAY2,2025-07-26 18:24:00+00:00
TXN0000002305,ACC00000424,2024-11-22 23:28:00+00:00,2024-12-09 19:09:00+00:00,CREDIT,380.66,GBP,5039,CP4084,ONLINE,REFLVKCDB42EL,2026-03-10 16:32:00+00:00
TXN0000002306,ACC00000275,2025-12-01 16:26:00+00:00,2026-03-12 01:45:00+00:00,CREDIT,608.36,GBP,1032,CP3823,ATM,REFTDEI93SBFF,2026-01-01 23:09:00+00:00
TXN0000002307,ACC00000022,2024-10-11 10:31:00+00:00,2026-02-15 18:18:00+00:00,DEBIT,47.04,USD,8448,CP4113,ONLINE,REFP1ROJ6WWDA,2025-09-25 20:18:00+00:00
TXN0000002308,ACC00000112,2025-11-12 16:25:00+00:00,2026-04-17 02:03:00+00:00,CREDIT,1707.25,GBP,8987,CP6645,ONLINE,REFVX4IQ2E4HK,2024-08-30 13:06:00+00:00
TXN0000002309,ACC00000798,2024-11-26 10:48:00+00:00,2024-03-31 00:11:00+00:00,DEBIT,231.94,GBP,4984,CP1953,ONLINE,REFACUVEOJRBL,2024-02-18 13:15:00+00:00
TXN0000002310,ACC00000156,2026-02-15 11:56:00+00:00,2025-10-05 15:27:00+00:00,CREDIT,460.12,GBP,8122,CP2152,POS,REFB81XHNGPDE,2025-04-23 21:42:00+00:00
TXN0000002311,ACC00000652,2025-05-20 11:06:00+00:00,2024-02-15 15:51:00+00:00,CREDIT,412.24,USD,7255,,ATM,REFHEYRK1VPTG,2024-11-21 21:32:00+00:00
TXN0000002312,ACC00000127,2024-06-25 08:30:00+00:00,2025-06-30 03:43:00+00:00,DEBIT,817.54,USD,8913,CP7189,ONLINE,REF6E1DBH4T67,2025-05-17 07:46:00+00:00
TXN0000002313,ACC00000173,2025-03-17 08:00:00+00:00,2025-09-02 10:07:00+00:00,DEBIT,335.58,USD,6954,CP2423,ONLINE,REFGUN7YHUFHC,2025-07-12 12:14:00+00:00
TXN0000002314,ACC00000482,2024-01-08 01:24:00+00:00,2025-02-05 09:33:00+00:00,DEBIT,268.14,GBP,9318,CP5773,POS,REFGX65VGR99V,2025-07-07 04:23:00+00:00
TXN0000002315,ACC00000119,2025-06-20 14:21:00+00:00,2024-09-25 18:56:00+00:00,DEBIT,655.98,GBP,6828,CP7945,ONLINE,REF1TK0WXJP15,2025-07-24 23:11:00+00:00
TXN0000002316,ACC00000193,2025-06-17 13:51:00+00:00,2025-04-17 15:36:00+00:00,CREDIT,754.77,USD,9500,CP9510,ONLINE,REF0831O18DWL,2025-01-25 03:47:00+00:00
TXN0000002317,ACC00000221,2025-06-27 04:18:00+00:00,2025-10-11 15:12:00+00:00,CREDIT,23.11,GBP,8237,CP1960,ATM,REFJ31R6ATAYF,2025-09-19 13:34:00+00:00
TXN0000002318,ACC00000271,2025-11-30 01:22:00+00:00,2025-06-14 06:15:00+00:00,CREDIT,931.81,GBP,8971,CP6740,POS,REF1ZDFF1UL23,2025-04-25 20:17:00+00:00
TXN0000002319,ACC00000062,2024-03-14 13:24:00+00:00,2026-05-04 00:27:00+00:00,DEBIT,399.91,USD,2533,CP1805,ONLINE,REFX58YNIK2GZ,2025-06-13 18:56:00+00:00
TXN0000002320,ACC00000205,2024-12-27 08:20:00+00:00,2024-03-30 08:16:00+00:00,CREDIT,639.47,GBP,6196,CP7293,ONLINE,REFPZACVU2985,2025-05-13 11:42:00+00:00
TXN0000002321,ACC00000030,2024-04-19 04:11:00+00:00,2024-08-08 10:28:00+00:00,CREDIT,1193.68,USD,8664,CP5207,ONLINE,REFBOWXFQA5RG,2025-03-27 23:58:00+00:00
TXN0000002322,ACC00000597,2024-09-19 09:16:00+00:00,2025-11-02 11:17:00+00:00,DEBIT,621.96,GBP,4839,CP3881,POS,REFU7O6KG74KM,2026-05-01 07:07:00+00:00
TXN0000002323,ACC00000585,2024-03-11 16:37:00+00:00,2025-12-23 15:33:00+00:00,DEBIT,277.36,GBP,4707,CP4507,POS,REFVXOR5NZTO4,2024-05-13 06:12:00+00:00
TXN0000002324,ACC00000105,2025-09-18 15:59:00+00:00,2025-08-27 06:54:00+00:00,DEBIT,132.81,USD,4811,CP6560,ONLINE,REFH9VYH2G68N,2025-07-21 08:50:00+00:00
TXN0000002325,ACC00000429,2024-10-30 00:09:00+00:00,2024-12-15 00:51:00+00:00,CREDIT,174.31,GBP,6445,CP7845,ATM,REFBVZRI84TF4,2025-11-28 23:15:00+00:00
TXN0000002326,ACC00000753,2026-03-31 06:12:00+00:00,2024-12-18 21:48:00+00:00,DEBIT,871.14,GBP,4643,,POS,REFX6LMBRXG4Z,2025-05-23 15:18:00+00:00
TXN0000002327,ACC00000035,2025-06-25 13:58:00+00:00,2026-02-25 20:43:00+00:00,CREDIT,196.0,GBP,9217,CP9536,ONLINE,REFSBXEL0LKVT,2025-08-01 09:38:00+00:00
TXN0000002328,ACC00000294,2025-07-01 13:01:00+00:00,2024-07-06 13:02:00+00:00,CREDIT,377.32,USD,4471,CP6765,ONLINE,REF5VYMGFK9XC,2024-02-02 12:33:00+00:00
TXN0000002329,ACC00000018,2025-06-08 07:53:00+00:00,2024-07-09 14:01:00+00:00,CREDIT,2111.33,USD,9172,CP6934,BRANCH,REFKFJ9MPJ0RQ,2025-12-03 09:38:00+00:00
TXN0000002330,ACC00000634,2024-11-21 15:55:00+00:00,2026-01-13 12:55:00+00:00,DEBIT,1162.89,EUR,1610,,ATM,REFBTAN8SJTMF,2026-03-29 05:48:00+00:00
TXN0000002331,ACC00000191,2024-02-12 23:04:00+00:00,2025-06-24 15:21:00+00:00,CREDIT,1484.69,USD,4020,CP5730,ONLINE,REFMHLVSYF5TV,2026-04-24 02:54:00+00:00
TXN0000002332,ACC00000749,2025-04-08 00:15:00+00:00,2025-03-19 15:03:00+00:00,CREDIT,468.95,USD,5041,CP1304,ONLINE,REFHOOOB4QL08,2024-01-29 02:41:00+00:00
TXN0000002333,ACC00000343,2025-02-22 06:02:00+00:00,2025-05-07 02:40:00+00:00,DEBIT,2151.28,GBP,9751,CP5445,ONLINE,REFWTM7VMQ0O5,2025-01-17 19:30:00+00:00
TXN0000002334,ACC00000774,2025-09-29 09:51:00+00:00,2025-12-17 17:43:00+00:00,DEBIT,283.32,GBP,5768,CP5714,ONLINE,REF99L8G15249,2025-02-28 07:39:00+00:00
TXN0000002335,ACC00000596,2024-10-01 04:58:00+00:00,2024-05-02 05:38:00+00:00,DEBIT,219.45,EUR,1917,CP7470,ONLINE,REFV8AFNO2ROK,2024-08-27 06:30:00+00:00
TXN0000002336,ACC00000416,2024-08-05 16:41:00+00:00,2024-07-05 07:56:00+00:00,CREDIT,185.64,USD,6349,CP2086,POS,REFSL4BHHHNXS,2024-06-27 17:53:00+00:00
TXN0000002337,ACC00000077,2025-02-25 01:11:00+00:00,2026-01-06 12:59:00+00:00,DEBIT,1347.08,GBP,8156,CP9122,ATM,REFGOT73AWSM4,2025-01-09 07:23:00+00:00
TXN0000002338,ACC00000598,2024-02-16 22:21:00+00:00,2024-04-07 06:36:00+00:00,CREDIT,330.27,USD,5742,CP8202,ONLINE,REFFV9BRO7FTX,2025-05-21 13:59:00+00:00
TXN0000002339,ACC00000342,2026-01-18 01:34:00+00:00,2024-04-22 04:12:00+00:00,DEBIT,194.18,GBP,8512,CP8228,ONLINE,REF0RNPKSB64S,2026-04-15 17:33:00+00:00
TXN0000002340,ACC00000678,2025-09-18 23:34:00+00:00,2025-05-18 14:16:00+00:00,DEBIT,155.99,GBP,7222,CP3129,ONLINE,REFUL4GUDIC4T,2024-07-07 10:58:00+00:00
TXN0000002341,ACC00000752,2024-08-16 00:38:00+00:00,2025-01-07 19:41:00+00:00,CREDIT,745.0,GBP,2716,CP4499,ONLINE,REFRBARG532W7,2024-12-21 17:29:00+00:00
TXN0000002342,ACC00000756,2026-03-06 08:47:00+00:00,2025-08-25 16:19:00+00:00,DEBIT,242.26,USD,3765,CP1194,ONLINE,REFMT9U6YJQMS,2025-08-08 19:03:00+00:00
TXN0000002343,ACC00000700,2024-03-11 06:17:00+00:00,2025-11-19 03:44:00+00:00,CREDIT,961.18,GBP,8591,CP9310,ONLINE,REFU1DVESFT6M,2026-04-18 11:29:00+00:00
TXN0000002344,ACC00000045,2025-11-15 18:00:00+00:00,2026-01-24 06:58:00+00:00,CREDIT,1346.04,GBP,9593,CP8805,BRANCH,REF48GRJY3BZB,2025-05-09 19:14:00+00:00
TXN0000002345,ACC00000708,2025-08-20 13:40:00+00:00,2024-09-11 15:26:00+00:00,CREDIT,634.0,GBP,2962,CP4834,ONLINE,REFQ1I3BW2NU0,2024-02-03 21:30:00+00:00
TXN0000002346,ACC00000290,2024-03-08 19:30:00+00:00,2025-05-27 14:00:00+00:00,DEBIT,1426.86,GBP,3513,CP1774,ONLINE,REF78QDFQU6BW,2025-02-15 23:02:00+00:00
TXN0000002347,ACC00000319,2025-09-02 15:55:00+00:00,2024-12-08 22:32:00+00:00,CREDIT,583.02,GBP,1719,CP6819,POS,REFQ9AX2REPPQ,2025-11-05 04:36:00+00:00
TXN0000002348,ACC00000486,2026-04-20 18:56:00+00:00,2026-03-08 00:31:00+00:00,DEBIT,2104.26,GBP,8559,CP1574,ATM,REF4BGSQ6F0XO,2024-11-26 19:52:00+00:00
TXN0000002349,ACC00000655,2025-05-13 04:53:00+00:00,2025-08-15 02:48:00+00:00,CREDIT,1250.18,EUR,7566,CP5505,ONLINE,REF8LZB2XVF14,2024-05-29 20:29:00+00:00
TXN0000002350,ACC00000611,2024-10-06 10:09:00+00:00,2024-02-15 20:51:00+00:00,DEBIT,1114.24,USD,3535,CP5108,POS,REFBIW4NTHLKQ,2024-12-16 00:55:00+00:00
TXN0000002351,ACC00000310,2025-07-22 08:07:00+00:00,2026-02-10 12:54:00+00:00,DEBIT,226.43,GBP,5585,CP5873,ATM,REF3ELDV59V39,2024-05-26 00:47:00+00:00
TXN0000002352,ACC00000548,2024-08-02 11:24:00+00:00,2025-10-18 11:07:00+00:00,CREDIT,188.27,GBP,9863,CP8479,ATM,REF2NDFFS57ZP,2024-04-12 23:51:00+00:00
TXN0000002353,ACC00000059,2025-09-16 08:33:00+00:00,2024-01-31 13:17:00+00:00,CREDIT,835.53,GBP,1589,,POS,REFDRD8AV9KRD,2025-03-20 02:44:00+00:00
TXN0000002354,ACC00000753,2024-01-14 09:20:00+00:00,2024-02-11 15:02:00+00:00,DEBIT,312.09,USD,6786,CP1486,POS,REFIDIURF17KV,2024-02-11 12:37:00+00:00
TXN0000002355,ACC00000171,2024-02-13 14:13:00+00:00,2025-04-10 16:13:00+00:00,DEBIT,385.32,USD,3593,CP4268,POS,REFG2N67ZCTWP,2026-04-10 01:43:00+00:00
TXN0000002356,ACC00000763,2024-12-28 12:48:00+00:00,2026-02-18 17:43:00+00:00,DEBIT,856.5,USD,3619,CP5767,ONLINE,REFLUDOKXKQPT,2025-05-02 02:21:00+00:00
TXN0000002357,ACC00000615,2025-12-08 15:19:00+00:00,2025-10-22 09:28:00+00:00,DEBIT,1211.32,GBP,5295,CP4724,POS,REFIP87J73PDP,2025-08-22 10:19:00+00:00
TXN0000002358,ACC00000204,2025-06-05 00:36:00+00:00,2025-06-27 23:17:00+00:00,DEBIT,450.99,GBP,3176,CP8699,ONLINE,REFBJ2HU64NUN,2025-12-01 02:10:00+00:00
TXN0000002359,ACC00000273,2024-11-25 15:40:00+00:00,2025-06-08 06:51:00+00:00,DEBIT,388.77,GBP,8447,CP8976,POS,REF1YIZJDILXP,2025-07-16 19:23:00+00:00
TXN0000002360,ACC00000042,2025-10-16 07:36:00+00:00,2024-01-11 07:16:00+00:00,CREDIT,25.52,EUR,6369,CP7920,POS,REF8QN9V4Z8CK,2025-03-04 13:28:00+00:00
TXN0000002361,ACC00000344,2024-09-14 21:01:00+00:00,2025-06-13 11:29:00+00:00,DEBIT,959.12,USD,7990,CP2582,ONLINE,REF4PMFORV04P,2025-02-22 15:09:00+00:00
TXN0000002362,ACC00000441,2024-12-10 18:53:00+00:00,2024-08-06 13:59:00+00:00,DEBIT,640.58,EUR,2897,CP9299,ONLINE,REF46JITGJZNL,2025-12-13 22:44:00+00:00
TXN0000002363,ACC00000349,2025-10-05 17:02:00+00:00,2024-12-02 21:18:00+00:00,DEBIT,1749.52,GBP,8370,CP5216,POS,REF324ZXC8HWH,2024-02-09 05:11:00+00:00
TXN0000002364,ACC00000088,2024-05-23 21:27:00+00:00,2025-12-07 21:00:00+00:00,DEBIT,956.92,USD,5021,,POS,REFF5LOT04HDO,2025-03-15 11:50:00+00:00
TXN0000002365,ACC00000502,2024-01-02 05:45:00+00:00,2024-10-25 08:39:00+00:00,DEBIT,329.9,GBP,8317,CP3035,POS,REFRGP6Q2S6OZ,2025-09-17 19:26:00+00:00
TXN0000002366,ACC00000389,2025-09-23 08:17:00+00:00,2024-05-12 15:11:00+00:00,DEBIT,1180.67,GBP,3477,CP1796,ONLINE,REFZND6Z80GVF,2025-04-01 20:02:00+00:00
TXN0000002367,ACC00000611,2024-05-30 20:55:00+00:00,2025-06-10 01:39:00+00:00,DEBIT,1285.16,GBP,1890,CP9531,ONLINE,REF128ZRR9FY5,2024-04-26 12:44:00+00:00
TXN0000002368,ACC00000516,2026-04-08 01:51:00+00:00,2024-01-11 06:07:00+00:00,CREDIT,500.65,GBP,2292,CP3493,ONLINE,REFFF4445QYPE,2026-01-11 04:44:00+00:00
TXN0000002369,ACC00000115,2024-08-26 02:22:00+00:00,2025-04-07 17:55:00+00:00,DEBIT,753.78,EUR,8797,CP3772,POS,REF31ULQKJNVD,2024-10-09 06:30:00+00:00
TXN0000002370,ACC00000169,2025-06-27 19:48:00+00:00,2026-04-18 16:15:00+00:00,CREDIT,2038.81,GBP,1372,CP2372,POS,REFWDV5AXI7C6,2025-12-06 13:59:00+00:00
TXN0000002371,ACC00000420,2024-05-23 10:33:00+00:00,2026-03-21 21:50:00+00:00,DEBIT,834.52,USD,2042,,ATM,REFK7BAWT4XBU,2024-02-13 10:02:00+00:00
TXN0000002372,ACC00000212,2024-10-14 19:53:00+00:00,2025-02-03 08:15:00+00:00,DEBIT,330.22,EUR,2840,CP9522,ONLINE,REFPD21FQXBGD,2024-05-16 21:18:00+00:00
TXN0000002373,ACC00000600,2024-01-18 14:12:00+00:00,2026-01-27 02:27:00+00:00,CREDIT,596.79,GBP,8310,CP6512,ATM,REFPM1HWCOJA3,2024-10-15 13:39:00+00:00
TXN0000002374,ACC00000033,2024-11-15 04:02:00+00:00,2025-05-19 23:33:00+00:00,CREDIT,213.36,GBP,6262,CP9426,BRANCH,REF52EPRTUTXL,2024-08-03 07:27:00+00:00
TXN0000002375,ACC00000194,2024-08-20 03:36:00+00:00,2024-11-29 23:39:00+00:00,CREDIT,1051.84,GBP,6408,CP5609,ONLINE,REF3BV57PK5DO,2025-02-08 17:52:00+00:00
TXN0000002376,ACC00000718,2026-01-31 14:42:00+00:00,2025-05-29 08:16:00+00:00,DEBIT,151.74,USD,6454,CP1524,POS,REFAR7NRI8MN6,2025-05-09 19:17:00+00:00
TXN0000002377,ACC00000004,2025-04-15 15:18:00+00:00,2024-09-30 01:35:00+00:00,DEBIT,1546.65,USD,7413,CP5757,ONLINE,REFDKGL30VXCU,2026-04-20 11:44:00+00:00
TXN0000002378,ACC00000423,2025-06-29 13:29:00+00:00,2025-07-29 21:36:00+00:00,DEBIT,1554.05,GBP,8449,CP2436,POS,REFALH3KCJKDT,2025-04-26 10:19:00+00:00
TXN0000002379,ACC00000358,2025-01-06 19:23:00+00:00,2024-11-19 23:37:00+00:00,DEBIT,782.81,GBP,8530,,ONLINE,REF2Q8IC1Z7B2,2024-09-02 13:02:00+00:00
TXN0000002380,ACC00000156,2024-04-26 21:19:00+00:00,2024-08-08 00:12:00+00:00,DEBIT,1392.51,USD,5821,CP9367,ONLINE,REFLPSXVH0429,2024-11-12 01:27:00+00:00
TXN0000002381,ACC00000239,2024-03-09 16:57:00+00:00,2024-07-09 20:02:00+00:00,DEBIT,1010.94,GBP,8862,CP3698,BRANCH,REF4VAHA3VWRV,2024-07-21 15:08:00+00:00
TXN0000002382,ACC00000382,2025-03-11 23:17:00+00:00,2025-04-17 20:56:00+00:00,CREDIT,682.9,USD,5059,CP5971,POS,REF5NIXUX8FFV,2024-12-17 09:49:00+00:00
TXN0000002383,ACC00000534,2025-12-04 16:46:00+00:00,2025-01-15 13:00:00+00:00,CREDIT,606.36,EUR,7035,,POS,REFPVOZI194SS,2024-04-08 22:05:00+00:00
TXN0000002384,ACC00000441,2024-06-11 06:00:00+00:00,2025-12-31 10:09:00+00:00,CREDIT,749.7,GBP,2833,CP9941,ONLINE,REFAEOH9IL38X,2024-06-26 10:42:00+00:00
TXN0000002385,ACC00000715,2025-05-27 16:48:00+00:00,2025-03-09 19:39:00+00:00,DEBIT,906.28,GBP,1706,,ONLINE,REFO9UKE2LFXL,2024-12-27 06:24:00+00:00
TXN0000002386,ACC00000110,2026-01-11 04:53:00+00:00,2026-03-10 01:07:00+00:00,DEBIT,387.0,GBP,7858,CP8206,POS,REFYV23S7MYHY,2024-04-03 04:14:00+00:00
TXN0000002387,ACC00000037,2025-09-12 10:50:00+00:00,2026-01-31 11:10:00+00:00,DEBIT,490.31,EUR,8426,CP2770,ONLINE,REF6OWRUJTJMY,2024-04-19 16:10:00+00:00
TXN0000002388,ACC00000187,2025-10-18 16:55:00+00:00,2024-07-30 20:02:00+00:00,DEBIT,258.89,USD,5975,CP2221,ONLINE,REFUVOB8XG0F3,2025-01-31 22:15:00+00:00
TXN0000002389,ACC00000300,2025-02-09 22:32:00+00:00,2024-05-13 19:38:00+00:00,DEBIT,518.66,USD,5867,CP3069,ONLINE,REFU6UAQDES4K,2025-03-10 13:34:00+00:00
TXN0000002390,ACC00000580,2026-04-05 08:06:00+00:00,2025-11-05 19:25:00+00:00,DEBIT,1452.51,USD,5266,CP6829,ATM,REFJUN96SMSX0,2024-07-18 11:10:00+00:00
TXN0000002391,ACC00000043,2025-08-07 13:10:00+00:00,2025-01-25 06:14:00+00:00,CREDIT,978.53,GBP,9324,CP2691,ONLINE,REFJ8WLGW3FVD,2025-11-16 17:15:00+00:00
TXN0000002392,ACC00000534,2024-09-07 20:49:00+00:00,2024-01-22 19:52:00+00:00,DEBIT,131.86,GBP,1695,CP2802,POS,REFW3G1AB17ZI,2025-10-12 23:26:00+00:00
TXN0000002393,ACC00000362,2024-08-13 05:57:00+00:00,2024-06-18 07:22:00+00:00,DEBIT,809.75,USD,9043,CP9613,POS,REFAFSYM1WX0S,2024-01-25 15:34:00+00:00
TXN0000002394,ACC00000556,2025-03-15 00:47:00+00:00,2025-02-13 11:16:00+00:00,CREDIT,59.96,GBP,3039,CP9820,ONLINE,REF9EW04M4UQ3,2024-10-29 07:52:00+00:00
TXN0000002395,ACC00000485,2025-10-20 11:46:00+00:00,2024-01-04 07:01:00+00:00,DEBIT,817.62,USD,7530,CP3297,ONLINE,REF9OSMO8ID0Y,2024-08-13 09:54:00+00:00
TXN0000002396,ACC00000038,2025-07-15 12:45:00+00:00,2025-03-26 19:41:00+00:00,CREDIT,1664.68,EUR,8998,CP4586,ATM,REFIMMPK3WR2X,2026-03-07 09:35:00+00:00
TXN0000002397,ACC00000295,2025-09-29 08:10:00+00:00,2025-08-30 03:51:00+00:00,CREDIT,1658.41,USD,9055,CP5311,POS,REFTH7T6ICIEJ,2025-07-14 02:23:00+00:00
TXN0000002398,ACC00000452,2025-04-15 13:53:00+00:00,2024-12-27 08:51:00+00:00,DEBIT,514.99,GBP,9509,CP7080,ATM,REF2W6I0Q2PJY,2025-02-02 17:42:00+00:00
TXN0000002399,ACC00000567,2025-05-07 09:59:00+00:00,2026-03-24 01:51:00+00:00,DEBIT,1797.54,GBP,9441,CP2710,BRANCH,REFXSVB8AYB4F,2025-05-25 22:50:00+00:00
TXN0000002400,ACC00000643,2025-06-12 06:06:00+00:00,2024-07-03 21:29:00+00:00,DEBIT,222.23,GBP,1857,CP9661,POS,REFG85UW12E31,2026-04-12 21:51:00+00:00
TXN0000002401,ACC00000229,2025-03-30 06:44:00+00:00,2024-08-01 05:01:00+00:00,DEBIT,1037.07,USD,4850,CP9804,ONLINE,REF0LNPL3G5MW,2026-01-02 00:22:00+00:00
TXN0000002402,ACC00000146,2024-01-03 12:25:00+00:00,2024-04-30 04:55:00+00:00,CREDIT,399.29,USD,1297,CP6199,ONLINE,REFKN436LXD6T,2025-06-19 12:20:00+00:00
TXN0000002403,ACC00000013,2024-07-05 18:13:00+00:00,2025-10-05 19:22:00+00:00,DEBIT,371.71,USD,3714,CP8741,BRANCH,REFKJ6KZ0Z9DG,2024-09-14 14:47:00+00:00
TXN0000002404,ACC00000797,2025-11-03 20:58:00+00:00,2024-08-08 02:35:00+00:00,DEBIT,295.81,GBP,5691,CP8645,BRANCH,REFLOGS5MHB5O,2025-11-27 03:07:00+00:00
TXN0000002405,ACC00000794,2025-11-28 02:23:00+00:00,2024-11-30 00:01:00+00:00,CREDIT,1227.23,GBP,3220,CP8550,POS,REFHTA5O4RTIB,2025-11-09 14:46:00+00:00
TXN0000002406,ACC00000467,2024-04-04 16:59:00+00:00,2024-10-26 04:12:00+00:00,CREDIT,863.87,GBP,4589,CP8326,POS,REFSZT0CYWDHK,2025-02-04 19:31:00+00:00
TXN0000002407,ACC00000133,2026-03-28 02:29:00+00:00,2024-03-21 21:34:00+00:00,DEBIT,1121.95,USD,1031,CP5327,POS,REFBG8MBO4U7R,2024-08-16 15:04:00+00:00
TXN0000002408,ACC00000605,2025-07-07 16:09:00+00:00,2024-05-23 22:02:00+00:00,CREDIT,1805.24,EUR,1159,CP8459,POS,REFFHWX0IOUIS,2024-08-03 01:18:00+00:00
TXN0000002409,ACC00000565,2024-10-28 04:56:00+00:00,2026-02-15 22:54:00+00:00,CREDIT,18.55,GBP,4512,CP4311,ONLINE,REFUDPCNX3D0G,2026-03-24 19:57:00+00:00
TXN0000002410,ACC00000500,2025-01-25 11:52:00+00:00,2025-01-28 16:08:00+00:00,CREDIT,302.19,EUR,4675,CP9846,ONLINE,REFLZGF0YFLQ6,2026-05-02 21:40:00+00:00
TXN0000002411,ACC00000501,2024-12-14 18:19:00+00:00,2026-04-07 01:19:00+00:00,DEBIT,770.34,GBP,5958,,ONLINE,REFKMPITNCZFP,2024-12-27 03:03:00+00:00
TXN0000002412,ACC00000614,2025-02-28 19:35:00+00:00,2025-06-25 03:50:00+00:00,DEBIT,164.08,GBP,2976,,ONLINE,REFT44V4ZEIDJ,2024-10-25 04:56:00+00:00
TXN0000002413,ACC00000459,2025-08-30 00:59:00+00:00,2025-12-10 01:36:00+00:00,DEBIT,1559.0,GBP,9739,CP7946,ONLINE,REFKEB75PWAH4,2024-01-28 16:56:00+00:00
TXN0000002414,ACC00000301,2025-03-06 04:15:00+00:00,2024-08-31 01:58:00+00:00,DEBIT,1216.18,USD,8861,CP2689,ATM,REFO0J7ZTBLI6,2025-09-13 12:08:00+00:00
TXN0000002415,ACC00000625,2024-05-16 14:46:00+00:00,2024-12-20 09:33:00+00:00,CREDIT,950.19,GBP,2972,CP2760,ONLINE,REFIAH6YYCZQP,2025-09-04 05:35:00+00:00
TXN0000002416,ACC00000238,2024-05-27 07:41:00+00:00,2024-10-21 22:28:00+00:00,DEBIT,54.61,USD,6245,CP5429,POS,REF80KUDS051U,2025-04-14 20:48:00+00:00
TXN0000002417,ACC00000443,2025-04-30 03:28:00+00:00,2024-08-10 16:22:00+00:00,CREDIT,323.39,GBP,6127,CP3616,POS,REF1KTK95LOF1,2024-01-12 17:44:00+00:00
TXN0000002418,ACC00000484,2025-10-01 16:37:00+00:00,2025-03-30 15:38:00+00:00,DEBIT,493.13,USD,1299,CP8191,ONLINE,REFSLYAPLAFFM,2024-04-23 21:32:00+00:00
TXN0000002419,ACC00000481,2024-01-28 04:56:00+00:00,2025-04-02 06:37:00+00:00,DEBIT,1984.72,GBP,4210,CP8401,POS,REFMQ23AMWQDT,2026-04-02 11:32:00+00:00
TXN0000002420,ACC00000584,2024-06-24 07:30:00+00:00,2026-04-10 16:47:00+00:00,CREDIT,12.42,GBP,4180,CP1331,POS,REF0EXEHK7G9Z,2025-12-25 06:22:00+00:00
TXN0000002421,ACC00000543,2025-11-26 18:03:00+00:00,2024-06-02 08:53:00+00:00,CREDIT,849.73,USD,1897,CP2687,POS,REFMYHRXRY262,2024-04-14 22:48:00+00:00
TXN0000002422,ACC00000785,2024-02-06 22:52:00+00:00,2026-01-03 10:40:00+00:00,DEBIT,738.71,GBP,4765,CP6508,ONLINE,REF5K6P80V0AH,2024-09-02 19:30:00+00:00
TXN0000002423,ACC00000365,2026-03-26 13:20:00+00:00,2025-11-27 10:15:00+00:00,CREDIT,751.66,USD,9348,CP9855,POS,REFEN6C34Z2QE,2024-10-28 03:45:00+00:00
TXN0000002424,ACC00000712,2026-04-23 08:55:00+00:00,2025-06-22 03:23:00+00:00,CREDIT,1242.49,GBP,1160,CP7777,POS,REFEF5TKKK5N4,2024-12-22 03:30:00+00:00
TXN0000002425,ACC00000237,2026-03-29 22:34:00+00:00,2024-03-27 17:10:00+00:00,CREDIT,261.5,GBP,4119,,POS,REF2B7RVZ42MG,2025-05-12 20:44:00+00:00
TXN0000002426,ACC00000429,2025-10-04 20:28:00+00:00,2025-05-12 04:55:00+00:00,DEBIT,489.0,USD,7048,CP4189,ATM,REFKRO3I3GFRS,2025-07-08 04:28:00+00:00
TXN0000002427,ACC00000293,2024-02-26 21:56:00+00:00,2025-11-25 06:48:00+00:00,CREDIT,323.66,USD,5415,CP7027,ONLINE,REFVJSWHHO77S,2026-02-19 21:39:00+00:00
TXN0000002428,ACC00000308,2025-07-19 08:51:00+00:00,2025-06-11 04:27:00+00:00,DEBIT,911.71,USD,4371,CP1535,POS,REFUBA38B7U3O,2025-08-08 22:51:00+00:00
TXN0000002429,ACC00000762,2025-04-22 14:37:00+00:00,2024-10-08 04:37:00+00:00,CREDIT,211.16,GBP,2727,CP3090,ONLINE,REFXDXLGH9ZCO,2025-10-15 20:51:00+00:00
TXN0000002430,ACC00000199,2024-11-26 22:16:00+00:00,2024-12-29 03:32:00+00:00,CREDIT,1203.68,USD,5084,CP8498,POS,REFYW7VXKA220,2025-12-14 15:08:00+00:00
TXN0000002431,ACC00000265,2024-03-13 20:50:00+00:00,2024-12-17 05:55:00+00:00,DEBIT,366.34,USD,8225,CP6558,BRANCH,REFZMMY7CJMC2,2025-10-21 06:33:00+00:00
TXN0000002432,ACC00000083,2025-03-31 13:31:00+00:00,2025-01-06 11:41:00+00:00,DEBIT,1230.93,GBP,4605,CP9208,ONLINE,REFXXH1BE2AYP,2026-01-25 04:06:00+00:00
TXN0000002433,ACC00000018,2024-11-17 10:12:00+00:00,2025-04-23 21:26:00+00:00,DEBIT,510.88,GBP,2791,CP1255,ATM,REFRXPNBKL471,2025-09-18 16:40:00+00:00
TXN0000002434,ACC00000401,2025-08-30 16:04:00+00:00,2026-03-03 16:50:00+00:00,CREDIT,986.18,GBP,3474,CP2111,ONLINE,REFG31GV7MZIS,2026-01-16 07:51:00+00:00
TXN0000002435,ACC00000248,2026-04-18 17:34:00+00:00,2025-06-22 21:46:00+00:00,DEBIT,1220.06,GBP,7048,CP8967,ONLINE,REF7GV8D2ZWE4,2025-05-16 12:58:00+00:00
TXN0000002436,ACC00000496,2025-10-01 21:02:00+00:00,2024-03-22 10:57:00+00:00,DEBIT,462.38,GBP,1472,CP9516,ATM,REFFIYJA0OPS1,2025-07-31 22:19:00+00:00
TXN0000002437,ACC00000780,2025-04-08 23:13:00+00:00,2024-12-12 18:02:00+00:00,CREDIT,240.49,GBP,5432,CP8522,POS,REFPXIC8D2MLB,2025-01-19 23:14:00+00:00
TXN0000002438,ACC00000156,2025-04-18 16:04:00+00:00,2024-09-06 01:59:00+00:00,CREDIT,117.43,EUR,9435,CP1074,ONLINE,REFT1DZYTS0MY,2024-07-11 11:54:00+00:00
TXN0000002439,ACC00000141,2024-12-27 18:04:00+00:00,2025-06-09 03:36:00+00:00,CREDIT,605.49,GBP,9936,,BRANCH,REFE5PZGB5W0Q,2024-06-06 10:17:00+00:00
TXN0000002440,ACC00000153,2024-11-24 15:38:00+00:00,2025-03-09 23:46:00+00:00,DEBIT,687.56,GBP,2774,CP7844,POS,REF6Q67603SNF,2024-10-06 06:03:00+00:00
TXN0000002441,ACC00000148,2024-02-29 17:37:00+00:00,2026-04-30 19:21:00+00:00,DEBIT,43.53,USD,9865,CP7396,BRANCH,REF5UOBTUPPN4,2025-08-12 05:54:00+00:00
TXN0000002442,ACC00000625,2024-11-05 11:32:00+00:00,2024-11-06 08:47:00+00:00,DEBIT,1663.47,GBP,9169,CP4352,ONLINE,REF41DJ8VFMKM,2025-03-23 16:17:00+00:00
TXN0000002443,ACC00000656,2025-09-15 22:40:00+00:00,2025-05-28 14:24:00+00:00,DEBIT,435.58,GBP,6979,CP4068,ONLINE,REFU5UWFPREZI,2025-04-29 07:43:00+00:00
TXN0000002444,ACC00000236,2025-02-03 05:25:00+00:00,2024-04-15 21:51:00+00:00,DEBIT,1628.12,EUR,8577,CP9806,BRANCH,REFB2TV9QPIXQ,2024-02-29 15:19:00+00:00
TXN0000002445,ACC00000114,2026-04-26 17:13:00+00:00,2024-12-12 00:52:00+00:00,CREDIT,609.56,USD,4740,CP4189,ATM,REFVLE1NT2RZC,2025-10-13 21:52:00+00:00
TXN0000002446,ACC00000776,2025-06-01 08:35:00+00:00,2025-12-26 09:32:00+00:00,DEBIT,1854.76,GBP,3263,CP1525,POS,REFHCI1UOJWHP,2025-06-06 06:10:00+00:00
TXN0000002447,ACC00000324,2025-06-08 14:26:00+00:00,2025-07-21 09:37:00+00:00,DEBIT,2110.41,USD,3906,CP9092,POS,REF5S1ZWCU1AH,2024-10-10 19:30:00+00:00
TXN0000002448,ACC00000448,2024-07-29 16:01:00+00:00,2026-01-27 03:56:00+00:00,DEBIT,751.27,GBP,3181,CP1680,POS,REFCYB9912M7B,2025-09-25 07:56:00+00:00
TXN0000002449,ACC00000751,2024-06-08 00:43:00+00:00,2025-12-31 10:47:00+00:00,DEBIT,1601.1,GBP,8880,CP8977,ONLINE,REFR25E34PXJS,2026-04-21 05:31:00+00:00
TXN0000002450,ACC00000327,2025-05-05 12:05:00+00:00,2024-02-01 16:36:00+00:00,DEBIT,454.4,USD,9604,CP9741,POS,REF92JVZ282TB,2025-12-28 06:44:00+00:00
TXN0000002451,ACC00000560,2024-06-03 07:37:00+00:00,2024-05-19 20:16:00+00:00,DEBIT,1262.9,GBP,1638,CP3997,ONLINE,REFK1Y1O1T5WN,2025-06-06 21:38:00+00:00
TXN0000002452,ACC00000793,2025-02-12 21:06:00+00:00,2024-10-22 13:45:00+00:00,DEBIT,520.46,GBP,3347,CP9189,ATM,REFY51J6W59VR,2025-05-08 01:09:00+00:00
TXN0000002453,ACC00000379,2024-07-03 03:59:00+00:00,2024-10-24 01:15:00+00:00,DEBIT,569.0,GBP,9551,CP9381,POS,REFM1YI3QC7PW,2024-07-26 11:24:00+00:00
TXN0000002454,ACC00000319,2025-10-08 21:38:00+00:00,2024-12-06 00:28:00+00:00,CREDIT,290.32,GBP,4854,CP4986,ONLINE,REF3R3AYQVK2L,2024-11-17 18:52:00+00:00
TXN0000002455,ACC00000095,2024-01-29 20:54:00+00:00,2025-02-26 19:59:00+00:00,DEBIT,1024.74,USD,9839,CP1215,ONLINE,REFN9CO6DTDNE,2025-09-13 07:28:00+00:00
TXN0000002456,ACC00000612,2024-12-07 23:05:00+00:00,2025-01-04 11:50:00+00:00,CREDIT,758.51,GBP,7489,CP4100,ONLINE,REFGZAZ3H62T3,2024-12-18 18:23:00+00:00
TXN0000002457,ACC00000778,2025-07-14 17:06:00+00:00,2024-12-26 19:44:00+00:00,CREDIT,821.2,GBP,4451,CP3134,ONLINE,REF18U3FLDP44,2025-11-20 02:36:00+00:00
TXN0000002458,ACC00000025,2024-06-07 18:41:00+00:00,2026-03-30 06:23:00+00:00,DEBIT,1044.14,EUR,2542,CP9308,ATM,REFU73XVAXD9N,2024-05-18 08:48:00+00:00
TXN0000002459,ACC00000354,2026-03-19 17:33:00+00:00,2024-12-06 16:32:00+00:00,DEBIT,284.29,GBP,1638,CP2339,BRANCH,REF55KWF26CHJ,2024-09-13 11:56:00+00:00
TXN0000002460,ACC00000600,2025-10-21 12:54:00+00:00,2024-03-20 01:32:00+00:00,DEBIT,491.08,GBP,7873,CP3455,ONLINE,REFPWVTQQ6U7Q,2024-11-20 13:48:00+00:00
TXN0000002461,ACC00000248,2025-11-02 03:32:00+00:00,2026-02-13 22:08:00+00:00,DEBIT,222.92,GBP,3924,CP7201,ONLINE,REFMOHNBG4HYK,2024-04-16 07:08:00+00:00
TXN0000002462,ACC00000755,2026-02-24 04:52:00+00:00,2025-11-10 04:28:00+00:00,DEBIT,1231.62,EUR,1511,CP7475,ONLINE,REFKF1D0D5BVA,2026-04-12 17:22:00+00:00
TXN0000002463,ACC00000580,2026-04-07 00:41:00+00:00,2025-03-25 10:19:00+00:00,DEBIT,2552.12,GBP,5529,CP5132,ONLINE,REFANWP2XUYYX,2026-01-20 09:06:00+00:00
TXN0000002464,ACC00000416,2026-04-27 15:00:00+00:00,2025-04-02 14:40:00+00:00,CREDIT,940.75,GBP,8026,CP7736,ATM,REF1EV61SEX98,2024-07-21 18:42:00+00:00
TXN0000002465,ACC00000177,2025-02-15 12:45:00+00:00,2025-05-23 15:17:00+00:00,DEBIT,610.85,GBP,8536,CP4166,POS,REFIRPGABH7RR,2026-05-06 22:33:00+00:00
TXN0000002466,ACC00000537,2026-02-17 19:02:00+00:00,2025-01-16 18:55:00+00:00,CREDIT,1213.37,GBP,7795,CP3917,POS,REFZOSP5R7NHQ,2024-10-17 20:06:00+00:00
TXN0000002467,ACC00000482,2024-05-01 01:29:00+00:00,2024-07-03 11:18:00+00:00,CREDIT,1271.39,GBP,4219,CP6389,ONLINE,REFI4Q25486F0,2025-02-20 01:46:00+00:00
TXN0000002468,ACC00000290,2025-08-23 04:14:00+00:00,2025-12-26 03:08:00+00:00,CREDIT,249.48,GBP,1660,,BRANCH,REFBSCWWAUM06,2026-03-29 22:26:00+00:00
TXN0000002469,ACC00000196,2025-05-07 04:37:00+00:00,2024-08-10 16:28:00+00:00,CREDIT,566.63,USD,4646,CP7257,ONLINE,REFTS7L7NG70I,2024-06-09 01:41:00+00:00
TXN0000002470,ACC00000761,2025-07-22 04:24:00+00:00,2024-05-31 09:47:00+00:00,DEBIT,438.82,USD,9893,CP9558,ONLINE,REFYU5CORSS65,2024-04-09 05:29:00+00:00
TXN0000002471,ACC00000111,2025-07-20 19:57:00+00:00,2025-08-23 07:30:00+00:00,CREDIT,1764.74,GBP,2041,CP5717,ONLINE,REFSE5L72YNOE,2025-01-08 01:20:00+00:00
TXN0000002472,ACC00000718,2024-08-24 07:17:00+00:00,2025-09-02 15:39:00+00:00,CREDIT,1031.4,GBP,7348,CP1188,ONLINE,REFKV2GETNCSR,2024-10-15 14:33:00+00:00
TXN0000002473,ACC00000606,2025-12-24 16:42:00+00:00,2024-02-09 00:31:00+00:00,DEBIT,1053.59,EUR,2104,CP7133,ATM,REFMB6CCKHKVP,2024-01-25 06:32:00+00:00
TXN0000002474,ACC00000669,2025-03-23 21:19:00+00:00,2024-03-04 22:18:00+00:00,DEBIT,76.41,GBP,5217,CP5293,ONLINE,REFHFSTEF0O1B,2025-05-21 23:19:00+00:00
TXN0000002475,ACC00000785,2025-09-14 14:58:00+00:00,2024-12-04 11:38:00+00:00,DEBIT,555.15,USD,9934,CP3965,ONLINE,REFAVAVQYNVF2,2024-08-04 06:38:00+00:00
TXN0000002476,ACC00000663,2024-02-17 07:45:00+00:00,2024-10-18 17:53:00+00:00,CREDIT,401.46,USD,7437,,POS,REFVVQTE09DA9,2024-12-09 14:00:00+00:00
TXN0000002477,ACC00000718,2024-11-19 01:26:00+00:00,2024-11-13 18:44:00+00:00,DEBIT,87.78,GBP,8859,CP3444,ONLINE,REFICSRV34GR4,2025-02-14 16:02:00+00:00
TXN0000002478,ACC00000769,2025-05-17 10:29:00+00:00,2026-01-24 13:29:00+00:00,DEBIT,1852.39,GBP,1640,CP4618,POS,REFOR2WWKZF5B,2024-09-25 09:00:00+00:00
TXN0000002479,ACC00000710,2025-06-07 19:26:00+00:00,2024-09-28 23:54:00+00:00,DEBIT,293.67,GBP,8662,CP2541,POS,REFUGWXC2HF3C,2025-10-05 08:25:00+00:00
TXN0000002480,ACC00000095,2025-06-15 23:55:00+00:00,2024-04-18 13:27:00+00:00,DEBIT,386.83,USD,7223,CP3876,ATM,REFUQ68BA32OD,2025-09-07 02:12:00+00:00
TXN0000002481,ACC00000114,2024-08-18 06:21:00+00:00,2024-05-15 06:43:00+00:00,DEBIT,1393.92,GBP,9811,CP5657,POS,REFUXJTLP9YVX,2024-04-03 18:05:00+00:00
TXN0000002482,ACC00000557,2024-12-28 22:28:00+00:00,2025-07-31 10:50:00+00:00,DEBIT,402.62,GBP,7667,CP9246,ATM,REFWNU2HWSODB,2025-10-18 02:21:00+00:00
TXN0000002483,ACC00000489,2024-01-14 15:28:00+00:00,2025-03-07 21:54:00+00:00,CREDIT,1516.63,USD,5200,CP1985,POS,REF3TO1FBL7TT,2024-02-28 05:21:00+00:00
TXN0000002484,ACC00000274,2024-08-29 23:06:00+00:00,2025-05-15 03:09:00+00:00,CREDIT,648.12,GBP,5465,CP5029,ONLINE,REFE7MWWDO1R7,2024-05-27 03:39:00+00:00
TXN0000002485,ACC00000440,2026-02-23 05:53:00+00:00,2024-12-03 11:37:00+00:00,DEBIT,1201.68,GBP,5490,CP8557,POS,REF16KTYVWJTM,2024-03-13 09:31:00+00:00
TXN0000002486,ACC00000680,2026-04-04 21:57:00+00:00,2024-08-14 10:57:00+00:00,DEBIT,864.06,GBP,2052,CP3918,ONLINE,REFD7IYI8XDU8,2026-03-27 09:11:00+00:00
TXN0000002487,ACC00000118,2024-08-11 03:20:00+00:00,2024-01-31 05:49:00+00:00,DEBIT,554.34,EUR,2966,CP3570,ATM,REFQPPXZYZCE4,2026-03-04 23:45:00+00:00
TXN0000002488,ACC00000473,2024-12-03 10:40:00+00:00,2025-04-06 13:28:00+00:00,CREDIT,464.28,GBP,9940,CP5854,POS,REFNNPM75NQK9,2025-10-22 03:16:00+00:00
TXN0000002489,ACC00000287,2024-02-13 21:54:00+00:00,2024-09-26 19:46:00+00:00,CREDIT,428.34,USD,6751,CP7603,POS,REF2SFX3B4E0B,2025-04-15 06:05:00+00:00
TXN0000002490,ACC00000542,2026-02-25 10:28:00+00:00,2026-03-21 00:24:00+00:00,DEBIT,413.84,GBP,2341,CP7869,ONLINE,REF61G0B68UDV,2025-09-19 20:46:00+00:00
TXN0000002491,ACC00000348,2025-11-23 01:22:00+00:00,2024-11-04 03:50:00+00:00,CREDIT,1293.45,GBP,1692,CP4651,ATM,REF5EROFXZ4DH,2025-02-27 19:17:00+00:00
TXN0000002492,ACC00000213,2024-05-10 20:05:00+00:00,2024-06-07 04:31:00+00:00,DEBIT,1301.2,GBP,2733,CP6515,ONLINE,REFMZ40H9K97P,2024-11-29 14:02:00+00:00
TXN0000002493,ACC00000627,2025-06-21 15:39:00+00:00,2024-05-31 21:30:00+00:00,CREDIT,1697.43,GBP,6620,CP8625,ONLINE,REFXXZ9OZ9MTC,2025-11-28 10:43:00+00:00
TXN0000002494,ACC00000306,2025-09-09 21:56:00+00:00,2025-02-10 11:12:00+00:00,DEBIT,507.29,GBP,5304,CP2787,ONLINE,REF3JIUXE794Y,2026-03-27 08:50:00+00:00
TXN0000002495,ACC00000303,2026-01-26 07:33:00+00:00,2026-04-04 02:18:00+00:00,CREDIT,1108.23,GBP,3727,CP3474,ATM,REF2WK7245M8T,2025-11-09 14:13:00+00:00
TXN0000002496,ACC00000326,2024-10-07 22:52:00+00:00,2026-04-16 11:07:00+00:00,DEBIT,538.42,USD,8214,,ONLINE,REFBOFRDFA6XK,2025-03-10 11:12:00+00:00
TXN0000002497,ACC00000059,2024-10-13 08:02:00+00:00,2025-12-11 20:12:00+00:00,DEBIT,1075.46,GBP,3871,CP6204,ATM,REFZ2DMWB92D5,2024-02-16 10:24:00+00:00
TXN0000002498,ACC00000664,2024-11-14 11:32:00+00:00,2024-10-09 03:31:00+00:00,CREDIT,10.69,USD,6290,CP9904,ONLINE,REFNKDG1MQ259,2025-12-02 22:38:00+00:00
TXN0000002499,ACC00000012,2025-07-04 06:06:00+00:00,2025-10-14 01:03:00+00:00,CREDIT,1660.49,GBP,6476,CP1781,ONLINE,REF1XDRBG2RTX,2024-06-15 07:55:00+00:00
TXN0000002500,ACC00000386,2024-03-19 09:04:00+00:00,2024-12-13 09:23:00+00:00,CREDIT,1372.34,USD,8526,CP1090,POS,REFEUF70VZUXB,2024-11-05 05:48:00+00:00
TXN0000002501,ACC00000341,2024-11-11 15:03:00+00:00,2024-12-10 17:15:00+00:00,DEBIT,1321.02,USD,4744,CP4012,ONLINE,REFCI4CAF9XES,2025-11-24 23:24:00+00:00
TXN0000002502,ACC00000538,2025-10-29 22:06:00+00:00,2026-03-20 09:22:00+00:00,DEBIT,580.31,GBP,1241,CP9126,ONLINE,REFQ989LXRGV7,2025-11-02 12:26:00+00:00
TXN0000002503,ACC00000549,2026-02-09 04:59:00+00:00,2024-12-30 19:21:00+00:00,CREDIT,890.95,USD,2678,CP4783,POS,REFKMJP5UA81Z,2025-01-20 23:05:00+00:00
TXN0000002504,ACC00000117,2024-08-20 20:50:00+00:00,2026-04-30 11:59:00+00:00,CREDIT,126.65,GBP,9259,CP2377,ONLINE,REFEPFQSFQI0O,2025-08-24 11:08:00+00:00
TXN0000002505,ACC00000153,2024-11-26 01:12:00+00:00,2025-03-21 05:07:00+00:00,DEBIT,22.14,GBP,1761,CP4125,BRANCH,REFDH46VZDHQJ,2025-06-11 00:09:00+00:00
TXN0000002506,ACC00000423,2025-02-14 17:28:00+00:00,2025-03-10 17:42:00+00:00,CREDIT,1464.05,GBP,9608,CP1276,BRANCH,REFMF6MDNRWUP,2024-10-17 21:26:00+00:00
TXN0000002507,ACC00000458,2024-04-26 10:40:00+00:00,2024-08-07 06:23:00+00:00,DEBIT,1089.46,USD,9099,,ONLINE,REFYOKWH3CNCG,2024-04-12 05:21:00+00:00
TXN0000002508,ACC00000785,2026-02-07 12:52:00+00:00,2026-03-24 21:30:00+00:00,CREDIT,847.98,USD,3221,CP1168,POS,REFJ9SI6CUX94,2026-04-03 22:56:00+00:00
TXN0000002509,ACC00000601,2026-03-06 17:38:00+00:00,2025-12-17 13:26:00+00:00,CREDIT,1281.65,USD,6528,CP7700,POS,REFXBMPNXPGLL,2025-10-22 16:21:00+00:00
TXN0000002510,ACC00000202,2024-03-17 23:02:00+00:00,2025-06-05 01:35:00+00:00,DEBIT,695.01,USD,9243,CP3431,ONLINE,REFUIMFUTH63L,2025-01-24 22:24:00+00:00
TXN0000002511,ACC00000154,2025-08-19 20:28:00+00:00,2026-04-20 19:22:00+00:00,DEBIT,285.26,USD,5938,CP4781,POS,REF4W5Q3Q68ST,2024-04-19 21:19:00+00:00
TXN0000002512,ACC00000214,2025-04-06 19:28:00+00:00,2026-02-15 00:19:00+00:00,DEBIT,324.95,GBP,3874,CP6932,ONLINE,REFY5H8RXP7LJ,2025-10-22 12:38:00+00:00
TXN0000002513,ACC00000434,2025-07-04 01:55:00+00:00,2026-04-02 23:37:00+00:00,CREDIT,848.57,GBP,4674,CP1644,POS,REFSIASRXKJ3Y,2025-10-26 18:19:00+00:00
TXN0000002514,ACC00000193,2024-05-25 07:40:00+00:00,2024-04-03 00:32:00+00:00,DEBIT,364.77,USD,1270,CP4094,ONLINE,REFQQVW94F8TQ,2024-10-24 09:10:00+00:00
TXN0000002515,ACC00000638,2024-11-05 20:17:00+00:00,2025-03-03 22:03:00+00:00,DEBIT,489.89,GBP,3149,CP1120,POS,REFR7PNGPAERR,2025-12-18 06:22:00+00:00
TXN0000002516,ACC00000249,2024-12-31 13:32:00+00:00,2024-10-27 06:05:00+00:00,CREDIT,763.24,USD,3643,,ONLINE,REF6O4K4YO00S,2025-08-19 20:52:00+00:00
TXN0000002517,ACC00000408,2024-10-25 08:26:00+00:00,2025-04-30 02:23:00+00:00,DEBIT,751.13,GBP,8788,CP9687,ONLINE,REFS2KFYRTP87,2026-02-11 11:15:00+00:00
TXN0000002518,ACC00000501,2025-04-29 18:51:00+00:00,2024-12-03 21:30:00+00:00,DEBIT,917.45,GBP,3944,CP3096,ONLINE,REF0B1X90OX4W,2025-01-25 22:28:00+00:00
TXN0000002519,ACC00000033,2024-10-27 00:58:00+00:00,2025-07-26 10:49:00+00:00,DEBIT,753.76,USD,8942,CP5911,ONLINE,REFBZ2S15GCOF,2025-11-05 19:25:00+00:00
TXN0000002520,ACC00000024,2026-02-18 07:52:00+00:00,2024-06-11 02:40:00+00:00,DEBIT,1054.4,GBP,7100,CP2985,ATM,REFU85BQZNU30,2024-11-18 08:03:00+00:00
TXN0000002521,ACC00000768,2026-03-01 13:46:00+00:00,2026-01-05 18:29:00+00:00,DEBIT,1302.44,GBP,3592,CP7283,ONLINE,REFUJGBKCMSIW,2026-01-12 16:46:00+00:00
TXN0000002522,ACC00000383,2025-03-13 09:52:00+00:00,2025-08-20 07:14:00+00:00,CREDIT,591.87,GBP,2878,CP1002,POS,REFZHB28PJR9R,2024-12-04 02:21:00+00:00
TXN0000002523,ACC00000179,2024-01-23 02:27:00+00:00,2025-02-04 17:24:00+00:00,DEBIT,116.41,GBP,6633,CP6206,POS,REF9J1QBOG5BM,2024-11-19 11:26:00+00:00
TXN0000002524,ACC00000006,2024-08-11 04:39:00+00:00,2024-02-17 19:43:00+00:00,DEBIT,472.4,GBP,3753,CP8960,ONLINE,REFDGSQK8UYEZ,2026-04-17 11:10:00+00:00
TXN0000002525,ACC00000682,2024-11-22 15:13:00+00:00,2024-09-05 02:42:00+00:00,DEBIT,1507.25,GBP,8981,,ONLINE,REF40FW1HO6O6,2025-11-15 00:42:00+00:00
TXN0000002526,ACC00000348,2026-02-15 15:32:00+00:00,2025-11-27 13:02:00+00:00,DEBIT,608.3,GBP,3411,CP4086,ONLINE,REFSQ09N2IDZG,2026-04-02 01:34:00+00:00
TXN0000002527,ACC00000313,2025-11-08 06:55:00+00:00,2025-06-20 18:56:00+00:00,DEBIT,1041.07,USD,4954,CP1029,ONLINE,REFT421HKGHA0,2024-10-02 12:32:00+00:00
TXN0000002528,ACC00000709,2024-05-01 11:37:00+00:00,2025-06-14 16:34:00+00:00,DEBIT,219.91,EUR,2131,CP7260,ATM,REFU81E1Z3V7Y,2026-01-24 16:50:00+00:00
TXN0000002529,ACC00000051,2025-05-25 11:28:00+00:00,2024-12-24 20:43:00+00:00,CREDIT,1242.48,GBP,2975,CP2615,BRANCH,REFPRBG9BG1AX,2026-02-02 16:34:00+00:00
TXN0000002530,ACC00000045,2025-12-24 05:38:00+00:00,2024-01-26 02:02:00+00:00,DEBIT,580.75,EUR,5364,CP2787,POS,REF1TV38790P1,2025-03-08 15:06:00+00:00
TXN0000002531,ACC00000667,2025-12-21 21:09:00+00:00,2025-01-12 11:50:00+00:00,CREDIT,531.79,GBP,4630,CP3029,ONLINE,REFOT56TAT05I,2026-01-11 21:14:00+00:00
TXN0000002532,ACC00000611,2025-11-09 14:14:00+00:00,2026-02-19 17:12:00+00:00,CREDIT,1848.82,USD,5705,CP3976,ATM,REFQ2COHJIIGD,2025-07-18 01:32:00+00:00
TXN0000002533,ACC00000404,2024-04-16 16:25:00+00:00,2025-09-03 02:05:00+00:00,DEBIT,326.83,GBP,2110,CP2846,ONLINE,REF4W4SBXJ2DT,2025-10-04 00:33:00+00:00
TXN0000002534,ACC00000061,2025-07-26 23:13:00+00:00,2024-04-20 11:53:00+00:00,DEBIT,773.32,GBP,7325,CP3704,ONLINE,REFA5ZDD23QRX,2024-06-22 07:34:00+00:00
TXN0000002535,ACC00000535,2025-12-28 01:08:00+00:00,2024-07-28 05:02:00+00:00,CREDIT,181.43,USD,7286,CP7106,ONLINE,REFKY3L0QNGNJ,2025-11-27 07:45:00+00:00
TXN0000002536,ACC00000652,2025-08-01 02:21:00+00:00,2024-06-14 12:18:00+00:00,DEBIT,770.64,USD,4831,,ATM,REF4648R1Q2DL,2025-11-06 09:02:00+00:00
TXN0000002537,ACC00000268,2025-07-26 11:58:00+00:00,2024-02-19 01:39:00+00:00,CREDIT,1776.56,USD,9882,,ONLINE,REFWI6OEB1S1D,2025-05-31 22:45:00+00:00
TXN0000002538,ACC00000776,2025-12-23 21:19:00+00:00,2025-12-26 06:43:00+00:00,DEBIT,1375.06,USD,3599,CP4189,POS,REFXCMICGIYH3,2026-03-22 20:58:00+00:00
TXN0000002539,ACC00000684,2025-10-19 05:52:00+00:00,2025-11-25 23:15:00+00:00,DEBIT,653.57,GBP,7847,CP3589,ONLINE,REFJAVMTZ40D6,2026-03-25 16:46:00+00:00
TXN0000002540,ACC00000039,2024-08-20 07:11:00+00:00,2025-12-25 06:36:00+00:00,CREDIT,703.17,GBP,8569,CP2983,BRANCH,REF233WQLIB9S,2025-05-05 12:40:00+00:00
TXN0000002541,ACC00000053,2024-11-03 02:24:00+00:00,2025-03-19 07:31:00+00:00,DEBIT,1020.18,GBP,8194,CP3224,ONLINE,REFFYDM1VPSAC,2024-03-23 05:19:00+00:00
TXN0000002542,ACC00000423,2026-01-24 11:04:00+00:00,2025-08-24 01:11:00+00:00,CREDIT,362.94,USD,6986,CP9851,ONLINE,REFUC6QBO5U0B,2024-10-28 07:47:00+00:00
TXN0000002543,ACC00000490,2025-07-17 11:40:00+00:00,2024-01-03 21:42:00+00:00,CREDIT,1640.68,GBP,8195,CP9311,POS,REFINWOEEXEJK,2024-09-08 01:13:00+00:00
TXN0000002544,ACC00000224,2026-01-26 08:34:00+00:00,2024-08-29 17:35:00+00:00,CREDIT,1429.39,GBP,3160,CP5638,ONLINE,REFNDW873JWSL,2025-12-31 02:59:00+00:00
TXN0000002545,ACC00000235,2024-09-10 18:27:00+00:00,2025-10-13 14:33:00+00:00,DEBIT,713.6,USD,8620,CP9108,BRANCH,REF5RWY5BQZIA,2025-09-06 17:58:00+00:00
TXN0000002546,ACC00000486,2026-03-27 12:01:00+00:00,2024-06-22 20:04:00+00:00,CREDIT,1493.6,GBP,8221,CP1593,ONLINE,REFGMZ9HVJ3RM,2026-03-26 06:28:00+00:00
TXN0000002547,ACC00000687,2025-04-22 06:19:00+00:00,2025-07-27 17:39:00+00:00,DEBIT,265.28,EUR,8637,CP2636,POS,REFSMOCWXFBT4,2026-01-29 12:04:00+00:00
TXN0000002548,ACC00000258,2024-10-25 12:54:00+00:00,2024-08-04 16:19:00+00:00,CREDIT,1108.59,GBP,2795,CP2389,ONLINE,REF7ZVPH31YZK,2025-04-24 08:12:00+00:00
TXN0000002549,ACC00000363,2025-04-27 22:16:00+00:00,2024-10-17 14:33:00+00:00,CREDIT,540.83,EUR,9338,CP2525,ATM,REFLRCD56Z0IP,2024-12-30 17:06:00+00:00
TXN0000002550,ACC00000619,2025-02-02 05:46:00+00:00,2024-04-11 13:49:00+00:00,CREDIT,132.78,GBP,5507,,BRANCH,REFYKZXBF293D,2025-01-06 14:31:00+00:00
TXN0000002551,ACC00000691,2024-05-05 11:47:00+00:00,2025-04-08 13:25:00+00:00,CREDIT,409.31,USD,7674,CP6561,ONLINE,REFH8HE9TUOFF,2026-04-08 17:17:00+00:00
TXN0000002552,ACC00000418,2025-10-09 18:22:00+00:00,2024-09-11 23:56:00+00:00,DEBIT,84.8,EUR,1435,CP3325,BRANCH,REF6DB7D4KJ33,2024-12-19 20:20:00+00:00
TXN0000002553,ACC00000698,2025-07-11 09:41:00+00:00,2024-10-06 04:47:00+00:00,CREDIT,332.61,EUR,6775,CP1001,POS,REF5O2UYT21XJ,2024-07-18 17:46:00+00:00
TXN0000002554,ACC00000760,2024-03-25 20:31:00+00:00,2024-01-09 17:14:00+00:00,DEBIT,1195.97,GBP,4091,CP8854,POS,REFSNKG2D1FK9,2025-12-03 03:37:00+00:00
TXN0000002555,ACC00000514,2024-10-01 23:59:00+00:00,2024-11-02 16:44:00+00:00,DEBIT,907.68,EUR,5934,CP5868,ONLINE,REFN44IRQHC0M,2025-08-05 09:20:00+00:00
TXN0000002556,ACC00000502,2025-09-16 03:27:00+00:00,2024-04-04 05:18:00+00:00,DEBIT,970.5,USD,7456,CP3934,ONLINE,REFU7ODKO56OJ,2026-02-15 21:30:00+00:00
TXN0000002557,ACC00000041,2024-03-06 14:00:00+00:00,2024-07-09 23:49:00+00:00,DEBIT,94.37,USD,6429,CP9850,POS,REFFY3XWCLGUZ,2026-01-16 23:25:00+00:00
TXN0000002558,ACC00000295,2024-12-10 00:10:00+00:00,2025-02-18 13:18:00+00:00,DEBIT,225.75,GBP,8214,,ONLINE,REFHZAV92THOE,2026-04-02 18:45:00+00:00
TXN0000002559,ACC00000511,2024-06-18 02:32:00+00:00,2025-05-07 08:09:00+00:00,DEBIT,528.9,GBP,5692,CP5043,POS,REFLLIJTD53EL,2024-04-23 23:06:00+00:00
TXN0000002560,ACC00000217,2025-11-11 03:25:00+00:00,2026-01-15 13:19:00+00:00,DEBIT,952.97,GBP,1998,CP2975,POS,REFO8YVZXABRG,2026-04-22 02:22:00+00:00
TXN0000002561,ACC00000717,2025-08-01 17:04:00+00:00,2024-10-08 00:16:00+00:00,DEBIT,2.96,USD,7242,CP5991,ATM,REFTE19KTXRYT,2025-04-25 19:43:00+00:00
TXN0000002562,ACC00000353,2025-10-23 09:57:00+00:00,2025-04-19 20:35:00+00:00,CREDIT,787.08,GBP,9818,CP3001,BRANCH,REFIXI8BGHLW5,2025-02-03 04:58:00+00:00
TXN0000002563,ACC00000480,2024-04-11 07:50:00+00:00,2024-07-17 21:48:00+00:00,CREDIT,676.58,USD,4805,CP8673,ONLINE,REFLXKGQT3L8O,2024-08-13 10:03:00+00:00
TXN0000002564,ACC00000313,2026-02-20 09:53:00+00:00,2024-06-19 15:38:00+00:00,DEBIT,564.48,GBP,5252,CP9803,ONLINE,REFRCTSWIKOSD,2024-03-21 07:34:00+00:00
TXN0000002565,ACC00000047,2024-10-07 21:30:00+00:00,2026-04-20 13:26:00+00:00,CREDIT,817.37,GBP,9748,CP8954,ONLINE,REF933M6TIDYX,2024-03-01 07:39:00+00:00
TXN0000002566,ACC00000755,2025-01-30 22:56:00+00:00,2024-09-02 14:38:00+00:00,DEBIT,1311.73,GBP,8154,CP1353,POS,REFMWWA0MW5UT,2024-02-18 22:26:00+00:00
TXN0000002567,ACC00000709,2024-02-29 22:37:00+00:00,2026-03-14 20:20:00+00:00,DEBIT,953.96,GBP,9256,CP2680,POS,REF9CHJKI0RC1,2026-05-06 16:26:00+00:00
TXN0000002568,ACC00000581,2024-09-18 17:13:00+00:00,2025-06-14 02:43:00+00:00,DEBIT,314.45,GBP,9023,CP5527,BRANCH,REFKUM1H4RIW7,2024-06-27 09:42:00+00:00
TXN0000002569,ACC00000611,2025-12-11 15:51:00+00:00,2025-12-10 17:30:00+00:00,DEBIT,244.13,EUR,2537,CP4424,ONLINE,REFKRGPF2E1W7,2025-01-11 18:56:00+00:00
TXN0000002570,ACC00000330,2025-04-05 09:01:00+00:00,2025-03-30 09:17:00+00:00,DEBIT,100.74,USD,7997,CP8127,ATM,REF1T319AAEMS,2024-06-27 17:19:00+00:00
TXN0000002571,ACC00000105,2026-01-23 04:37:00+00:00,2025-09-16 18:10:00+00:00,CREDIT,123.08,GBP,5756,CP1849,POS,REF1EVD2O2PEC,2025-03-30 07:40:00+00:00
TXN0000002572,ACC00000110,2026-04-09 23:55:00+00:00,2024-11-14 12:33:00+00:00,DEBIT,113.28,GBP,7562,,BRANCH,REFFI4698Z9BO,2026-02-05 03:14:00+00:00
TXN0000002573,ACC00000016,2024-05-08 17:25:00+00:00,2025-04-01 21:05:00+00:00,DEBIT,464.83,GBP,3593,CP1020,ATM,REF6FLE7JXAG8,2026-03-06 08:44:00+00:00
TXN0000002574,ACC00000639,2024-10-22 21:40:00+00:00,2024-11-09 08:24:00+00:00,CREDIT,676.68,USD,3061,CP5942,POS,REFC672CBC1NG,2026-04-11 20:55:00+00:00
TXN0000002575,ACC00000597,2024-09-04 06:49:00+00:00,2026-04-15 19:13:00+00:00,DEBIT,654.96,USD,2529,CP9549,POS,REF2FVBJ6G10A,2024-11-01 12:04:00+00:00
TXN0000002576,ACC00000394,2024-01-30 04:27:00+00:00,2026-03-23 18:39:00+00:00,DEBIT,18.64,GBP,9151,CP1448,POS,REFY8D1MGGYAN,2024-10-10 00:31:00+00:00
TXN0000002577,ACC00000501,2025-10-11 11:59:00+00:00,2025-12-21 10:15:00+00:00,DEBIT,560.49,GBP,8869,CP6700,ONLINE,REF4HOSN01GK0,2025-07-01 13:30:00+00:00
TXN0000002578,ACC00000380,2026-02-06 00:36:00+00:00,2024-04-04 10:21:00+00:00,CREDIT,1075.59,GBP,4162,CP3386,POS,REFBD3I3JU2B1,2026-02-01 23:43:00+00:00
TXN0000002579,ACC00000308,2026-01-13 20:37:00+00:00,2026-04-07 13:25:00+00:00,DEBIT,871.65,USD,7383,CP1486,ATM,REFBWLENZJ99Z,2024-06-11 12:30:00+00:00
TXN0000002580,ACC00000039,2025-01-28 22:52:00+00:00,2024-11-14 20:09:00+00:00,CREDIT,1100.53,GBP,1318,CP9963,POS,REFKYH04B1NUK,2024-02-01 20:51:00+00:00
TXN0000002581,ACC00000129,2024-07-10 03:35:00+00:00,2024-07-19 19:17:00+00:00,DEBIT,332.43,GBP,6335,CP3890,ONLINE,REFF34Y3JSX5H,2026-04-30 20:30:00+00:00
TXN0000002582,ACC00000560,2024-07-12 13:24:00+00:00,2024-01-11 04:40:00+00:00,DEBIT,1275.5,GBP,4955,CP4120,POS,REF28N0D5VGUR,2025-01-15 10:03:00+00:00
TXN0000002583,ACC00000482,2025-04-08 14:07:00+00:00,2025-01-22 18:48:00+00:00,DEBIT,319.12,GBP,1033,CP7030,ATM,REFDWDBQUCU16,2025-11-10 20:07:00+00:00
TXN0000002584,ACC00000616,2025-09-06 23:24:00+00:00,2024-01-12 17:36:00+00:00,DEBIT,579.02,EUR,9908,CP4351,ATM,REFDC4UVUW3QU,2024-01-24 11:19:00+00:00
TXN0000002585,ACC00000211,2025-03-01 13:27:00+00:00,2026-04-04 12:17:00+00:00,DEBIT,941.03,GBP,2054,CP3143,BRANCH,REFJERF9H7Y9Z,2024-04-17 20:51:00+00:00
TXN0000002586,ACC00000318,2024-03-20 00:08:00+00:00,2026-02-23 18:24:00+00:00,DEBIT,394.1,GBP,2399,CP3068,POS,REFG2SVOIMR11,2024-03-27 23:59:00+00:00
TXN0000002587,ACC00000420,2024-11-16 23:25:00+00:00,2025-02-03 13:42:00+00:00,DEBIT,287.83,GBP,1210,,ATM,REFPI250O8G7D,2024-01-12 09:54:00+00:00
TXN0000002588,ACC00000427,2024-09-03 08:11:00+00:00,2026-04-07 16:04:00+00:00,CREDIT,105.19,GBP,1382,CP6167,ATM,REFPI5U38B880,2025-08-05 20:46:00+00:00
TXN0000002589,ACC00000054,2026-04-10 01:08:00+00:00,2024-05-04 21:34:00+00:00,CREDIT,367.23,USD,1523,CP7750,ONLINE,REFFI3HGL4JT5,2024-03-02 06:36:00+00:00
TXN0000002590,ACC00000157,2026-03-23 04:08:00+00:00,2024-07-05 04:36:00+00:00,DEBIT,928.8,GBP,8899,CP8607,ONLINE,REFNFAVQR63XT,2025-12-12 08:24:00+00:00
TXN0000002591,ACC00000163,2025-11-27 22:14:00+00:00,2026-03-11 04:15:00+00:00,DEBIT,116.6,USD,8715,CP2549,POS,REFC1A2F1JEUZ,2025-10-15 01:20:00+00:00
TXN0000002592,ACC00000186,2024-10-02 19:37:00+00:00,2025-11-11 20:40:00+00:00,DEBIT,2171.93,GBP,9854,CP7973,ONLINE,REF52H2UPQVGX,2025-05-07 05:43:00+00:00
TXN0000002593,ACC00000750,2025-07-11 01:04:00+00:00,2025-10-23 04:17:00+00:00,DEBIT,1527.92,GBP,4874,CP2175,ONLINE,REFX3GMEOSH25,2025-10-15 18:17:00+00:00
TXN0000002594,ACC00000764,2024-08-01 23:28:00+00:00,2025-01-27 17:31:00+00:00,CREDIT,15.08,GBP,2915,CP3332,ONLINE,REF2KBR33VZ4O,2024-01-13 00:06:00+00:00
TXN0000002595,ACC00000252,2025-03-09 17:14:00+00:00,2024-05-20 05:57:00+00:00,DEBIT,1529.91,GBP,9493,CP6090,ONLINE,REFCZ0K4TWVK6,2024-05-20 10:17:00+00:00
TXN0000002596,ACC00000572,2025-03-07 15:22:00+00:00,2024-02-23 07:29:00+00:00,DEBIT,738.21,GBP,3563,CP1310,POS,REF6KVQA7V9W9,2024-08-17 16:24:00+00:00
TXN0000002597,ACC00000137,2025-09-24 23:01:00+00:00,2024-07-31 07:31:00+00:00,DEBIT,1301.51,GBP,7694,,ATM,REF6OWDDGVX5M,2025-01-07 11:00:00+00:00
TXN0000002598,ACC00000276,2024-04-06 15:55:00+00:00,2025-12-24 17:49:00+00:00,DEBIT,982.24,EUR,4331,,POS,REFWAYPU8PV8W,2026-03-29 15:22:00+00:00
TXN0000002599,ACC00000769,2025-04-08 19:04:00+00:00,2024-10-03 01:24:00+00:00,CREDIT,565.06,USD,8808,CP8381,POS,REFF11DGQYRJ2,2024-02-06 19:30:00+00:00
TXN0000002600,ACC00000087,2024-12-01 04:40:00+00:00,2025-11-22 22:04:00+00:00,CREDIT,795.7,GBP,5098,CP4311,ONLINE,REFEO08Z46YQT,2025-04-08 08:12:00+00:00
TXN0000002601,ACC00000436,2024-11-07 08:52:00+00:00,2024-07-27 16:26:00+00:00,CREDIT,341.0,GBP,2158,CP3704,ATM,REFNHNOUG6TOE,2026-03-10 05:27:00+00:00
TXN0000002602,ACC00000064,2025-02-17 03:17:00+00:00,2025-05-18 09:45:00+00:00,CREDIT,1501.01,GBP,9847,CP8448,ONLINE,REFU8S1C8D47V,2024-10-21 21:29:00+00:00
TXN0000002603,ACC00000009,2024-10-27 00:39:00+00:00,2025-06-17 10:31:00+00:00,DEBIT,1394.69,GBP,8940,CP8506,ONLINE,REFAZEOALFJTA,2025-09-01 19:17:00+00:00
TXN0000002604,ACC00000680,2024-06-17 06:15:00+00:00,2025-05-28 07:03:00+00:00,DEBIT,501.5,USD,1780,CP1267,ATM,REFVVERA7FONN,2026-03-28 07:29:00+00:00
TXN0000002605,ACC00000720,2026-03-06 11:04:00+00:00,2024-09-28 10:20:00+00:00,CREDIT,153.3,GBP,4404,CP7968,POS,REF13FHRN8YNS,2024-12-01 06:44:00+00:00
TXN0000002606,ACC00000132,2025-04-13 09:54:00+00:00,2025-08-21 12:43:00+00:00,DEBIT,41.38,GBP,4005,CP9348,ATM,REFO8Y9UFKCZ3,2025-12-01 00:46:00+00:00
TXN0000002607,ACC00000082,2025-02-08 11:27:00+00:00,2026-03-30 10:43:00+00:00,DEBIT,968.02,GBP,4046,CP8158,BRANCH,REFOP77WSV9AL,2024-01-26 11:20:00+00:00
TXN0000002608,ACC00000483,2024-11-10 04:55:00+00:00,2026-03-05 14:42:00+00:00,DEBIT,142.23,GBP,6205,CP3997,ONLINE,REFVM3CSB4ABZ,2026-04-25 12:49:00+00:00
TXN0000002609,ACC00000001,2026-04-08 12:52:00+00:00,2025-02-12 20:52:00+00:00,DEBIT,1367.82,GBP,1926,CP1995,POS,REFGFRQT8I5K6,2025-04-17 04:44:00+00:00
TXN0000002610,ACC00000091,2024-02-23 03:35:00+00:00,2025-11-13 11:52:00+00:00,DEBIT,810.9,GBP,9441,CP3235,BRANCH,REFIB3RHEUYDK,2025-05-08 08:24:00+00:00
TXN0000002611,ACC00000601,2025-01-27 07:31:00+00:00,2026-03-31 14:32:00+00:00,CREDIT,655.71,GBP,2449,CP3309,POS,REFZJH4L3KKPC,2024-05-23 09:55:00+00:00
TXN0000002612,ACC00000191,2026-02-08 04:24:00+00:00,2025-01-29 17:43:00+00:00,DEBIT,877.18,GBP,4258,CP6646,ONLINE,REF269LJRHRXL,2024-04-06 05:23:00+00:00
TXN0000002613,ACC00000411,2024-08-11 02:36:00+00:00,2024-01-03 01:56:00+00:00,DEBIT,1323.83,GBP,4782,CP5392,BRANCH,REF4U6DAJX335,2024-08-01 00:17:00+00:00
TXN0000002614,ACC00000536,2025-08-21 11:47:00+00:00,2024-12-27 10:04:00+00:00,DEBIT,340.77,GBP,3459,,ONLINE,REFID6KOZQDSD,2025-09-13 13:27:00+00:00
TXN0000002615,ACC00000106,2025-10-20 12:57:00+00:00,2026-01-22 04:58:00+00:00,DEBIT,755.22,GBP,3636,CP2512,POS,REF62WHC4CEKM,2024-02-22 04:06:00+00:00
TXN0000002616,ACC00000397,2025-09-19 20:21:00+00:00,2025-02-09 20:47:00+00:00,CREDIT,95.11,GBP,8778,CP7392,ATM,REF6WO487WQU8,2024-07-09 22:29:00+00:00
TXN0000002617,ACC00000459,2024-12-30 18:48:00+00:00,2025-05-05 20:27:00+00:00,CREDIT,1702.2,GBP,5230,CP9517,POS,REF3GD5SKF5S7,2026-03-13 23:41:00+00:00
TXN0000002618,ACC00000276,2024-06-10 20:11:00+00:00,2024-09-24 20:16:00+00:00,CREDIT,1055.23,GBP,5769,CP6237,POS,REF2VDX4WLNSF,2024-11-30 14:40:00+00:00
TXN0000002619,ACC00000098,2025-05-12 21:28:00+00:00,2025-09-08 08:13:00+00:00,CREDIT,955.73,GBP,7048,CP2642,ONLINE,REFDP8PPUQU8M,2026-02-17 08:47:00+00:00
TXN0000002620,ACC00000175,2025-01-19 08:51:00+00:00,2025-02-28 07:10:00+00:00,CREDIT,227.18,GBP,5343,CP8074,ONLINE,REFJ65EVKPITY,2024-07-27 03:01:00+00:00
TXN0000002621,ACC00000060,2024-04-04 09:38:00+00:00,2025-04-23 01:23:00+00:00,CREDIT,672.99,GBP,6734,CP3129,ONLINE,REFWO4MRCJDAP,2024-02-18 22:00:00+00:00
TXN0000002622,ACC00000535,2024-02-16 00:13:00+00:00,2025-02-24 03:16:00+00:00,CREDIT,914.08,USD,5646,CP9858,ONLINE,REFOVGJ42XGF1,2024-06-17 17:33:00+00:00
TXN0000002623,ACC00000238,2026-03-22 17:20:00+00:00,2025-03-20 11:12:00+00:00,CREDIT,32.34,GBP,5639,CP2884,ONLINE,REFOHSSAHOXLD,2024-08-18 10:47:00+00:00
TXN0000002624,ACC00000212,2024-01-03 05:47:00+00:00,2024-09-14 08:11:00+00:00,DEBIT,1473.89,GBP,8900,CP1292,ONLINE,REF6HQJVXB68G,2024-10-29 00:39:00+00:00
TXN0000002625,ACC00000040,2026-03-31 10:21:00+00:00,2024-02-13 01:18:00+00:00,CREDIT,366.23,GBP,3626,CP5758,ONLINE,REF7DSB5UW9C4,2026-03-11 05:36:00+00:00
TXN0000002626,ACC00000769,2024-03-06 23:46:00+00:00,2024-06-03 02:43:00+00:00,CREDIT,247.09,EUR,8269,CP9903,ATM,REF5R81QA6DEP,2025-03-25 10:12:00+00:00
TXN0000002627,ACC00000692,2024-08-01 08:49:00+00:00,2025-06-06 13:28:00+00:00,DEBIT,338.95,USD,9498,CP8190,ONLINE,REF926AC10V6U,2025-10-05 14:41:00+00:00
TXN0000002628,ACC00000259,2024-10-22 21:16:00+00:00,2024-09-13 14:45:00+00:00,DEBIT,769.84,USD,9098,CP5639,POS,REF8B4TY3B7LT,2025-02-19 02:13:00+00:00
TXN0000002629,ACC00000113,2025-07-16 12:30:00+00:00,2024-04-12 11:08:00+00:00,CREDIT,765.74,GBP,3862,CP1583,ONLINE,REF8WS3Y1WJGC,2024-07-28 04:16:00+00:00
TXN0000002630,ACC00000317,2024-05-24 05:34:00+00:00,2024-02-21 07:20:00+00:00,CREDIT,141.81,USD,5754,CP8119,ATM,REFFD2GAYCGRZ,2025-07-15 15:53:00+00:00
TXN0000002631,ACC00000409,2025-07-02 07:36:00+00:00,2024-03-25 20:36:00+00:00,CREDIT,310.17,GBP,5631,CP8553,ATM,REFAQ3K16EMTK,2025-02-07 13:33:00+00:00
TXN0000002632,ACC00000779,2024-01-01 09:30:00+00:00,2024-04-04 18:33:00+00:00,CREDIT,9.68,USD,8175,CP8925,ONLINE,REFPLFCD1OSI3,2024-03-09 15:02:00+00:00
TXN0000002633,ACC00000076,2026-02-12 07:14:00+00:00,2024-12-21 21:42:00+00:00,DEBIT,209.01,USD,8531,CP3029,POS,REFW61ZMAUGI6,2024-01-25 15:58:00+00:00
TXN0000002634,ACC00000221,2024-03-08 08:59:00+00:00,2024-01-23 10:26:00+00:00,DEBIT,495.52,GBP,2242,CP9408,ONLINE,REFZ6DTXAC8H9,2024-10-12 21:02:00+00:00
TXN0000002635,ACC00000796,2025-01-04 08:24:00+00:00,2025-01-18 20:06:00+00:00,CREDIT,478.09,USD,8464,,ONLINE,REF2F3TSVEOKE,2025-04-28 14:16:00+00:00
TXN0000002636,ACC00000190,2026-01-18 23:44:00+00:00,2024-08-29 07:20:00+00:00,CREDIT,944.02,GBP,6108,CP4650,ONLINE,REFSPKXSGWSZQ,2025-03-05 07:57:00+00:00
TXN0000002637,ACC00000164,2024-03-26 11:43:00+00:00,2025-07-14 10:03:00+00:00,CREDIT,1749.14,GBP,1388,CP6887,ONLINE,REFDNE1B6S17L,2024-09-13 14:04:00+00:00
TXN0000002638,ACC00000201,2025-05-08 09:37:00+00:00,2025-07-10 02:40:00+00:00,DEBIT,2635.19,GBP,7685,CP9919,POS,REFQ0FLKUIT4E,2025-02-05 22:24:00+00:00
TXN0000002639,ACC00000082,2026-04-29 06:09:00+00:00,2024-09-26 06:58:00+00:00,DEBIT,1980.75,USD,7421,CP4414,POS,REF4OCCH365WN,2025-03-11 04:45:00+00:00
TXN0000002640,ACC00000377,2025-01-01 02:07:00+00:00,2024-07-09 05:45:00+00:00,DEBIT,21.12,USD,7348,,ATM,REFEQAJ658FJ2,2024-12-10 00:31:00+00:00
TXN0000002641,ACC00000087,2024-09-23 22:50:00+00:00,2025-07-30 16:55:00+00:00,CREDIT,919.26,GBP,8362,CP7840,ONLINE,REF12CV5H252O,2025-06-09 12:40:00+00:00
TXN0000002642,ACC00000114,2025-08-25 14:33:00+00:00,2025-05-02 13:26:00+00:00,DEBIT,1707.03,USD,5273,CP9275,ATM,REFI3BFEFTC9O,2024-06-14 04:32:00+00:00
TXN0000002643,ACC00000371,2025-06-13 14:37:00+00:00,2025-12-28 06:11:00+00:00,CREDIT,1317.68,GBP,3058,CP4231,POS,REFGPHIMZHSJQ,2025-12-15 06:00:00+00:00
TXN0000002644,ACC00000633,2026-04-23 10:13:00+00:00,2025-05-16 21:37:00+00:00,DEBIT,967.86,USD,1094,CP1825,POS,REFIXFHGMXFVP,2026-02-06 15:26:00+00:00
TXN0000002645,ACC00000534,2024-03-06 04:55:00+00:00,2025-12-09 22:03:00+00:00,CREDIT,948.28,EUR,7159,CP3888,ONLINE,REFAJ07FY4QUK,2025-11-02 06:57:00+00:00
TXN0000002646,ACC00000137,2025-12-05 00:18:00+00:00,2026-03-09 08:08:00+00:00,DEBIT,281.44,USD,2976,CP1818,POS,REF3VZ2L124S6,2025-04-21 11:04:00+00:00
TXN0000002647,ACC00000150,2024-01-15 18:20:00+00:00,2024-07-31 06:35:00+00:00,CREDIT,876.29,EUR,4583,CP3502,ONLINE,REFSTZ98L51F9,2024-07-06 02:30:00+00:00
TXN0000002648,ACC00000012,2024-10-19 07:28:00+00:00,2024-04-08 00:25:00+00:00,DEBIT,1121.38,GBP,8739,,POS,REFO7ICX3WEJU,2025-02-12 02:25:00+00:00
TXN0000002649,ACC00000130,2025-05-22 20:27:00+00:00,2024-02-11 23:51:00+00:00,DEBIT,1288.05,GBP,8029,CP5239,ONLINE,REFLLR9RZFE4F,2024-12-26 16:34:00+00:00
TXN0000002650,ACC00000074,2025-03-11 03:32:00+00:00,2025-06-01 19:04:00+00:00,DEBIT,472.22,GBP,9714,CP9578,ONLINE,REFUH2TBZINTQ,2026-01-12 19:23:00+00:00
TXN0000002651,ACC00000394,2024-07-17 01:44:00+00:00,2026-01-24 15:02:00+00:00,DEBIT,312.2,GBP,3708,,ONLINE,REFJ5EG0361JO,2024-09-13 04:02:00+00:00
TXN0000002652,ACC00000657,2025-06-25 11:32:00+00:00,2024-02-09 11:09:00+00:00,DEBIT,517.34,GBP,4130,CP5185,ONLINE,REFCYTJIFJ62I,2024-03-10 03:25:00+00:00
TXN0000002653,ACC00000429,2024-02-22 01:06:00+00:00,2024-05-09 19:05:00+00:00,DEBIT,592.56,GBP,8416,,ONLINE,REFQ432SQ0N1E,2025-02-20 01:59:00+00:00
TXN0000002654,ACC00000146,2026-01-10 22:34:00+00:00,2025-06-25 08:22:00+00:00,CREDIT,108.74,USD,7157,CP6868,ONLINE,REFVAM515KIKM,2026-01-01 17:03:00+00:00
TXN0000002655,ACC00000503,2025-05-06 07:05:00+00:00,2025-04-15 20:49:00+00:00,CREDIT,1791.68,GBP,2399,CP6973,ONLINE,REFI5Z49PZ31F,2024-09-25 06:36:00+00:00
TXN0000002656,ACC00000209,2024-11-15 06:37:00+00:00,2026-05-03 09:37:00+00:00,DEBIT,216.77,GBP,3144,,BRANCH,REF2G41G2TUNF,2024-11-20 11:30:00+00:00
TXN0000002657,ACC00000745,2024-03-27 10:05:00+00:00,2026-05-01 13:23:00+00:00,CREDIT,1729.95,USD,6196,CP5211,POS,REF3OBDUP23BK,2024-04-18 22:11:00+00:00
TXN0000002658,ACC00000336,2024-03-07 08:14:00+00:00,2025-09-24 19:01:00+00:00,DEBIT,835.37,EUR,4347,CP6663,POS,REF6SSHCV4QO7,2024-01-27 20:07:00+00:00
TXN0000002659,ACC00000459,2025-03-19 15:34:00+00:00,2024-12-07 04:30:00+00:00,DEBIT,1031.89,GBP,1486,CP5113,POS,REFIVQLE5KT6R,2024-01-29 01:07:00+00:00
TXN0000002660,ACC00000273,2025-02-26 05:40:00+00:00,2024-01-20 22:11:00+00:00,DEBIT,865.86,EUR,9922,CP5860,ONLINE,REFQ0UUM0MOQS,2026-01-31 14:16:00+00:00
TXN0000002661,ACC00000664,2024-04-16 00:31:00+00:00,2024-12-25 19:39:00+00:00,CREDIT,1117.02,USD,9066,CP5928,ONLINE,REFCKP74V6X2V,2025-05-30 07:15:00+00:00
TXN0000002662,ACC00000628,2026-03-28 17:04:00+00:00,2025-03-15 03:07:00+00:00,CREDIT,811.51,USD,9483,CP3295,ONLINE,REFJXV873EBCM,2024-03-28 18:57:00+00:00
TXN0000002663,ACC00000550,2025-07-15 14:06:00+00:00,2026-04-01 09:13:00+00:00,DEBIT,955.83,GBP,9089,CP1286,ONLINE,REFIKIORDG0T5,2024-02-05 13:42:00+00:00
TXN0000002664,ACC00000351,2024-02-16 19:42:00+00:00,2024-11-20 16:52:00+00:00,DEBIT,265.72,USD,1476,CP5587,POS,REF8B94C2583S,2025-09-17 12:51:00+00:00
TXN0000002665,ACC00000607,2025-02-19 20:33:00+00:00,2024-07-17 01:19:00+00:00,CREDIT,1107.2,GBP,2146,CP5429,ATM,REFEDUN1G2GNF,2026-02-21 03:33:00+00:00
TXN0000002666,ACC00000694,2024-11-23 13:19:00+00:00,2024-01-07 20:30:00+00:00,CREDIT,451.63,USD,3896,CP2423,POS,REFN8HANHAD2G,2025-08-05 10:49:00+00:00
TXN0000002667,ACC00000186,2024-05-11 10:48:00+00:00,2025-05-05 23:57:00+00:00,DEBIT,90.99,GBP,9196,CP9622,POS,REFARGYKOFITN,2024-10-24 19:53:00+00:00
TXN0000002668,ACC00000659,2025-04-10 01:26:00+00:00,2026-01-29 23:23:00+00:00,CREDIT,1131.87,USD,2256,CP2603,POS,REFEM82FBDGV3,2024-07-22 03:34:00+00:00
TXN0000002669,ACC00000195,2025-10-19 17:41:00+00:00,2024-05-06 07:02:00+00:00,DEBIT,1667.6,GBP,3886,CP5667,ONLINE,REFVQEH81UNHL,2024-03-27 02:49:00+00:00
TXN0000002670,ACC00000092,2026-05-07 00:09:00+00:00,2025-03-14 02:00:00+00:00,DEBIT,694.59,GBP,2350,CP5815,ATM,REFD9BRX0BH5Z,2024-02-11 13:49:00+00:00
TXN0000002671,ACC00000413,2025-03-14 18:42:00+00:00,2025-09-01 04:57:00+00:00,CREDIT,153.96,GBP,3643,CP3152,ONLINE,REFGFCVYE8OHL,2025-01-05 12:40:00+00:00
TXN0000002672,ACC00000435,2024-07-21 07:59:00+00:00,2024-05-23 03:25:00+00:00,DEBIT,53.75,GBP,7649,CP9415,ONLINE,REFO3S8P7RRB3,2025-06-05 12:09:00+00:00
TXN0000002673,ACC00000797,2026-04-08 23:04:00+00:00,2025-07-16 18:29:00+00:00,DEBIT,28.59,USD,4559,CP6489,ATM,REFORIBZEDXRQ,2024-03-15 11:51:00+00:00
TXN0000002674,ACC00000327,2025-01-16 08:11:00+00:00,2024-10-21 10:51:00+00:00,CREDIT,1170.77,GBP,6178,CP8521,ONLINE,REF1HOQUIU03H,2024-08-12 11:20:00+00:00
TXN0000002675,ACC00000271,2025-12-24 23:12:00+00:00,2024-07-24 14:07:00+00:00,DEBIT,259.43,USD,2829,CP5848,POS,REF8M6MTC36J7,2024-05-19 10:23:00+00:00
TXN0000002676,ACC00000458,2024-01-13 12:02:00+00:00,2024-10-16 14:15:00+00:00,CREDIT,200.35,USD,6985,CP7722,POS,REFLM6PN4IAOS,2024-07-08 19:00:00+00:00
TXN0000002677,ACC00000360,2024-02-24 05:12:00+00:00,2026-05-04 04:02:00+00:00,DEBIT,176.83,GBP,8116,CP1057,POS,REFHKC5PXFJ81,2025-03-19 20:39:00+00:00
TXN0000002678,ACC00000592,2024-02-25 05:32:00+00:00,2024-10-17 07:05:00+00:00,DEBIT,2221.01,GBP,8835,CP6255,ONLINE,REF1033EIGO57,2024-07-17 13:05:00+00:00
TXN0000002679,ACC00000395,2025-03-18 10:41:00+00:00,2025-09-16 04:28:00+00:00,DEBIT,120.67,EUR,2228,CP6588,POS,REFSYS0MFS2EF,2024-08-25 20:45:00+00:00
TXN0000002680,ACC00000563,2025-12-08 10:58:00+00:00,2024-10-15 07:51:00+00:00,DEBIT,535.98,GBP,1550,,POS,REFC0YFXHFJE6,2026-03-16 07:26:00+00:00
TXN0000002681,ACC00000436,2025-12-13 00:43:00+00:00,2024-03-30 05:26:00+00:00,DEBIT,928.08,GBP,3834,CP5983,POS,REF94Z4TLS1DZ,2024-03-26 08:14:00+00:00
TXN0000002682,ACC00000510,2024-11-30 04:10:00+00:00,2025-03-11 13:22:00+00:00,DEBIT,1564.98,GBP,7369,CP9707,ONLINE,REF0N8DWLRHGV,2025-09-06 02:13:00+00:00
TXN0000002683,ACC00000323,2024-10-22 23:06:00+00:00,2025-02-11 01:11:00+00:00,DEBIT,121.22,USD,3807,CP7223,BRANCH,REFEH6O7YUO10,2025-04-16 04:53:00+00:00
TXN0000002684,ACC00000742,2024-04-08 09:50:00+00:00,2024-08-14 06:25:00+00:00,CREDIT,599.59,USD,3792,CP2100,ONLINE,REF4S7CX9SUX4,2025-10-31 19:23:00+00:00
TXN0000002685,ACC00000096,2024-06-06 00:25:00+00:00,2024-03-29 13:22:00+00:00,CREDIT,1902.62,USD,6318,CP4231,POS,REF407FIU6C9F,2024-10-28 02:24:00+00:00
TXN0000002686,ACC00000383,2025-02-22 15:02:00+00:00,2024-12-13 16:01:00+00:00,DEBIT,235.39,GBP,2673,CP3760,ONLINE,REFN1HJ74PCKB,2026-03-14 00:35:00+00:00
TXN0000002687,ACC00000049,2024-04-15 10:04:00+00:00,2025-03-04 04:16:00+00:00,DEBIT,883.84,GBP,4273,CP2040,POS,REFX3B80YGCNR,2026-02-04 09:09:00+00:00
TXN0000002688,ACC00000689,2024-09-19 10:47:00+00:00,2025-04-09 10:21:00+00:00,DEBIT,23.13,USD,4145,,ATM,REFENXQ395RA5,2024-01-06 09:55:00+00:00
TXN0000002689,ACC00000398,2025-08-25 18:09:00+00:00,2024-12-12 04:26:00+00:00,DEBIT,1697.27,EUR,6192,CP6511,ONLINE,REFGA74R2PTJ8,2024-04-30 01:49:00+00:00
TXN0000002690,ACC00000721,2024-01-20 03:55:00+00:00,2025-04-12 04:57:00+00:00,CREDIT,557.69,GBP,7869,CP3634,ATM,REFRLA49FD35F,2025-12-04 14:55:00+00:00
TXN0000002691,ACC00000415,2025-02-15 13:57:00+00:00,2024-02-25 21:15:00+00:00,CREDIT,758.23,USD,3138,CP3689,POS,REF8TPCOREH11,2025-08-05 23:19:00+00:00
TXN0000002692,ACC00000647,2024-09-12 06:54:00+00:00,2025-02-18 20:57:00+00:00,DEBIT,1437.5,GBP,9314,CP9256,ATM,REFQT20M0B6VZ,2024-06-24 11:37:00+00:00
TXN0000002693,ACC00000689,2026-01-27 16:09:00+00:00,2025-04-29 23:03:00+00:00,DEBIT,1413.79,GBP,5720,CP5625,POS,REF3061WBX6D9,2025-07-25 12:20:00+00:00
TXN0000002694,ACC00000013,2024-05-11 04:54:00+00:00,2024-05-27 14:46:00+00:00,DEBIT,398.12,USD,5761,CP5008,ONLINE,REFT1CVGPXO56,2024-10-20 03:42:00+00:00
TXN0000002695,ACC00000612,2024-05-19 08:02:00+00:00,2024-11-17 03:00:00+00:00,CREDIT,241.23,USD,4765,CP2368,ATM,REFE9SYXAHUVU,2025-05-16 16:51:00+00:00
TXN0000002696,ACC00000301,2024-02-02 10:14:00+00:00,2024-01-08 11:57:00+00:00,DEBIT,1338.51,USD,8983,CP7160,BRANCH,REFXAYI9LGC99,2024-11-28 12:40:00+00:00
TXN0000002697,ACC00000115,2025-08-24 04:11:00+00:00,2026-02-05 21:59:00+00:00,DEBIT,330.58,GBP,4002,CP7043,POS,REFRAI7C9WTRX,2024-03-07 08:34:00+00:00
TXN0000002698,ACC00000528,2025-11-11 05:03:00+00:00,2025-03-23 17:31:00+00:00,DEBIT,940.32,GBP,9865,CP7979,ONLINE,REFWIDB5N6WT0,2024-12-13 11:33:00+00:00
TXN0000002699,ACC00000137,2025-01-16 12:08:00+00:00,2024-02-12 13:37:00+00:00,CREDIT,64.0,USD,4008,CP1007,ONLINE,REFSH0ZVI1XU1,2025-03-12 12:36:00+00:00
TXN0000002700,ACC00000180,2025-11-01 00:06:00+00:00,2024-01-03 10:29:00+00:00,DEBIT,36.93,GBP,9192,,ONLINE,REFMVJ3PTTYZT,2024-05-28 19:47:00+00:00
TXN0000002701,ACC00000280,2025-11-10 23:39:00+00:00,2024-03-18 02:11:00+00:00,DEBIT,582.23,GBP,5163,CP4167,ONLINE,REFIEUVC4SPHG,2024-03-14 06:54:00+00:00
TXN0000002702,ACC00000540,2026-02-14 01:54:00+00:00,2024-03-26 22:33:00+00:00,DEBIT,549.54,GBP,1459,CP1664,POS,REFVUJA5DIDPB,2025-06-09 10:39:00+00:00
TXN0000002703,ACC00000069,2024-03-18 03:48:00+00:00,2024-04-03 12:29:00+00:00,DEBIT,475.16,EUR,2627,,POS,REFH8QUY19YSD,2025-12-29 05:58:00+00:00
TXN0000002704,ACC00000315,2024-07-31 08:34:00+00:00,2025-12-05 19:12:00+00:00,DEBIT,229.23,GBP,3748,CP5838,ATM,REF7MZ3HDHCR9,2024-01-15 08:42:00+00:00
TXN0000002705,ACC00000699,2024-11-10 06:14:00+00:00,2026-04-09 05:15:00+00:00,CREDIT,533.43,USD,6813,,POS,REF453J43ZEO4,2024-08-17 16:55:00+00:00
TXN0000002706,ACC00000293,2025-08-12 03:12:00+00:00,2025-01-08 06:36:00+00:00,DEBIT,615.94,GBP,3173,CP6982,BRANCH,REFUB961ZFGGM,2024-12-16 07:02:00+00:00
TXN0000002707,ACC00000622,2024-08-21 20:11:00+00:00,2026-04-02 07:48:00+00:00,DEBIT,1655.43,EUR,1956,CP6398,ATM,REF3512F34SX5,2025-09-19 12:03:00+00:00
TXN0000002708,ACC00000432,2025-01-07 05:33:00+00:00,2025-12-13 07:01:00+00:00,CREDIT,950.73,GBP,1706,CP5681,POS,REFH9GFRBD3LW,2025-05-06 06:10:00+00:00
TXN0000002709,ACC00000358,2025-01-22 03:50:00+00:00,2025-10-06 11:17:00+00:00,CREDIT,1076.39,GBP,5347,CP5335,ONLINE,REF5YHRXI0U4P,2025-07-21 11:53:00+00:00
TXN0000002710,ACC00000084,2024-08-07 05:15:00+00:00,2025-06-26 09:46:00+00:00,CREDIT,1835.76,GBP,5023,CP8258,POS,REFX238ZASWJF,2025-09-20 22:06:00+00:00
TXN0000002711,ACC00000212,2026-01-20 19:16:00+00:00,2025-08-19 22:20:00+00:00,CREDIT,65.23,GBP,4050,CP6573,POS,REF66NFVUINUW,2025-04-26 13:49:00+00:00
TXN0000002712,ACC00000456,2024-12-09 13:43:00+00:00,2024-03-24 13:21:00+00:00,CREDIT,582.26,USD,1762,CP3384,ONLINE,REFWJGAOVOQHO,2024-12-18 06:53:00+00:00
TXN0000002713,ACC00000586,2024-10-17 10:08:00+00:00,2025-04-29 01:57:00+00:00,DEBIT,432.1,USD,2139,CP4197,ONLINE,REF5W8T76OP3I,2024-06-30 19:47:00+00:00
TXN0000002714,ACC00000419,2024-08-09 09:11:00+00:00,2025-03-28 18:18:00+00:00,CREDIT,707.27,USD,9861,CP7276,ATM,REF0EPSEYHRTW,2024-07-17 19:21:00+00:00
TXN0000002715,ACC00000617,2025-05-27 12:19:00+00:00,2024-07-11 04:55:00+00:00,CREDIT,1414.1,GBP,3566,CP7038,ONLINE,REFMNW9Z0NJ0Z,2024-09-05 00:14:00+00:00
TXN0000002716,ACC00000140,2026-03-02 09:39:00+00:00,2024-04-20 22:33:00+00:00,DEBIT,580.67,GBP,9197,CP8491,ONLINE,REFECC241SGIM,2024-06-23 03:41:00+00:00
TXN0000002717,ACC00000786,2025-03-29 13:50:00+00:00,2024-08-20 01:09:00+00:00,DEBIT,1015.58,GBP,2928,CP2662,POS,REFDYLCTTCFYP,2024-01-11 13:40:00+00:00
TXN0000002718,ACC00000111,2024-01-06 05:16:00+00:00,2024-10-04 05:25:00+00:00,CREDIT,95.2,EUR,3514,CP3007,ONLINE,REFXHJ4PHU4VF,2025-09-27 17:34:00+00:00
TXN0000002719,ACC00000455,2025-08-20 16:27:00+00:00,2025-11-30 08:26:00+00:00,CREDIT,1274.29,EUR,5778,CP7936,ATM,REFN5N6RVEW2G,2024-02-07 01:00:00+00:00
TXN0000002720,ACC00000776,2025-03-15 06:17:00+00:00,2026-02-06 16:50:00+00:00,DEBIT,864.58,GBP,8888,CP6963,ATM,REFY9IIAHI01D,2026-03-06 18:00:00+00:00
TXN0000002721,ACC00000604,2024-06-27 23:03:00+00:00,2024-12-08 20:59:00+00:00,CREDIT,866.87,GBP,7509,CP7443,POS,REFCHLIPV8Z2G,2026-01-12 03:31:00+00:00
TXN0000002722,ACC00000764,2026-01-17 18:22:00+00:00,2025-12-01 10:47:00+00:00,DEBIT,371.91,USD,7863,CP8586,POS,REF5TFLDTXNT2,2025-11-04 03:21:00+00:00
TXN0000002723,ACC00000447,2024-09-10 13:48:00+00:00,2024-04-23 18:01:00+00:00,DEBIT,140.81,USD,8062,CP1223,BRANCH,REF8YSL32QQZP,2024-02-18 06:22:00+00:00
TXN0000002724,ACC00000428,2025-04-09 20:42:00+00:00,2024-05-26 23:02:00+00:00,DEBIT,1655.23,USD,8642,CP4991,ONLINE,REFDGOTICWV82,2025-09-14 23:51:00+00:00
TXN0000002725,ACC00000546,2025-04-29 20:57:00+00:00,2024-11-07 02:54:00+00:00,DEBIT,220.89,GBP,9406,CP6575,ONLINE,REF2JQ2I7HQNI,2025-04-17 14:29:00+00:00
TXN0000002726,ACC00000189,2026-04-20 07:17:00+00:00,2026-03-04 20:57:00+00:00,DEBIT,1743.93,GBP,4378,CP2876,ONLINE,REFOW8YMXWD6J,2025-07-08 22:50:00+00:00
TXN0000002727,ACC00000499,2025-11-08 18:35:00+00:00,2024-03-07 10:45:00+00:00,CREDIT,509.85,GBP,1426,CP2380,ONLINE,REF87ZTGLCNUB,2025-11-19 03:02:00+00:00
TXN0000002728,ACC00000434,2025-10-14 20:23:00+00:00,2024-11-08 17:32:00+00:00,DEBIT,14.6,GBP,4157,,ONLINE,REF3DM17802OE,2025-02-03 00:41:00+00:00
TXN0000002729,ACC00000627,2024-06-30 19:30:00+00:00,2024-02-03 10:06:00+00:00,CREDIT,37.84,GBP,2597,CP7697,POS,REFIQGHWXU3C9,2024-11-13 05:27:00+00:00
TXN0000002730,ACC00000695,2026-04-30 07:22:00+00:00,2024-02-21 19:14:00+00:00,DEBIT,67.25,GBP,9031,CP7392,ONLINE,REFZEXH4KJPCP,2026-03-29 12:29:00+00:00
TXN0000002731,ACC00000763,2025-02-18 02:21:00+00:00,2024-07-13 09:25:00+00:00,DEBIT,501.86,USD,3776,CP4009,ATM,REF4A9T9SJWW1,2025-02-16 02:48:00+00:00
TXN0000002732,ACC00000102,2025-12-05 05:24:00+00:00,2026-03-04 11:46:00+00:00,DEBIT,1264.71,GBP,5366,CP7662,ONLINE,REFRFESVZDNY3,2025-04-12 02:37:00+00:00
TXN0000002733,ACC00000735,2025-02-17 11:52:00+00:00,2024-09-10 07:26:00+00:00,CREDIT,478.79,USD,1822,CP4712,POS,REFV75TVJAUWN,2024-08-03 09:52:00+00:00
TXN0000002734,ACC00000681,2024-12-06 18:54:00+00:00,2024-07-26 07:00:00+00:00,DEBIT,783.72,GBP,4539,CP4290,POS,REFNVUAZRLJ7Q,2026-01-14 00:01:00+00:00
TXN0000002735,ACC00000639,2024-03-08 08:31:00+00:00,2024-11-19 15:45:00+00:00,DEBIT,1602.23,GBP,8791,CP3820,BRANCH,REF1YTUJG9W1U,2024-06-25 20:55:00+00:00
TXN0000002736,ACC00000762,2026-02-21 12:10:00+00:00,2026-03-01 11:44:00+00:00,DEBIT,792.92,USD,6739,CP6170,ATM,REFJ2V4GCZ39B,2025-10-08 19:44:00+00:00
TXN0000002737,ACC00000554,2025-01-13 07:55:00+00:00,2024-11-05 06:29:00+00:00,DEBIT,182.36,USD,2316,,ATM,REF5N97DP6NOL,2024-07-10 07:49:00+00:00
TXN0000002738,ACC00000184,2025-10-16 16:03:00+00:00,2025-12-18 01:00:00+00:00,CREDIT,794.59,GBP,4491,CP9631,ONLINE,REF2IYXCOHQY5,2024-11-06 04:20:00+00:00
TXN0000002739,ACC00000674,2025-09-26 13:26:00+00:00,2025-08-14 17:57:00+00:00,CREDIT,966.86,USD,8976,CP9136,POS,REFDGNEY26HRR,2025-11-27 23:42:00+00:00
TXN0000002740,ACC00000347,2024-11-03 03:17:00+00:00,2024-10-15 03:25:00+00:00,DEBIT,252.47,EUR,7813,CP5660,ONLINE,REF6CLVEZSLMM,2024-08-16 04:10:00+00:00
TXN0000002741,ACC00000576,2025-04-29 11:14:00+00:00,2026-02-28 08:14:00+00:00,DEBIT,2234.35,GBP,9766,CP5746,ATM,REFNKUBYRN2TQ,2024-09-20 22:17:00+00:00
TXN0000002742,ACC00000574,2024-09-12 12:54:00+00:00,2025-04-06 14:02:00+00:00,DEBIT,202.93,GBP,5224,,ONLINE,REFA8SHRHD76A,2025-07-13 07:54:00+00:00
TXN0000002743,ACC00000201,2025-08-18 22:23:00+00:00,2025-10-17 20:09:00+00:00,DEBIT,992.63,GBP,9690,CP4659,ONLINE,REFIIX52I1XR5,2025-07-08 14:27:00+00:00
TXN0000002744,ACC00000776,2024-06-12 09:56:00+00:00,2024-04-08 14:00:00+00:00,CREDIT,502.09,GBP,2840,CP7794,POS,REFGU7ZI8M8W6,2024-03-06 13:49:00+00:00
TXN0000002745,ACC00000519,2025-03-28 08:59:00+00:00,2026-04-28 23:17:00+00:00,DEBIT,1003.95,GBP,5965,CP1914,ONLINE,REFK9CA63K4N7,2026-01-31 09:23:00+00:00
TXN0000002746,ACC00000239,2026-02-22 12:27:00+00:00,2025-03-27 01:07:00+00:00,CREDIT,592.93,GBP,2666,CP8696,ATM,REFFHAYN68AK0,2025-05-08 00:58:00+00:00
TXN0000002747,ACC00000485,2026-01-06 10:42:00+00:00,2026-04-18 05:21:00+00:00,DEBIT,478.5,GBP,7238,CP7963,POS,REFZQFURC6GR5,2024-03-25 10:32:00+00:00
TXN0000002748,ACC00000677,2024-08-26 10:13:00+00:00,2025-12-21 22:55:00+00:00,DEBIT,1555.44,GBP,9104,CP1739,ONLINE,REF3WUMXQ446N,2025-06-12 19:41:00+00:00
TXN0000002749,ACC00000488,2025-07-28 18:44:00+00:00,2025-09-29 05:35:00+00:00,DEBIT,191.21,GBP,2632,CP5632,BRANCH,REFMA9ZOQ6602,2025-08-12 23:11:00+00:00
TXN0000002750,ACC00000443,2025-12-06 22:59:00+00:00,2025-11-27 07:55:00+00:00,DEBIT,45.27,GBP,5760,CP6485,ONLINE,REFSSU4Y5VQFS,2026-05-04 10:48:00+00:00
TXN0000002751,ACC00000053,2025-02-21 04:48:00+00:00,2024-08-05 20:52:00+00:00,DEBIT,502.9,USD,6346,,ONLINE,REF99NCSCYYHF,2025-12-16 19:13:00+00:00
TXN0000002752,ACC00000068,2025-10-11 18:35:00+00:00,2025-08-01 23:30:00+00:00,DEBIT,514.31,USD,2118,CP9972,ONLINE,REFTWZ8CQCG19,2024-01-19 16:42:00+00:00
TXN0000002753,ACC00000278,2024-12-13 23:15:00+00:00,2024-04-04 14:41:00+00:00,DEBIT,492.79,GBP,3512,CP2635,ATM,REFXK4DW6UDD2,2026-01-14 23:31:00+00:00
TXN0000002754,ACC00000501,2024-06-06 09:12:00+00:00,2025-07-06 11:24:00+00:00,DEBIT,213.62,GBP,1046,CP6939,ONLINE,REFJDGQK4M6YF,2024-05-10 14:19:00+00:00
TXN0000002755,ACC00000407,2025-12-25 12:31:00+00:00,2025-06-25 03:29:00+00:00,DEBIT,502.09,GBP,9335,CP9849,ONLINE,REF49Y0RJ8IR4,2025-02-14 03:19:00+00:00
TXN0000002756,ACC00000770,2025-08-29 04:19:00+00:00,2025-01-22 19:28:00+00:00,CREDIT,266.33,USD,5453,CP1907,ATM,REF7FE3WX2QXQ,2024-07-10 04:17:00+00:00
TXN0000002757,ACC00000601,2024-04-15 10:30:00+00:00,2025-01-18 01:22:00+00:00,CREDIT,464.99,USD,7988,CP7435,POS,REF9KYLDPVECN,2025-05-03 15:59:00+00:00
TXN0000002758,ACC00000029,2024-03-24 05:41:00+00:00,2025-09-10 03:31:00+00:00,CREDIT,0.42,GBP,6738,CP6107,ONLINE,REFDK5OK40JWP,2024-11-08 13:46:00+00:00
TXN0000002759,ACC00000524,2025-04-13 20:44:00+00:00,2026-01-27 07:44:00+00:00,DEBIT,398.6,EUR,5091,CP9093,ONLINE,REFESGPQWKINE,2025-12-24 02:12:00+00:00
TXN0000002760,ACC00000074,2025-03-04 06:47:00+00:00,2026-03-03 18:15:00+00:00,DEBIT,791.48,USD,9402,CP9569,ONLINE,REFPFDJJ4PJO4,2024-04-23 01:03:00+00:00
TXN0000002761,ACC00000739,2025-10-02 17:59:00+00:00,2024-02-01 22:04:00+00:00,DEBIT,224.91,GBP,6504,CP7077,ONLINE,REFUAXAKQWUDW,2025-08-18 15:29:00+00:00
TXN0000002762,ACC00000189,2024-08-17 10:17:00+00:00,2024-02-28 21:22:00+00:00,DEBIT,881.95,GBP,2493,CP7410,POS,REF1AU3JWB2NB,2025-03-07 11:03:00+00:00
TXN0000002763,ACC00000436,2024-08-05 21:18:00+00:00,2026-01-08 11:57:00+00:00,DEBIT,511.79,USD,5298,CP1420,ONLINE,REFYIOG6YL58A,2025-04-07 15:20:00+00:00
TXN0000002764,ACC00000359,2025-02-24 17:21:00+00:00,2026-04-25 18:05:00+00:00,DEBIT,1048.97,GBP,1642,CP7157,ONLINE,REFPQJFC7P7RG,2025-11-04 11:03:00+00:00
TXN0000002765,ACC00000383,2025-05-27 23:27:00+00:00,2026-03-04 12:38:00+00:00,DEBIT,1639.48,USD,7114,CP4321,ONLINE,REFSL20QH53X2,2024-06-29 17:40:00+00:00
TXN0000002766,ACC00000432,2024-09-09 21:36:00+00:00,2026-02-26 17:12:00+00:00,CREDIT,689.07,GBP,7605,CP5638,ONLINE,REFEKROMX3WW2,2024-06-10 02:49:00+00:00
TXN0000002767,ACC00000778,2024-01-27 13:50:00+00:00,2024-09-10 22:41:00+00:00,CREDIT,69.07,GBP,9840,CP8062,POS,REFY201KTQN4V,2025-09-25 03:03:00+00:00
TXN0000002768,ACC00000150,2024-04-13 12:46:00+00:00,2024-03-16 15:37:00+00:00,DEBIT,233.94,GBP,5751,CP3353,POS,REFNI6JFN515C,2024-12-25 03:12:00+00:00
TXN0000002769,ACC00000748,2025-07-05 04:18:00+00:00,2024-08-04 12:18:00+00:00,CREDIT,1160.24,GBP,6685,CP3322,POS,REFKT16AGWPYY,2024-07-07 21:29:00+00:00
TXN0000002770,ACC00000362,2025-08-02 15:37:00+00:00,2025-10-21 15:01:00+00:00,DEBIT,711.57,GBP,4507,,ONLINE,REFLM2T7NO3HJ,2025-09-06 09:41:00+00:00
TXN0000002771,ACC00000305,2025-10-16 07:39:00+00:00,2025-06-15 19:45:00+00:00,DEBIT,252.11,GBP,5131,CP7345,ONLINE,REFFLHYKRA3M6,2025-06-10 09:21:00+00:00
TXN0000002772,ACC00000063,2025-09-15 17:50:00+00:00,2026-04-16 08:46:00+00:00,DEBIT,1030.03,USD,1893,CP6515,ONLINE,REFR1C3ZTCKXH,2026-04-29 03:31:00+00:00
TXN0000002773,ACC00000492,2025-11-04 02:26:00+00:00,2024-11-03 01:24:00+00:00,DEBIT,508.69,GBP,2625,CP7861,POS,REF0A7C8QTTEE,2025-04-08 04:17:00+00:00
TXN0000002774,ACC00000576,2024-04-08 11:55:00+00:00,2024-12-24 22:45:00+00:00,DEBIT,1340.65,GBP,1770,CP1915,ONLINE,REFFROEVIBB80,2024-01-06 17:57:00+00:00
TXN0000002775,ACC00000531,2024-08-17 21:32:00+00:00,2026-03-31 20:18:00+00:00,DEBIT,339.82,GBP,8566,CP1725,ATM,REFVA9PXNEKR5,2026-03-31 14:27:00+00:00
TXN0000002776,ACC00000370,2024-03-26 03:25:00+00:00,2024-12-29 04:47:00+00:00,DEBIT,2026.77,GBP,6956,CP3601,POS,REF1D9JFW8WU3,2026-01-09 15:26:00+00:00
TXN0000002777,ACC00000489,2026-03-11 16:41:00+00:00,2024-12-08 18:12:00+00:00,DEBIT,888.94,GBP,3860,CP9107,ONLINE,REFJN6KBSR3CK,2025-02-28 02:35:00+00:00
TXN0000002778,ACC00000394,2024-07-20 22:29:00+00:00,2025-01-12 14:01:00+00:00,DEBIT,93.0,USD,9991,CP4199,POS,REF7QGLZIOZY9,2025-11-04 00:23:00+00:00
TXN0000002779,ACC00000434,2024-03-31 00:15:00+00:00,2025-11-10 15:54:00+00:00,CREDIT,902.34,USD,8418,CP8311,ONLINE,REFGCP3HYW7V3,2025-02-04 07:55:00+00:00
TXN0000002780,ACC00000686,2024-01-24 15:51:00+00:00,2025-01-26 11:00:00+00:00,DEBIT,1702.3,GBP,8763,CP5240,ATM,REF2OF6AIKRAX,2024-11-26 15:26:00+00:00
TXN0000002781,ACC00000460,2024-08-01 15:08:00+00:00,2025-08-13 08:25:00+00:00,CREDIT,1195.2,USD,3696,CP8085,ONLINE,REF1O2FY72J2J,2025-08-09 04:01:00+00:00
TXN0000002782,ACC00000350,2025-01-23 01:30:00+00:00,2024-07-03 00:30:00+00:00,CREDIT,603.23,USD,3280,CP8693,POS,REFVHCP7EZ66R,2026-01-30 12:09:00+00:00
TXN0000002783,ACC00000398,2025-12-08 05:49:00+00:00,2025-07-04 20:20:00+00:00,CREDIT,1265.92,GBP,6565,CP7826,POS,REF8I0IRY4B15,2025-10-26 09:22:00+00:00
TXN0000002784,ACC00000677,2026-04-30 00:06:00+00:00,2025-03-11 04:41:00+00:00,DEBIT,549.4,GBP,8743,CP3562,ONLINE,REFTKZBSKMBOT,2025-06-26 01:43:00+00:00
TXN0000002785,ACC00000670,2024-10-07 17:39:00+00:00,2026-01-08 05:28:00+00:00,CREDIT,1021.22,EUR,6257,CP2802,ONLINE,REFY8TNFVAMBM,2026-03-03 18:55:00+00:00
TXN0000002786,ACC00000104,2025-03-09 15:35:00+00:00,2024-04-23 18:42:00+00:00,DEBIT,1131.92,GBP,1775,CP3083,POS,REFWMVWSP4V7N,2025-05-24 10:41:00+00:00
TXN0000002787,ACC00000413,2025-12-29 00:35:00+00:00,2026-04-18 05:26:00+00:00,DEBIT,2682.04,USD,3109,CP5184,ONLINE,REFM7HKUWNP5H,2024-08-23 20:04:00+00:00
TXN0000002788,ACC00000157,2024-05-23 12:46:00+00:00,2024-01-27 04:59:00+00:00,CREDIT,1479.5,GBP,3862,CP5180,ONLINE,REFGIT0XXB6QP,2024-10-09 05:25:00+00:00
TXN0000002789,ACC00000796,2024-10-08 18:13:00+00:00,2026-04-30 20:42:00+00:00,DEBIT,416.75,GBP,6510,CP6559,POS,REFWARIKIUSH9,2024-12-22 04:28:00+00:00
TXN0000002790,ACC00000031,2024-04-30 04:07:00+00:00,2025-01-27 23:52:00+00:00,CREDIT,765.41,GBP,5071,CP3855,ONLINE,REF0ZHIDMY1KM,2025-02-11 10:09:00+00:00
TXN0000002791,ACC00000515,2024-10-19 12:50:00+00:00,2024-03-07 03:35:00+00:00,DEBIT,357.18,GBP,2927,CP5301,ONLINE,REF0KIC78R697,2024-03-26 11:05:00+00:00
TXN0000002792,ACC00000255,2024-07-20 18:49:00+00:00,2025-03-22 16:55:00+00:00,DEBIT,965.15,GBP,3564,CP2431,BRANCH,REF2E4XTS56BY,2025-12-12 01:56:00+00:00
TXN0000002793,ACC00000420,2024-10-31 14:25:00+00:00,2024-01-21 23:07:00+00:00,CREDIT,655.91,GBP,4025,CP5438,POS,REF61K5TGYD7G,2025-08-31 12:32:00+00:00
TXN0000002794,ACC00000319,2024-07-07 10:41:00+00:00,2024-01-28 19:56:00+00:00,DEBIT,1003.91,USD,8780,CP4012,ATM,REFCID8CA8QG7,2024-08-27 22:52:00+00:00
TXN0000002795,ACC00000149,2024-10-11 04:47:00+00:00,2026-03-17 07:27:00+00:00,CREDIT,229.5,GBP,3764,CP5935,ONLINE,REFU19TKRYZ67,2025-01-29 15:34:00+00:00
TXN0000002796,ACC00000501,2025-08-15 20:10:00+00:00,2024-01-04 18:41:00+00:00,DEBIT,599.36,GBP,7108,CP2197,ONLINE,REFVOMJ5R9FZB,2025-07-23 03:11:00+00:00
TXN0000002797,ACC00000190,2025-02-01 22:18:00+00:00,2024-03-10 18:17:00+00:00,CREDIT,1469.73,GBP,5408,,POS,REFFHLC5U40YI,2025-05-10 12:19:00+00:00
TXN0000002798,ACC00000042,2024-12-18 12:13:00+00:00,2025-08-08 00:52:00+00:00,DEBIT,306.03,GBP,5676,CP6573,ONLINE,REF4QSOZWNDPD,2025-10-25 08:12:00+00:00
TXN0000002799,ACC00000216,2026-04-15 06:38:00+00:00,2025-07-23 02:41:00+00:00,CREDIT,648.6,USD,6992,CP8836,BRANCH,REF9HGHUEQ5U6,2026-04-08 02:26:00+00:00
TXN0000002800,ACC00000024,2024-04-21 14:08:00+00:00,2025-04-23 01:03:00+00:00,CREDIT,875.77,GBP,6158,CP2163,POS,REF2JIXP3W86A,2024-12-18 07:09:00+00:00
TXN0000002801,ACC00000716,2026-02-05 18:55:00+00:00,2024-07-20 04:31:00+00:00,CREDIT,60.71,USD,1194,CP5001,BRANCH,REFQPKYKSTNEC,2025-03-07 03:48:00+00:00
TXN0000002802,ACC00000289,2026-04-05 18:40:00+00:00,2025-12-07 12:42:00+00:00,DEBIT,43.83,GBP,5051,CP1277,ONLINE,REFWLHMAPZWZK,2024-08-08 18:01:00+00:00
TXN0000002803,ACC00000796,2024-11-03 00:13:00+00:00,2024-06-21 16:01:00+00:00,DEBIT,955.61,USD,1218,CP1205,ONLINE,REFT8V3NRO003,2025-11-11 11:42:00+00:00
TXN0000002804,ACC00000305,2025-02-08 18:16:00+00:00,2024-12-18 21:42:00+00:00,CREDIT,185.95,GBP,8420,CP4915,ATM,REFMMEI67Z0IW,2025-02-05 13:26:00+00:00
TXN0000002805,ACC00000496,2025-06-01 21:05:00+00:00,2025-12-07 16:29:00+00:00,DEBIT,528.06,GBP,6196,CP6746,POS,REFO651QADYMS,2024-12-19 12:00:00+00:00
TXN0000002806,ACC00000549,2025-11-14 03:11:00+00:00,2025-04-21 15:54:00+00:00,CREDIT,2256.81,GBP,9943,CP7844,POS,REF29HQTING52,2024-01-13 16:25:00+00:00
TXN0000002807,ACC00000456,2025-10-19 13:44:00+00:00,2025-05-22 01:05:00+00:00,CREDIT,740.16,EUR,3171,CP1155,POS,REFZZFP7M2UH1,2024-04-08 00:20:00+00:00
TXN0000002808,ACC00000025,2025-01-27 22:18:00+00:00,2024-10-11 21:37:00+00:00,CREDIT,651.41,GBP,6411,CP5070,POS,REFE77BAZ9C33,2024-05-22 19:10:00+00:00
TXN0000002809,ACC00000100,2025-08-03 14:05:00+00:00,2025-04-20 04:44:00+00:00,CREDIT,352.98,EUR,5118,CP1659,POS,REFT5BIWDM32C,2024-02-27 05:29:00+00:00
TXN0000002810,ACC00000224,2025-09-27 13:28:00+00:00,2025-01-29 16:08:00+00:00,CREDIT,1465.6,GBP,8011,CP6377,ONLINE,REFPOYMUCIDBI,2024-09-21 07:32:00+00:00
TXN0000002811,ACC00000434,2025-11-19 00:26:00+00:00,2024-04-12 03:36:00+00:00,DEBIT,1757.49,GBP,8690,,ONLINE,REF4QOW8HPG4G,2025-05-21 21:07:00+00:00
TXN0000002812,ACC00000623,2025-11-29 17:14:00+00:00,2024-12-09 13:41:00+00:00,CREDIT,75.58,USD,8214,CP9897,ONLINE,REFT7OCKVAFTS,2025-04-24 21:57:00+00:00
TXN0000002813,ACC00000275,2024-08-11 10:14:00+00:00,2025-11-02 23:38:00+00:00,CREDIT,1460.82,GBP,3433,CP1942,POS,REF74JRLUUJ8I,2026-04-18 18:43:00+00:00
TXN0000002814,ACC00000300,2025-09-06 03:02:00+00:00,2025-02-14 09:27:00+00:00,DEBIT,2772.45,EUR,4894,CP7596,POS,REF2C1MJAPV6R,2024-08-10 14:07:00+00:00
TXN0000002815,ACC00000201,2024-04-17 12:06:00+00:00,2024-01-29 15:28:00+00:00,CREDIT,1320.81,GBP,7146,CP6039,ONLINE,REF3455NXL11V,2025-10-14 10:05:00+00:00
TXN0000002816,ACC00000748,2024-06-22 11:50:00+00:00,2024-07-26 20:20:00+00:00,DEBIT,1857.23,EUR,8237,CP9970,ONLINE,REFE6UAA3NKKK,2026-01-14 04:50:00+00:00
TXN0000002817,ACC00000315,2026-03-02 18:01:00+00:00,2025-08-31 11:24:00+00:00,CREDIT,367.3,GBP,8945,CP6964,ATM,REF74MNY1W6ER,2025-01-06 02:44:00+00:00
TXN0000002818,ACC00000475,2024-04-26 12:49:00+00:00,2025-12-13 18:43:00+00:00,DEBIT,1114.84,USD,9522,CP2416,ATM,REFT1I0GAR50N,2024-02-26 11:00:00+00:00
TXN0000002819,ACC00000157,2026-01-05 07:36:00+00:00,2024-04-24 18:52:00+00:00,DEBIT,300.08,GBP,4133,,POS,REFFQT92GN00T,2025-09-05 14:05:00+00:00
TXN0000002820,ACC00000283,2025-09-08 08:46:00+00:00,2024-06-20 04:02:00+00:00,CREDIT,1489.62,GBP,1179,CP1220,BRANCH,REFMCEQE5SWCF,2025-04-15 08:59:00+00:00
TXN0000002821,ACC00000653,2025-08-22 01:48:00+00:00,2024-12-28 03:13:00+00:00,CREDIT,1295.42,USD,8271,CP8223,ONLINE,REFXDCVUF87XR,2025-09-18 02:36:00+00:00
TXN0000002822,ACC00000236,2026-02-11 02:12:00+00:00,2025-01-12 12:15:00+00:00,CREDIT,825.02,GBP,6232,CP9649,ONLINE,REFPLH2X4LT3L,2025-04-20 00:51:00+00:00
TXN0000002823,ACC00000511,2024-08-19 07:17:00+00:00,2026-01-16 18:59:00+00:00,DEBIT,50.63,EUR,2318,CP1463,POS,REF4620R8AWOJ,2025-04-10 21:49:00+00:00
TXN0000002824,ACC00000508,2024-10-05 06:30:00+00:00,2026-01-26 21:29:00+00:00,DEBIT,58.08,GBP,7670,CP1900,ATM,REF3FK6EZ1169,2024-08-18 04:03:00+00:00
TXN0000002825,ACC00000107,2025-11-12 13:53:00+00:00,2026-03-27 09:46:00+00:00,DEBIT,311.3,GBP,4302,CP5389,BRANCH,REFL4UF1A709A,2024-09-28 20:37:00+00:00
TXN0000002826,ACC00000427,2025-05-08 21:51:00+00:00,2025-06-27 21:39:00+00:00,DEBIT,1431.53,GBP,9904,,BRANCH,REFJV3TFBAX07,2025-07-07 05:10:00+00:00
TXN0000002827,ACC00000461,2024-07-29 21:17:00+00:00,2024-06-27 11:02:00+00:00,CREDIT,624.48,GBP,1073,CP7488,POS,REF4MIOU60KIF,2025-07-11 07:22:00+00:00
TXN0000002828,ACC00000216,2025-06-30 03:18:00+00:00,2024-02-19 15:22:00+00:00,CREDIT,656.81,GBP,7564,CP2600,POS,REF32BCQUNM1Q,2025-08-25 09:38:00+00:00
TXN0000002829,ACC00000314,2024-02-16 18:34:00+00:00,2024-04-18 13:29:00+00:00,DEBIT,2716.91,GBP,7983,CP1058,POS,REFKSOVESIG5P,2025-08-23 15:54:00+00:00
TXN0000002830,ACC00000694,2026-03-27 22:16:00+00:00,2026-02-03 08:56:00+00:00,CREDIT,1025.08,GBP,3965,CP6371,ONLINE,REF4OC9G2W637,2024-05-16 19:17:00+00:00
TXN0000002831,ACC00000694,2024-03-31 23:03:00+00:00,2026-04-09 23:33:00+00:00,DEBIT,427.81,USD,7624,CP6725,ATM,REFB09J312A0W,2025-08-31 00:46:00+00:00
TXN0000002832,ACC00000156,2024-03-13 13:31:00+00:00,2025-03-02 20:30:00+00:00,DEBIT,385.43,USD,8910,CP7870,ONLINE,REFNC6CEDHAFS,2024-10-18 00:51:00+00:00
TXN0000002833,ACC00000769,2025-09-06 06:02:00+00:00,2024-07-12 11:34:00+00:00,DEBIT,700.24,USD,5897,,POS,REF40NNSZYI5E,2025-06-11 06:21:00+00:00
TXN0000002834,ACC00000740,2024-03-16 08:58:00+00:00,2024-05-03 17:08:00+00:00,DEBIT,608.99,GBP,1213,CP1210,POS,REFQTH7SG2E69,2025-02-02 19:53:00+00:00
TXN0000002835,ACC00000748,2025-07-11 02:06:00+00:00,2026-01-18 03:31:00+00:00,DEBIT,698.32,GBP,1630,CP9436,ONLINE,REFDPVSQBJZP3,2026-05-03 17:47:00+00:00
TXN0000002836,ACC00000273,2025-02-14 00:18:00+00:00,2026-01-14 15:16:00+00:00,CREDIT,592.08,USD,8520,CP9437,POS,REFRIZ56O9R4F,2024-03-18 15:45:00+00:00
TXN0000002837,ACC00000132,2025-08-15 20:45:00+00:00,2025-06-05 14:18:00+00:00,DEBIT,2571.71,GBP,4418,CP1099,ATM,REFNNLC2ZF055,2026-01-04 23:08:00+00:00
TXN0000002838,ACC00000064,2025-08-27 21:42:00+00:00,2025-05-26 14:38:00+00:00,CREDIT,2856.06,USD,8647,CP8839,ONLINE,REF3MA2TDWD5M,2024-02-24 15:50:00+00:00
TXN0000002839,ACC00000545,2024-03-26 00:03:00+00:00,2024-09-01 11:55:00+00:00,DEBIT,1457.04,USD,3231,CP9565,ONLINE,REF92NL6WLZ6H,2025-05-22 02:34:00+00:00
TXN0000002840,ACC00000263,2024-11-15 20:57:00+00:00,2025-09-20 19:42:00+00:00,DEBIT,317.0,GBP,3782,CP8942,POS,REFUJTZTZR4YO,2025-07-23 05:49:00+00:00
TXN0000002841,ACC00000427,2024-06-14 01:09:00+00:00,2025-11-25 10:41:00+00:00,CREDIT,1296.35,USD,2824,CP5146,ONLINE,REFCS1I329RXG,2024-02-22 05:50:00+00:00
TXN0000002842,ACC00000271,2025-06-26 17:53:00+00:00,2025-07-17 09:13:00+00:00,CREDIT,546.43,GBP,9184,CP1876,ONLINE,REFORZUT86SKG,2025-04-26 11:13:00+00:00
TXN0000002843,ACC00000792,2025-03-03 13:59:00+00:00,2025-07-03 07:23:00+00:00,DEBIT,716.96,USD,7392,CP4994,POS,REFPN1QFSK6A1,2024-09-16 21:33:00+00:00
TXN0000002844,ACC00000387,2024-05-01 12:58:00+00:00,2025-01-30 19:37:00+00:00,CREDIT,974.25,USD,5492,CP2091,BRANCH,REFHFIWFPSDHF,2025-05-19 04:26:00+00:00
TXN0000002845,ACC00000732,2025-07-11 01:47:00+00:00,2025-08-27 15:48:00+00:00,DEBIT,1537.0,USD,9729,CP9822,ATM,REF2DUXYHK8WM,2025-03-09 01:17:00+00:00
TXN0000002846,ACC00000275,2024-03-15 19:38:00+00:00,2024-05-07 05:22:00+00:00,CREDIT,1302.14,GBP,1246,CP3331,ONLINE,REF3SBUPKKKM8,2026-02-02 17:27:00+00:00
TXN0000002847,ACC00000135,2024-02-10 07:18:00+00:00,2024-05-28 01:53:00+00:00,CREDIT,762.37,GBP,4563,CP4767,POS,REFM0CP5S0M00,2025-07-16 13:56:00+00:00
TXN0000002848,ACC00000461,2024-05-27 03:54:00+00:00,2024-03-23 19:12:00+00:00,CREDIT,640.44,GBP,7553,CP5608,POS,REFPE5SDDK6YG,2026-01-08 00:06:00+00:00
TXN0000002849,ACC00000323,2026-02-27 06:16:00+00:00,2024-03-04 22:24:00+00:00,CREDIT,395.79,USD,2129,CP5311,POS,REFILL0S8NJEB,2025-03-14 19:57:00+00:00
TXN0000002850,ACC00000472,2025-05-28 23:59:00+00:00,2024-09-17 13:40:00+00:00,CREDIT,350.91,USD,5681,CP6515,POS,REFDPL68IUCSG,2026-01-09 02:00:00+00:00
TXN0000002851,ACC00000695,2024-12-03 09:35:00+00:00,2025-08-14 03:09:00+00:00,CREDIT,488.21,GBP,6830,CP9870,ONLINE,REFLD8MPH4TBR,2024-08-06 07:03:00+00:00
TXN0000002852,ACC00000178,2024-09-24 04:03:00+00:00,2025-01-25 15:07:00+00:00,DEBIT,803.59,GBP,5975,CP1381,ATM,REF2HPFF1YULY,2025-09-14 19:22:00+00:00
TXN0000002853,ACC00000424,2024-08-02 10:12:00+00:00,2025-08-14 02:36:00+00:00,DEBIT,2485.07,EUR,5109,CP8170,ONLINE,REFT1N1ESM6IJ,2025-10-08 18:38:00+00:00
TXN0000002854,ACC00000626,2024-03-17 13:03:00+00:00,2025-03-06 18:36:00+00:00,CREDIT,1209.67,GBP,1415,CP4313,BRANCH,REF8NHG04UVQ8,2024-07-27 22:30:00+00:00
TXN0000002855,ACC00000297,2025-12-13 15:36:00+00:00,2024-07-12 06:23:00+00:00,DEBIT,355.22,EUR,3986,CP3044,POS,REFJ4LTWRNGBQ,2025-07-01 02:24:00+00:00
TXN0000002856,ACC00000179,2025-11-18 03:31:00+00:00,2024-09-01 21:02:00+00:00,CREDIT,348.33,USD,2308,CP6281,ATM,REFJI0SWV2LN8,2025-08-08 13:36:00+00:00
TXN0000002857,ACC00000794,2026-05-07 18:06:00+00:00,2024-08-05 20:04:00+00:00,DEBIT,112.87,USD,6932,CP2227,ONLINE,REFEHW0C0BZCY,2025-05-01 17:35:00+00:00
TXN0000002858,ACC00000404,2024-07-29 17:24:00+00:00,2024-09-08 17:30:00+00:00,CREDIT,657.51,USD,7264,CP6776,ONLINE,REFMO2KU6ZZXX,2024-06-06 00:45:00+00:00
TXN0000002859,ACC00000448,2024-03-01 02:20:00+00:00,2025-07-24 06:02:00+00:00,DEBIT,336.28,USD,6453,CP8294,POS,REFDUN3VJ7ZX6,2026-03-05 05:05:00+00:00
TXN0000002860,ACC00000313,2026-03-17 15:06:00+00:00,2024-11-24 20:25:00+00:00,DEBIT,938.63,USD,1316,CP3792,BRANCH,REFO1YD3O5JLY,2024-01-23 09:19:00+00:00
TXN0000002861,ACC00000293,2025-12-19 02:50:00+00:00,2025-06-27 04:32:00+00:00,DEBIT,928.32,GBP,6323,CP7025,ONLINE,REFEGL0B549U9,2025-03-22 23:52:00+00:00
TXN0000002862,ACC00000762,2025-05-22 03:13:00+00:00,2026-03-27 23:46:00+00:00,DEBIT,255.75,GBP,9562,CP7583,ONLINE,REFJ4F9SOR55F,2024-09-17 03:08:00+00:00
TXN0000002863,ACC00000392,2024-05-18 22:06:00+00:00,2026-03-12 15:23:00+00:00,CREDIT,1517.82,USD,5600,CP8119,ONLINE,REFFV0LK4G8PA,2025-02-17 07:50:00+00:00
TXN0000002864,ACC00000211,2025-08-19 21:19:00+00:00,2024-08-25 07:21:00+00:00,CREDIT,699.25,GBP,5927,CP6877,BRANCH,REFOYMTYSZ70N,2024-12-31 08:16:00+00:00
TXN0000002865,ACC00000310,2026-04-16 00:08:00+00:00,2024-12-05 05:27:00+00:00,DEBIT,829.68,USD,2162,CP9468,POS,REF42FGTCJ8LV,2024-09-06 12:05:00+00:00
TXN0000002866,ACC00000681,2024-11-06 14:42:00+00:00,2025-12-07 05:03:00+00:00,DEBIT,1720.18,GBP,5444,CP7737,POS,REFATGW6O9YM6,2025-12-24 19:19:00+00:00
TXN0000002867,ACC00000260,2024-01-05 05:59:00+00:00,2024-05-19 19:43:00+00:00,DEBIT,265.6,EUR,3942,CP8173,BRANCH,REF41COLBYRS5,2026-02-28 00:27:00+00:00
TXN0000002868,ACC00000488,2025-06-17 17:51:00+00:00,2024-10-10 17:31:00+00:00,DEBIT,640.12,GBP,3077,CP8134,ONLINE,REFASH3W6ZXKR,2025-10-23 07:03:00+00:00
TXN0000002869,ACC00000605,2025-11-01 02:18:00+00:00,2024-09-16 15:32:00+00:00,DEBIT,460.52,EUR,9810,CP2462,ONLINE,REF8G9UFH1H5I,2025-11-03 23:31:00+00:00
TXN0000002870,ACC00000619,2024-04-04 03:08:00+00:00,2024-05-06 03:11:00+00:00,DEBIT,920.51,GBP,4668,CP4970,ONLINE,REF4DBI9GOK7H,2024-12-13 19:08:00+00:00
TXN0000002871,ACC00000230,2025-06-30 14:54:00+00:00,2025-07-25 05:25:00+00:00,CREDIT,713.34,GBP,6374,CP4254,ONLINE,REFTH7YKOCU2E,2024-03-09 15:01:00+00:00
TXN0000002872,ACC00000210,2025-10-09 09:20:00+00:00,2025-08-28 21:37:00+00:00,CREDIT,582.91,GBP,7578,CP6768,BRANCH,REFM8QRX85RF0,2025-09-10 17:51:00+00:00
TXN0000002873,ACC00000007,2024-05-19 15:59:00+00:00,2024-07-20 09:47:00+00:00,DEBIT,1198.69,USD,1556,CP5094,POS,REFDPWCFGYDRG,2025-07-27 13:21:00+00:00
TXN0000002874,ACC00000246,2025-12-14 02:49:00+00:00,2025-01-12 03:28:00+00:00,DEBIT,495.34,USD,3191,CP6462,POS,REFR0GCG2K1R1,2026-04-15 17:25:00+00:00
TXN0000002875,ACC00000499,2025-09-14 06:27:00+00:00,2024-08-24 18:10:00+00:00,CREDIT,552.07,GBP,3209,CP1982,ONLINE,REFEDC8XQYVQ9,2024-07-28 04:26:00+00:00
TXN0000002876,ACC00000703,2025-05-02 16:23:00+00:00,2026-03-30 04:08:00+00:00,CREDIT,687.75,GBP,4835,CP6394,ONLINE,REFW0XZZU1A00,2026-04-12 08:27:00+00:00
TXN0000002877,ACC00000716,2025-05-17 12:18:00+00:00,2025-08-15 07:05:00+00:00,DEBIT,311.3,USD,6841,CP4971,BRANCH,REFVQV8ONBL7R,2026-03-21 13:27:00+00:00
TXN0000002878,ACC00000660,2025-03-14 06:38:00+00:00,2025-03-27 20:29:00+00:00,CREDIT,1646.45,GBP,2049,CP2957,POS,REFZWNEKANZHG,2024-06-30 17:42:00+00:00
TXN0000002879,ACC00000060,2024-03-14 07:35:00+00:00,2025-06-06 13:21:00+00:00,DEBIT,656.67,USD,2343,CP8019,ONLINE,REFHJQD34Q754,2026-02-23 04:55:00+00:00
TXN0000002880,ACC00000666,2026-03-18 02:02:00+00:00,2024-01-09 07:36:00+00:00,DEBIT,1245.38,USD,8988,CP3903,POS,REF9UM6S86L9H,2024-01-10 08:24:00+00:00
TXN0000002881,ACC00000732,2025-10-14 15:19:00+00:00,2025-10-28 08:43:00+00:00,CREDIT,373.81,USD,5916,CP6271,ONLINE,REFPUATDGFHJ5,2024-02-22 11:10:00+00:00
TXN0000002882,ACC00000480,2025-09-21 03:42:00+00:00,2026-01-08 14:23:00+00:00,DEBIT,377.35,EUR,9373,CP3027,POS,REFNFOG6YH080,2026-03-26 19:34:00+00:00
TXN0000002883,ACC00000132,2025-01-23 03:50:00+00:00,2026-05-06 20:41:00+00:00,CREDIT,178.83,USD,7654,CP5290,ATM,REF8I6RTRAH5D,2025-09-29 12:42:00+00:00
TXN0000002884,ACC00000160,2025-08-14 09:10:00+00:00,2024-02-26 10:20:00+00:00,DEBIT,1223.43,GBP,4102,CP4920,ATM,REF81CX8PP8WR,2024-09-06 22:39:00+00:00
TXN0000002885,ACC00000667,2024-09-12 20:09:00+00:00,2025-05-08 22:42:00+00:00,DEBIT,1345.12,GBP,7807,CP8320,ONLINE,REF9I5M6O2FS2,2026-04-26 05:38:00+00:00
TXN0000002886,ACC00000267,2024-05-01 11:18:00+00:00,2025-05-21 23:30:00+00:00,DEBIT,582.13,GBP,4975,,ONLINE,REFIRXBAV48KF,2024-05-11 02:09:00+00:00
TXN0000002887,ACC00000189,2024-02-19 02:45:00+00:00,2026-03-10 18:05:00+00:00,DEBIT,1236.35,GBP,9852,CP1271,POS,REF2T23EBIE7V,2024-12-19 06:15:00+00:00
TXN0000002888,ACC00000635,2024-08-31 02:58:00+00:00,2025-04-14 09:13:00+00:00,CREDIT,343.48,USD,1756,CP6287,ONLINE,REF6XQ99T9X0O,2024-04-16 03:55:00+00:00
TXN0000002889,ACC00000069,2024-12-09 06:21:00+00:00,2024-03-16 04:42:00+00:00,CREDIT,796.75,GBP,6736,CP3109,ONLINE,REFAD3JBOQAJL,2025-10-22 22:57:00+00:00
TXN0000002890,ACC00000292,2024-02-22 13:38:00+00:00,2024-11-04 06:19:00+00:00,DEBIT,764.16,EUR,9829,CP4591,ATM,REFHA6J5XH0N7,2025-03-30 18:42:00+00:00
TXN0000002891,ACC00000316,2025-11-10 13:42:00+00:00,2025-10-18 10:13:00+00:00,DEBIT,229.4,USD,5148,CP7960,POS,REFWRM2NMC40Q,2026-03-06 13:20:00+00:00
TXN0000002892,ACC00000071,2024-07-08 12:04:00+00:00,2024-12-24 07:32:00+00:00,CREDIT,396.72,GBP,7417,,ATM,REF9N7LA07BWF,2024-10-09 11:26:00+00:00
TXN0000002893,ACC00000235,2025-02-20 17:16:00+00:00,2025-12-13 02:04:00+00:00,DEBIT,1231.05,GBP,1545,CP9695,POS,REF7CIFSBH63F,2026-01-01 01:20:00+00:00
TXN0000002894,ACC00000087,2026-04-13 11:21:00+00:00,2025-12-07 10:31:00+00:00,CREDIT,855.15,USD,8775,CP3180,POS,REFGBKWRWDOTD,2026-01-20 11:45:00+00:00
TXN0000002895,ACC00000663,2024-06-20 10:11:00+00:00,2024-12-26 01:54:00+00:00,CREDIT,129.89,GBP,1097,CP9374,POS,REF88ZB9WD763,2026-05-01 12:39:00+00:00
TXN0000002896,ACC00000162,2026-02-14 20:31:00+00:00,2025-08-24 04:57:00+00:00,DEBIT,334.82,GBP,5306,CP3326,ATM,REF2ZP23S2QUS,2024-01-16 07:28:00+00:00
TXN0000002897,ACC00000174,2026-01-27 09:57:00+00:00,2025-04-15 05:03:00+00:00,CREDIT,145.93,USD,4749,CP7062,BRANCH,REFWJW62Z10I4,2024-09-09 03:59:00+00:00
TXN0000002898,ACC00000139,2024-03-17 00:08:00+00:00,2025-09-25 08:32:00+00:00,DEBIT,1317.44,GBP,6526,CP6363,ONLINE,REFLYCEKUQJMN,2024-10-09 16:54:00+00:00
TXN0000002899,ACC00000496,2025-10-10 11:18:00+00:00,2024-02-05 23:50:00+00:00,CREDIT,700.45,GBP,2718,CP4821,ONLINE,REFPWRCKYDMSJ,2024-02-01 01:31:00+00:00
TXN0000002900,ACC00000172,2025-05-13 23:51:00+00:00,2024-07-11 12:37:00+00:00,DEBIT,696.87,USD,8977,CP1820,POS,REFN7LZWR6PUS,2026-02-02 06:16:00+00:00
TXN0000002901,ACC00000336,2024-03-07 22:29:00+00:00,2025-12-19 11:28:00+00:00,DEBIT,1774.52,USD,7137,CP1911,ATM,REF2SWHMMR7LV,2025-03-12 15:53:00+00:00
TXN0000002902,ACC00000583,2025-08-20 17:38:00+00:00,2025-10-21 11:26:00+00:00,CREDIT,1051.92,GBP,4136,CP1245,BRANCH,REF1HHVPPQ4I9,2025-01-22 16:42:00+00:00
TXN0000002903,ACC00000761,2025-12-22 19:17:00+00:00,2024-07-09 19:16:00+00:00,DEBIT,117.16,GBP,2317,CP7318,ONLINE,REF1WL7OZ4X88,2024-07-02 16:48:00+00:00
TXN0000002904,ACC00000078,2025-06-17 16:58:00+00:00,2024-07-20 06:36:00+00:00,DEBIT,402.0,GBP,8168,,BRANCH,REFHO5DEIBHDF,2025-01-03 19:50:00+00:00
TXN0000002905,ACC00000640,2025-01-02 13:24:00+00:00,2024-04-12 13:34:00+00:00,DEBIT,898.33,USD,3629,CP8616,ATM,REFA57W6R7MPI,2024-04-05 10:24:00+00:00
TXN0000002906,ACC00000358,2025-09-11 09:32:00+00:00,2025-01-21 14:00:00+00:00,CREDIT,409.95,GBP,7915,CP4732,POS,REFY4D6CYIHSZ,2024-12-30 19:29:00+00:00
TXN0000002907,ACC00000254,2025-08-06 19:14:00+00:00,2026-04-05 16:34:00+00:00,DEBIT,1604.82,USD,2072,CP6290,POS,REF9LFB0P050Y,2024-07-22 03:34:00+00:00
TXN0000002908,ACC00000013,2024-02-29 00:23:00+00:00,2024-11-18 10:01:00+00:00,DEBIT,1100.82,EUR,1546,CP4700,POS,REFIZM78VY66V,2025-11-29 12:48:00+00:00
TXN0000002909,ACC00000497,2024-04-18 18:40:00+00:00,2025-02-13 18:48:00+00:00,CREDIT,1089.51,USD,9865,CP9074,BRANCH,REFONDP9II3DO,2025-04-10 13:15:00+00:00
TXN0000002910,ACC00000763,2025-12-18 23:21:00+00:00,2024-10-05 07:49:00+00:00,DEBIT,1642.15,GBP,5305,CP7659,ONLINE,REF9MNXI130W0,2024-07-26 20:22:00+00:00
TXN0000002911,ACC00000120,2025-03-19 14:22:00+00:00,2025-08-16 20:58:00+00:00,DEBIT,849.27,EUR,6351,CP2851,ONLINE,REFSOM4G53MRH,2024-05-16 04:22:00+00:00
TXN0000002912,ACC00000692,2025-11-10 12:13:00+00:00,2024-10-06 08:51:00+00:00,CREDIT,6.58,GBP,7505,CP6942,POS,REFMHXUEAQM7F,2026-04-13 01:17:00+00:00
TXN0000002913,ACC00000642,2025-01-09 11:49:00+00:00,2024-04-18 01:50:00+00:00,DEBIT,509.77,GBP,4292,CP7974,POS,REFQYUG28A7HT,2025-02-26 18:58:00+00:00
TXN0000002914,ACC00000227,2025-05-31 09:56:00+00:00,2026-01-04 02:01:00+00:00,DEBIT,607.31,GBP,2251,CP7378,ONLINE,REFZWRY2Q53EU,2026-04-23 18:26:00+00:00
TXN0000002915,ACC00000616,2024-05-29 05:28:00+00:00,2024-11-03 04:54:00+00:00,DEBIT,482.05,EUR,5111,,ONLINE,REFO4UY4LN6MS,2025-07-17 21:55:00+00:00
TXN0000002916,ACC00000070,2025-10-15 23:05:00+00:00,2025-05-13 23:37:00+00:00,DEBIT,715.15,GBP,8321,CP2328,ONLINE,REF1MUWHQ52D2,2025-04-16 05:43:00+00:00
TXN0000002917,ACC00000622,2025-04-11 04:24:00+00:00,2025-04-30 08:39:00+00:00,CREDIT,1746.5,GBP,7505,,ATM,REFQ6OP3MJYGQ,2025-05-07 19:31:00+00:00
TXN0000002918,ACC00000142,2025-02-17 04:48:00+00:00,2024-07-16 11:17:00+00:00,DEBIT,1467.37,USD,2703,CP2290,ONLINE,REF6ZCJ2YT5RX,2026-03-29 17:47:00+00:00
TXN0000002919,ACC00000307,2025-10-31 11:25:00+00:00,2025-08-21 04:07:00+00:00,DEBIT,612.74,GBP,3941,CP3680,POS,REFDO8MQD3UWE,2024-07-16 07:18:00+00:00
TXN0000002920,ACC00000424,2025-01-10 00:16:00+00:00,2024-01-02 03:54:00+00:00,CREDIT,473.67,GBP,7911,CP3946,ATM,REFWVXLMGFRV9,2024-10-12 15:21:00+00:00
TXN0000002921,ACC00000799,2025-01-26 00:30:00+00:00,2025-06-21 02:32:00+00:00,CREDIT,463.04,GBP,6500,CP4735,POS,REFAKQSKLQ7AW,2025-04-01 04:39:00+00:00
TXN0000002922,ACC00000557,2024-01-24 21:02:00+00:00,2025-07-12 20:39:00+00:00,DEBIT,1736.59,GBP,1821,CP9142,POS,REFOFSMSLCA6Z,2025-09-14 23:41:00+00:00
TXN0000002923,ACC00000419,2024-03-25 09:54:00+00:00,2025-03-01 19:57:00+00:00,DEBIT,1439.31,USD,9643,CP9253,ONLINE,REFR432E7PKQO,2024-07-26 20:00:00+00:00
TXN0000002924,ACC00000450,2025-10-31 08:07:00+00:00,2025-09-29 20:07:00+00:00,DEBIT,513.31,GBP,9772,CP4748,ONLINE,REFJO7TX2M7OU,2025-02-05 11:31:00+00:00
TXN0000002925,ACC00000485,2024-08-15 00:52:00+00:00,2024-08-07 04:48:00+00:00,CREDIT,265.32,GBP,8968,CP1643,ONLINE,REFWQ63NGLKB1,2025-12-29 13:38:00+00:00
TXN0000002926,ACC00000668,2025-01-22 16:41:00+00:00,2025-10-04 18:15:00+00:00,DEBIT,832.74,GBP,6900,CP7735,POS,REFZNYZI94QVO,2026-02-22 05:04:00+00:00
TXN0000002927,ACC00000607,2025-03-07 05:16:00+00:00,2025-01-13 14:20:00+00:00,DEBIT,203.37,GBP,6488,CP1692,POS,REFYG37LFX71H,2025-05-14 21:09:00+00:00
TXN0000002928,ACC00000006,2024-02-11 22:32:00+00:00,2024-08-03 16:19:00+00:00,DEBIT,389.39,GBP,9284,CP1469,ONLINE,REFSPUKR3ZQRY,2025-10-04 11:25:00+00:00
TXN0000002929,ACC00000289,2025-03-31 03:56:00+00:00,2026-03-26 16:56:00+00:00,CREDIT,185.46,EUR,6243,CP5453,POS,REFMDT6YZ7QPG,2025-04-06 11:01:00+00:00
TXN0000002930,ACC00000189,2024-01-06 00:40:00+00:00,2025-10-11 02:06:00+00:00,DEBIT,501.46,EUR,4186,CP1718,ONLINE,REFD9L55T1K7L,2024-07-26 20:16:00+00:00
TXN0000002931,ACC00000412,2026-04-12 13:26:00+00:00,2024-04-01 10:45:00+00:00,DEBIT,1024.29,GBP,8745,CP9316,ONLINE,REFQRK4MH2B29,2024-08-13 22:25:00+00:00
TXN0000002932,ACC00000447,2025-07-08 19:03:00+00:00,2025-05-26 01:54:00+00:00,DEBIT,1181.43,USD,8813,CP6626,ATM,REFA0BREH8CH9,2024-05-10 20:33:00+00:00
TXN0000002933,ACC00000614,2025-11-19 08:51:00+00:00,2024-07-12 09:29:00+00:00,CREDIT,411.15,GBP,9828,CP1144,POS,REF2Q9CZI9ECF,2025-11-11 10:55:00+00:00
TXN0000002934,ACC00000322,2026-02-16 03:31:00+00:00,2025-01-13 12:03:00+00:00,DEBIT,683.1,USD,9380,CP5781,ONLINE,REFPINXNIFOAF,2026-01-19 15:00:00+00:00
TXN0000002935,ACC00000713,2024-05-18 17:09:00+00:00,2025-10-20 02:55:00+00:00,DEBIT,90.85,GBP,2332,CP6408,ONLINE,REFNE05OC64WF,2025-04-05 17:22:00+00:00
TXN0000002936,ACC00000749,2024-01-08 15:26:00+00:00,2026-05-07 13:18:00+00:00,DEBIT,48.17,GBP,7977,CP2633,POS,REFCXM0DUOY5T,2024-07-05 21:17:00+00:00
TXN0000002937,ACC00000446,2024-06-21 06:32:00+00:00,2025-12-04 05:24:00+00:00,DEBIT,1017.13,GBP,7869,CP8058,ONLINE,REFX20FKO1SY7,2024-08-27 06:34:00+00:00
TXN0000002938,ACC00000731,2026-01-07 03:07:00+00:00,2024-07-10 09:53:00+00:00,DEBIT,722.65,USD,9437,CP4650,POS,REFS16B9FZ8LR,2025-11-05 00:23:00+00:00
TXN0000002939,ACC00000621,2024-12-25 21:10:00+00:00,2024-12-08 10:18:00+00:00,DEBIT,449.69,EUR,1706,CP2195,ONLINE,REFO1ULLQUL9N,2024-08-09 23:38:00+00:00
TXN0000002940,ACC00000333,2024-05-23 07:09:00+00:00,2025-03-02 05:00:00+00:00,DEBIT,652.74,GBP,7629,CP6119,ATM,REF4XMASRXRDQ,2025-01-09 13:07:00+00:00
TXN0000002941,ACC00000765,2025-07-19 04:11:00+00:00,2024-07-01 03:53:00+00:00,DEBIT,767.31,GBP,6407,CP7184,BRANCH,REFO2P0DXCCVK,2024-03-06 06:02:00+00:00
TXN0000002942,ACC00000692,2024-06-28 17:09:00+00:00,2024-08-24 10:45:00+00:00,DEBIT,359.6,USD,2278,CP6671,BRANCH,REFFJDUL6N2YA,2024-05-15 10:38:00+00:00
TXN0000002943,ACC00000467,2024-10-17 00:34:00+00:00,2024-09-13 12:39:00+00:00,CREDIT,1571.75,USD,2718,CP4829,BRANCH,REFCTO5POBBSK,2024-03-17 11:54:00+00:00
TXN0000002944,ACC00000333,2024-10-11 15:20:00+00:00,2025-12-27 22:10:00+00:00,DEBIT,735.91,GBP,9997,CP5331,POS,REF71OUC93WJ0,2024-12-15 21:41:00+00:00
TXN0000002945,ACC00000604,2024-06-08 16:12:00+00:00,2024-05-27 21:15:00+00:00,CREDIT,307.9,GBP,9312,CP8904,POS,REF8GFT8DV0MR,2024-11-14 05:45:00+00:00
TXN0000002946,ACC00000432,2025-01-01 19:37:00+00:00,2025-08-06 09:00:00+00:00,CREDIT,127.31,USD,8297,CP7540,ATM,REFRTXBUR2DBA,2026-01-21 22:57:00+00:00
TXN0000002947,ACC00000224,2025-09-01 09:02:00+00:00,2025-05-16 02:48:00+00:00,CREDIT,557.18,USD,5683,CP4403,POS,REFV1LICNCW6Q,2024-03-01 02:10:00+00:00
TXN0000002948,ACC00000691,2024-01-02 08:05:00+00:00,2025-03-31 07:42:00+00:00,CREDIT,75.91,GBP,5960,,ONLINE,REFQTGDKR4IZO,2024-03-24 13:38:00+00:00
TXN0000002949,ACC00000111,2024-02-09 23:48:00+00:00,2024-10-29 07:17:00+00:00,CREDIT,521.53,GBP,8778,,ATM,REF3DYVPO0PRD,2025-01-07 22:26:00+00:00
TXN0000002950,ACC00000565,2025-07-21 08:28:00+00:00,2025-01-29 12:58:00+00:00,DEBIT,724.55,GBP,4180,CP8730,ONLINE,REFM5Q88QUFET,2025-03-26 06:22:00+00:00
TXN0000002951,ACC00000409,2025-09-11 03:14:00+00:00,2024-03-04 19:59:00+00:00,CREDIT,350.66,GBP,3960,,ONLINE,REF28RTLL9DYB,2024-02-13 15:32:00+00:00
TXN0000002952,ACC00000787,2025-01-16 03:45:00+00:00,2024-12-14 08:30:00+00:00,CREDIT,1098.18,GBP,2368,CP8421,POS,REFG7IZQ6STES,2025-12-09 14:52:00+00:00
TXN0000002953,ACC00000715,2024-04-28 07:22:00+00:00,2025-12-02 01:46:00+00:00,DEBIT,514.3,USD,8777,CP5761,BRANCH,REFD8H6FHW9HD,2026-03-01 07:54:00+00:00
TXN0000002954,ACC00000224,2025-11-14 00:52:00+00:00,2025-11-08 01:26:00+00:00,DEBIT,77.03,USD,8415,CP5403,BRANCH,REFR239MPNHJZ,2025-08-10 01:14:00+00:00
TXN0000002955,ACC00000506,2026-03-03 10:12:00+00:00,2024-02-21 07:59:00+00:00,DEBIT,744.04,GBP,9337,CP6597,BRANCH,REFU7JZHPQGDH,2025-05-26 16:52:00+00:00
TXN0000002956,ACC00000587,2024-11-22 14:59:00+00:00,2025-08-07 16:54:00+00:00,DEBIT,134.78,GBP,6291,,ATM,REF4OCIGWHVRG,2025-09-20 14:59:00+00:00
TXN0000002957,ACC00000338,2024-05-29 05:49:00+00:00,2024-03-19 01:28:00+00:00,DEBIT,1033.65,GBP,5806,CP3737,POS,REFVA7IX86UTI,2024-06-10 17:45:00+00:00
TXN0000002958,ACC00000291,2025-10-20 16:37:00+00:00,2025-08-14 11:06:00+00:00,DEBIT,426.77,GBP,6210,CP8388,ONLINE,REFHCCBVPF6Y0,2025-06-09 14:48:00+00:00
TXN0000002959,ACC00000694,2024-05-14 00:50:00+00:00,2025-02-04 06:21:00+00:00,DEBIT,1622.78,GBP,8559,,POS,REFDUY68TD721,2025-05-30 22:08:00+00:00
TXN0000002960,ACC00000631,2025-03-23 09:07:00+00:00,2024-05-16 02:16:00+00:00,CREDIT,1298.49,USD,5672,CP6522,POS,REFORKWDJVMW4,2024-06-23 17:46:00+00:00
TXN0000002961,ACC00000674,2025-10-16 22:59:00+00:00,2025-10-09 23:05:00+00:00,DEBIT,1218.15,EUR,8815,CP5156,ATM,REFQ4HHQYTHFO,2024-09-06 22:09:00+00:00
TXN0000002962,ACC00000231,2025-11-11 11:31:00+00:00,2026-01-27 05:00:00+00:00,DEBIT,674.71,USD,8571,CP5026,ATM,REFTOEU6KECO2,2024-03-12 19:30:00+00:00
TXN0000002963,ACC00000402,2025-07-23 01:38:00+00:00,2024-06-23 05:18:00+00:00,DEBIT,1561.7,USD,1382,CP9386,POS,REFA4TGZGOP6R,2025-03-12 13:57:00+00:00
TXN0000002964,ACC00000244,2026-02-16 14:33:00+00:00,2025-10-10 03:31:00+00:00,DEBIT,673.22,USD,7501,CP8854,ONLINE,REFLLS2VOA20H,2025-03-21 05:37:00+00:00
TXN0000002965,ACC00000492,2024-09-03 00:08:00+00:00,2024-12-12 12:04:00+00:00,CREDIT,338.97,GBP,1649,CP3817,ONLINE,REFP7JH190GGV,2024-10-17 02:54:00+00:00
TXN0000002966,ACC00000095,2025-07-07 00:54:00+00:00,2025-01-27 16:02:00+00:00,DEBIT,140.31,GBP,9534,,POS,REFV7D4N594RC,2025-05-22 08:40:00+00:00
TXN0000002967,ACC00000067,2024-03-15 00:57:00+00:00,2025-09-13 10:27:00+00:00,CREDIT,1306.52,GBP,6601,CP4824,POS,REF8FONWOKNG3,2024-05-11 05:34:00+00:00
TXN0000002968,ACC00000555,2024-11-03 03:39:00+00:00,2024-09-16 21:53:00+00:00,DEBIT,870.88,GBP,6558,CP1733,POS,REFMP3EVS7B3R,2025-12-02 06:01:00+00:00
TXN0000002969,ACC00000789,2024-10-21 22:21:00+00:00,2024-03-28 16:46:00+00:00,DEBIT,696.65,USD,9315,CP5612,ONLINE,REF170CIXH7CA,2024-06-05 08:59:00+00:00
TXN0000002970,ACC00000021,2024-09-05 09:04:00+00:00,2024-12-09 08:07:00+00:00,CREDIT,874.98,GBP,4126,CP8458,POS,REFNZH8RX8TF1,2024-12-24 13:13:00+00:00
TXN0000002971,ACC00000747,2025-09-19 10:55:00+00:00,2024-07-15 06:43:00+00:00,DEBIT,1563.48,USD,6112,CP5325,ONLINE,REF64G1U858YT,2024-06-10 14:12:00+00:00
TXN0000002972,ACC00000006,2026-02-16 04:50:00+00:00,2024-07-20 13:25:00+00:00,DEBIT,459.49,USD,9852,CP9373,ATM,REFJBAEMBJGKJ,2025-10-20 06:26:00+00:00
TXN0000002973,ACC00000032,2026-02-19 16:48:00+00:00,2025-01-03 23:51:00+00:00,DEBIT,313.64,USD,7115,CP2965,POS,REF3XS07E7OHZ,2024-06-27 12:38:00+00:00
TXN0000002974,ACC00000125,2024-04-07 20:16:00+00:00,2024-01-13 04:33:00+00:00,DEBIT,814.1,GBP,7786,CP7972,ATM,REF9Q16TA4G95,2026-05-01 03:22:00+00:00
TXN0000002975,ACC00000246,2024-10-21 15:35:00+00:00,2024-12-14 19:51:00+00:00,CREDIT,101.06,GBP,5646,CP9776,POS,REFW2OONEW92Y,2025-07-08 11:55:00+00:00
TXN0000002976,ACC00000512,2025-02-23 14:18:00+00:00,2024-03-09 10:57:00+00:00,DEBIT,254.0,GBP,4795,,ATM,REFPGHFHTQQ89,2024-11-01 08:00:00+00:00
TXN0000002977,ACC00000470,2026-01-20 20:08:00+00:00,2025-03-17 22:48:00+00:00,DEBIT,1119.28,GBP,3730,CP7022,ATM,REFVWCSCFNL5Q,2025-10-17 18:29:00+00:00
TXN0000002978,ACC00000703,2025-07-17 01:11:00+00:00,2024-11-23 17:07:00+00:00,DEBIT,1054.81,GBP,8641,CP4606,ONLINE,REFU8NYCNKW0T,2025-05-09 18:40:00+00:00
TXN0000002979,ACC00000059,2024-03-28 20:32:00+00:00,2025-03-25 20:39:00+00:00,CREDIT,422.82,GBP,6982,CP4757,ATM,REFTAVB2BWZ0L,2024-10-01 19:56:00+00:00
TXN0000002980,ACC00000190,2025-11-21 17:59:00+00:00,2024-04-11 21:23:00+00:00,CREDIT,219.08,GBP,6049,CP6909,ONLINE,REFGFDW6GUDAG,2024-04-11 20:05:00+00:00
TXN0000002981,ACC00000515,2025-09-16 07:01:00+00:00,2026-01-14 15:35:00+00:00,DEBIT,955.05,GBP,2348,CP8396,POS,REFAMSS20IVTN,2025-03-07 21:11:00+00:00
TXN0000002982,ACC00000661,2025-01-29 07:48:00+00:00,2024-06-23 18:03:00+00:00,DEBIT,438.31,GBP,2162,CP7941,ATM,REFJPSG77CQVS,2024-02-07 08:40:00+00:00
TXN0000002983,ACC00000793,2024-12-18 15:58:00+00:00,2025-12-21 10:11:00+00:00,DEBIT,530.79,USD,6271,CP1472,POS,REFFMBQ7GY19T,2025-03-14 20:12:00+00:00
TXN0000002984,ACC00000093,2025-07-26 20:45:00+00:00,2026-01-25 09:37:00+00:00,DEBIT,500.45,GBP,7976,CP5130,ATM,REFL4HQJE404Q,2024-11-12 21:38:00+00:00
TXN0000002985,ACC00000261,2024-01-26 21:14:00+00:00,2024-07-01 05:05:00+00:00,DEBIT,451.9,GBP,6961,CP1652,ATM,REFXL2P8NZZ6I,2025-05-04 10:03:00+00:00
TXN0000002986,ACC00000254,2025-04-20 17:37:00+00:00,2026-04-13 18:55:00+00:00,DEBIT,1019.74,USD,3463,CP4926,POS,REFBBXSKBFT5H,2024-02-21 14:05:00+00:00
TXN0000002987,ACC00000167,2026-03-02 03:42:00+00:00,2024-04-28 20:43:00+00:00,DEBIT,110.27,EUR,8746,CP7737,ONLINE,REFL9PLMWE15O,2024-04-21 05:21:00+00:00
TXN0000002988,ACC00000260,2024-05-29 03:14:00+00:00,2024-04-15 20:18:00+00:00,DEBIT,931.42,GBP,8437,CP6497,POS,REFYTF03NFADA,2024-12-28 03:53:00+00:00
TXN0000002989,ACC00000385,2026-04-23 21:39:00+00:00,2024-06-12 18:37:00+00:00,DEBIT,1001.54,GBP,1839,CP9610,ONLINE,REFSB1OO1JZHX,2024-05-30 01:16:00+00:00
TXN0000002990,ACC00000418,2026-01-12 22:28:00+00:00,2025-09-14 08:32:00+00:00,CREDIT,1178.13,GBP,2383,CP5912,ONLINE,REFJYBEF5K2ER,2025-08-23 20:38:00+00:00
TXN0000002991,ACC00000507,2024-09-13 07:52:00+00:00,2024-04-25 09:07:00+00:00,CREDIT,61.11,USD,6640,CP4542,ONLINE,REFTBKP6XM6T6,2025-01-12 13:19:00+00:00
TXN0000002992,ACC00000341,2026-01-07 12:38:00+00:00,2024-10-18 00:48:00+00:00,CREDIT,221.27,GBP,7272,CP9419,ATM,REFD5KONJZGL7,2025-10-19 01:03:00+00:00
TXN0000002993,ACC00000591,2025-08-12 00:20:00+00:00,2024-03-27 06:52:00+00:00,DEBIT,732.24,GBP,3651,CP1135,ONLINE,REFNJLJZ9C22N,2025-01-08 01:30:00+00:00
TXN0000002994,ACC00000546,2026-04-13 10:35:00+00:00,2025-06-09 11:44:00+00:00,DEBIT,244.44,USD,7385,CP7015,POS,REFLGFE4FLT5H,2026-02-23 21:03:00+00:00
TXN0000002995,ACC00000228,2024-11-26 11:58:00+00:00,2025-12-21 12:57:00+00:00,DEBIT,607.72,USD,7569,CP7733,BRANCH,REF6UXNCDQEPF,2024-05-11 01:10:00+00:00
TXN0000002996,ACC00000228,2025-05-19 11:37:00+00:00,2025-08-14 18:12:00+00:00,DEBIT,612.62,GBP,9810,CP8269,POS,REFOL0VR80TR0,2024-05-26 23:20:00+00:00
TXN0000002997,ACC00000416,2025-08-08 09:44:00+00:00,2025-08-17 03:18:00+00:00,CREDIT,1407.25,GBP,2331,CP2303,ONLINE,REFXMMAJ6V5NP,2024-05-29 09:13:00+00:00
TXN0000002998,ACC00000494,2026-02-25 00:34:00+00:00,2024-06-21 13:20:00+00:00,CREDIT,932.64,USD,9844,CP7344,POS,REFVB9LANNGI8,2024-07-31 17:10:00+00:00
TXN0000002999,ACC00000309,2026-02-16 08:11:00+00:00,2024-06-06 00:57:00+00:00,DEBIT,1066.95,GBP,1931,CP1667,BRANCH,REFE0QEE0GVC5,2025-05-10 05:01:00+00:00
TXN0000003000,ACC00000496,2025-08-12 23:00:00+00:00,2024-05-03 05:52:00+00:00,DEBIT,4.93,GBP,7020,CP8275,POS,REF0QW767Z06A,2025-04-29 05:17:00+00:00
TXN0000003001,ACC00000574,2026-05-04 13:38:00+00:00,2025-12-28 00:06:00+00:00,DEBIT,796.5,USD,3060,CP2012,ONLINE,REFVVWET5PBZV,2024-04-13 17:25:00+00:00
TXN0000003002,ACC00000116,2025-03-16 18:40:00+00:00,2025-04-06 09:56:00+00:00,CREDIT,571.23,GBP,8382,CP6079,ONLINE,REFKCU3HS5E9Y,2024-09-12 07:38:00+00:00
TXN0000003003,ACC00000771,2024-02-20 22:19:00+00:00,2024-02-13 04:03:00+00:00,DEBIT,603.27,GBP,3448,CP3148,POS,REFBFDZ7AQ63S,2024-03-11 05:13:00+00:00
TXN0000003004,ACC00000553,2025-01-02 04:33:00+00:00,2025-09-26 16:41:00+00:00,DEBIT,527.8,GBP,1434,CP7072,ONLINE,REF3HDZ9HQKY9,2025-07-15 19:17:00+00:00
TXN0000003005,ACC00000750,2025-09-14 17:27:00+00:00,2024-11-05 22:19:00+00:00,DEBIT,341.49,GBP,1738,CP5293,BRANCH,REFR0A5Z8RQHY,2025-07-09 19:42:00+00:00
TXN0000003006,ACC00000339,2024-01-16 12:04:00+00:00,2025-03-22 19:32:00+00:00,DEBIT,729.23,GBP,6336,CP5702,POS,REFL6ONB6NHI6,2024-05-07 11:01:00+00:00
TXN0000003007,ACC00000720,2026-01-15 01:24:00+00:00,2025-06-09 16:25:00+00:00,CREDIT,950.4,USD,5175,CP8342,ONLINE,REFJY8GG1YK1K,2024-05-10 03:36:00+00:00
TXN0000003008,ACC00000632,2024-12-05 13:29:00+00:00,2025-02-16 11:39:00+00:00,DEBIT,792.51,GBP,7521,CP3832,ONLINE,REF98HRTQ2CWW,2024-04-17 11:35:00+00:00
TXN0000003009,ACC00000576,2024-09-03 07:28:00+00:00,2024-10-31 17:04:00+00:00,CREDIT,988.01,USD,4902,,ONLINE,REFOLXIC2U0ND,2024-01-26 10:39:00+00:00
TXN0000003010,ACC00000235,2026-02-13 08:23:00+00:00,2025-12-08 17:09:00+00:00,CREDIT,1710.87,GBP,2670,CP4316,POS,REFPFGUN8MCDO,2025-02-11 00:42:00+00:00
TXN0000003011,ACC00000331,2025-03-30 01:05:00+00:00,2025-04-19 05:51:00+00:00,DEBIT,437.8,USD,7920,,ONLINE,REFDXZCNOGJE2,2026-01-10 02:57:00+00:00
TXN0000003012,ACC00000598,2025-02-12 10:09:00+00:00,2025-09-06 03:15:00+00:00,DEBIT,542.99,GBP,5547,CP6678,ONLINE,REFEN9WV7TGQY,2026-04-07 20:22:00+00:00
TXN0000003013,ACC00000104,2025-03-30 13:05:00+00:00,2025-11-08 12:29:00+00:00,DEBIT,673.82,GBP,7702,CP8872,ONLINE,REFR3VX5AGFUD,2025-08-25 21:14:00+00:00
TXN0000003014,ACC00000677,2024-08-16 13:42:00+00:00,2025-11-15 10:38:00+00:00,DEBIT,376.71,EUR,1640,CP9528,POS,REFMFL8NNBY3F,2024-12-03 15:24:00+00:00
TXN0000003015,ACC00000788,2025-07-27 02:19:00+00:00,2024-04-14 13:19:00+00:00,CREDIT,415.32,GBP,7549,CP5210,ONLINE,REFTMGT3FSJZ2,2025-09-09 09:15:00+00:00
TXN0000003016,ACC00000563,2025-08-24 17:03:00+00:00,2024-10-06 22:40:00+00:00,DEBIT,762.71,GBP,7583,CP2073,POS,REFJDH878PMYS,2025-07-15 11:27:00+00:00
TXN0000003017,ACC00000736,2024-05-23 11:14:00+00:00,2025-08-13 03:58:00+00:00,CREDIT,562.31,USD,6063,CP5580,POS,REFDL64ZNKTV3,2026-04-17 22:07:00+00:00
TXN0000003018,ACC00000231,2025-10-12 00:32:00+00:00,2024-11-16 06:50:00+00:00,CREDIT,504.54,GBP,4292,CP7294,ONLINE,REFPLMTK85IAI,2026-02-04 17:01:00+00:00
TXN0000003019,ACC00000760,2024-10-14 06:30:00+00:00,2024-06-02 23:07:00+00:00,DEBIT,344.49,GBP,3632,CP9161,POS,REF810V303E3W,2025-03-17 03:57:00+00:00
TXN0000003020,ACC00000056,2026-01-10 12:39:00+00:00,2025-07-27 20:01:00+00:00,DEBIT,98.65,GBP,4911,,ONLINE,REFJ1Z3LDBMYW,2025-11-16 20:28:00+00:00
TXN0000003021,ACC00000175,2025-09-20 05:40:00+00:00,2024-04-07 03:12:00+00:00,DEBIT,1417.64,USD,8943,CP9175,ATM,REFC9M4L3K11V,2024-07-12 07:02:00+00:00
TXN0000003022,ACC00000651,2025-09-19 12:18:00+00:00,2024-03-04 16:20:00+00:00,CREDIT,268.31,GBP,6484,CP8414,POS,REF3QRW6MUOPX,2025-04-19 23:09:00+00:00
TXN0000003023,ACC00000567,2024-10-02 09:29:00+00:00,2024-05-20 06:06:00+00:00,DEBIT,798.1,GBP,6389,CP2939,ATM,REFSDD8K0YLL5,2024-03-04 13:31:00+00:00
TXN0000003024,ACC00000647,2026-03-03 15:55:00+00:00,2025-01-02 12:53:00+00:00,CREDIT,592.88,GBP,9826,,POS,REFM5MC921A3H,2024-01-13 18:29:00+00:00
TXN0000003025,ACC00000085,2024-07-03 10:51:00+00:00,2025-06-30 05:56:00+00:00,CREDIT,1567.46,GBP,4450,CP4178,ATM,REFZL2UK5LFLF,2026-03-26 11:18:00+00:00
TXN0000003026,ACC00000107,2026-04-11 00:34:00+00:00,2024-08-29 09:11:00+00:00,CREDIT,1115.5,EUR,9441,CP7743,ONLINE,REFPF0Q2GZEVU,2024-03-05 04:45:00+00:00
TXN0000003027,ACC00000670,2024-10-15 21:11:00+00:00,2025-07-10 08:59:00+00:00,DEBIT,893.74,USD,9531,CP5531,ONLINE,REFW8PMY9PHUR,2024-06-30 06:00:00+00:00
TXN0000003028,ACC00000102,2024-09-03 23:09:00+00:00,2026-01-02 00:46:00+00:00,DEBIT,159.02,USD,4303,CP1522,POS,REFV3OMBABFU7,2024-07-11 19:18:00+00:00
TXN0000003029,ACC00000486,2024-09-13 05:13:00+00:00,2024-05-08 04:56:00+00:00,DEBIT,690.43,GBP,4684,CP6572,ATM,REFT2WAR3HYQN,2025-03-17 23:03:00+00:00
TXN0000003030,ACC00000703,2024-11-04 16:00:00+00:00,2026-01-13 23:58:00+00:00,DEBIT,2026.56,USD,4714,CP9075,ONLINE,REF2BG46R8Q6O,2025-03-25 12:56:00+00:00
TXN0000003031,ACC00000517,2026-02-24 01:17:00+00:00,2024-09-14 12:11:00+00:00,DEBIT,18.9,GBP,2456,CP7791,POS,REFT3BS55GH5O,2024-07-19 08:51:00+00:00
TXN0000003032,ACC00000502,2024-03-22 14:45:00+00:00,2025-02-06 15:53:00+00:00,CREDIT,641.72,GBP,5315,CP4812,ATM,REF9VFXP2IR5V,2025-10-05 11:38:00+00:00
TXN0000003033,ACC00000500,2024-05-09 09:07:00+00:00,2024-03-24 20:15:00+00:00,DEBIT,604.98,USD,5079,CP7284,ATM,REF2O0VF6RCIH,2024-12-28 10:35:00+00:00
TXN0000003034,ACC00000048,2026-01-07 10:21:00+00:00,2026-03-10 05:00:00+00:00,DEBIT,46.96,GBP,3534,CP8540,ATM,REFGATO3EJQ65,2025-04-03 04:00:00+00:00
TXN0000003035,ACC00000591,2024-09-09 12:38:00+00:00,2024-05-22 10:15:00+00:00,DEBIT,703.26,GBP,6859,CP7988,POS,REFNG55P3DJWX,2024-03-09 03:12:00+00:00
TXN0000003036,ACC00000709,2024-04-20 10:34:00+00:00,2026-05-05 08:10:00+00:00,CREDIT,262.66,USD,5679,CP1460,POS,REFFAZ77CYDS1,2024-02-03 10:08:00+00:00
TXN0000003037,ACC00000416,2024-12-12 10:29:00+00:00,2024-09-04 17:27:00+00:00,DEBIT,875.54,EUR,9375,CP3379,POS,REFD5R6JLFOHV,2025-10-09 09:18:00+00:00
TXN0000003038,ACC00000333,2024-10-15 18:59:00+00:00,2025-03-27 01:52:00+00:00,CREDIT,197.26,USD,6319,CP2822,ONLINE,REFPB71DPM82W,2024-03-04 14:43:00+00:00
TXN0000003039,ACC00000392,2024-01-30 12:11:00+00:00,2025-04-03 15:24:00+00:00,DEBIT,670.66,GBP,3696,CP3726,ONLINE,REFW3SEVZJP2Z,2025-02-19 09:27:00+00:00
TXN0000003040,ACC00000164,2026-05-04 15:36:00+00:00,2024-01-31 09:49:00+00:00,DEBIT,784.38,GBP,9219,CP8036,POS,REFHCZJDZ6AIU,2025-07-23 18:08:00+00:00
TXN0000003041,ACC00000443,2026-04-08 12:00:00+00:00,2024-05-17 19:58:00+00:00,DEBIT,1323.04,GBP,3848,,ONLINE,REFP2FMC8LBZD,2026-03-12 12:44:00+00:00
TXN0000003042,ACC00000277,2024-06-15 08:10:00+00:00,2026-01-19 06:41:00+00:00,DEBIT,1084.04,GBP,1130,CP8905,ONLINE,REF2LW8D6QODY,2024-06-08 17:59:00+00:00
TXN0000003043,ACC00000427,2025-01-12 14:03:00+00:00,2025-10-11 21:42:00+00:00,DEBIT,1268.17,GBP,7452,CP9309,ATM,REFZ8A4XME05U,2024-02-11 21:04:00+00:00
TXN0000003044,ACC00000614,2024-09-01 06:14:00+00:00,2025-08-27 17:31:00+00:00,CREDIT,616.36,USD,8039,CP5889,POS,REFRSHFBPHUO5,2025-10-04 10:21:00+00:00
TXN0000003045,ACC00000324,2025-11-03 04:39:00+00:00,2025-10-17 22:58:00+00:00,DEBIT,375.14,USD,8123,CP2659,ONLINE,REF8F7GTG0P3Y,2026-03-27 12:16:00+00:00
TXN0000003046,ACC00000565,2026-03-24 10:43:00+00:00,2025-03-12 22:25:00+00:00,DEBIT,699.89,GBP,6273,CP6702,POS,REF4KCH3Z221B,2025-02-16 02:16:00+00:00
TXN0000003047,ACC00000533,2025-09-06 09:22:00+00:00,2025-04-26 09:03:00+00:00,DEBIT,630.49,USD,4401,,ONLINE,REF1RH0QM8VKZ,2025-11-01 15:20:00+00:00
TXN0000003048,ACC00000142,2024-07-04 07:54:00+00:00,2025-07-06 22:56:00+00:00,DEBIT,1543.61,GBP,5238,CP9400,POS,REFHH5VN2UGAF,2024-11-18 16:16:00+00:00
TXN0000003049,ACC00000145,2024-03-25 10:40:00+00:00,2025-05-26 15:55:00+00:00,DEBIT,844.14,USD,9191,CP3599,ONLINE,REF6C6BOOL6WZ,2024-12-05 19:44:00+00:00
TXN0000003050,ACC00000281,2025-07-04 04:33:00+00:00,2024-05-17 02:02:00+00:00,DEBIT,1461.54,USD,8347,CP7864,ATM,REFJ001TL6M5D,2025-07-12 07:40:00+00:00
TXN0000003051,ACC00000372,2025-01-31 07:02:00+00:00,2025-04-04 20:21:00+00:00,DEBIT,975.9,GBP,2436,CP9735,ATM,REFCO5UEBLUI3,2025-08-27 15:56:00+00:00
TXN0000003052,ACC00000209,2024-10-13 00:58:00+00:00,2024-07-01 09:53:00+00:00,DEBIT,108.65,USD,1572,CP1954,POS,REFQ2ZDGSLQJT,2025-06-06 04:54:00+00:00
TXN0000003053,ACC00000779,2026-04-28 04:38:00+00:00,2025-12-05 01:01:00+00:00,DEBIT,1300.04,GBP,1348,CP4595,ONLINE,REFH4QYM2LSM8,2025-09-13 20:41:00+00:00
TXN0000003054,ACC00000450,2025-03-21 12:11:00+00:00,2024-09-03 06:44:00+00:00,DEBIT,246.18,USD,1351,CP1452,BRANCH,REF0ETA95NE6T,2024-02-20 16:41:00+00:00
TXN0000003055,ACC00000213,2025-12-07 19:38:00+00:00,2024-02-06 11:54:00+00:00,DEBIT,763.2,USD,3484,CP7861,POS,REFBVPPY9LUKB,2025-01-31 09:38:00+00:00
TXN0000003056,ACC00000109,2024-04-02 14:10:00+00:00,2024-03-15 00:44:00+00:00,DEBIT,718.73,GBP,9797,,ATM,REFFW4MCW3LHD,2025-07-07 10:57:00+00:00
TXN0000003057,ACC00000124,2024-04-11 15:18:00+00:00,2025-11-20 19:45:00+00:00,DEBIT,1492.04,USD,2350,CP4700,ONLINE,REFZ8X1G15UAJ,2024-02-25 00:39:00+00:00
TXN0000003058,ACC00000457,2024-06-09 19:08:00+00:00,2025-05-19 04:18:00+00:00,DEBIT,273.45,GBP,1001,CP9349,ONLINE,REF0M47TWRKKH,2024-09-06 12:44:00+00:00
TXN0000003059,ACC00000027,2026-04-29 04:01:00+00:00,2026-03-28 14:51:00+00:00,DEBIT,1091.76,GBP,1643,,ATM,REFX488ZP7HQM,2025-04-19 03:44:00+00:00
TXN0000003060,ACC00000114,2024-11-05 02:26:00+00:00,2024-05-20 11:17:00+00:00,DEBIT,506.12,USD,1320,CP5022,POS,REFWTIYC9UQBY,2026-03-19 06:03:00+00:00
TXN0000003061,ACC00000073,2025-04-20 17:59:00+00:00,2024-07-06 13:22:00+00:00,DEBIT,1521.64,GBP,4362,CP9040,BRANCH,REF48TR9HLW2E,2025-02-11 03:54:00+00:00
TXN0000003062,ACC00000654,2026-02-26 05:57:00+00:00,2024-10-23 02:27:00+00:00,DEBIT,674.77,EUR,3749,CP4005,POS,REFB5FA7KC6Z1,2025-01-22 21:06:00+00:00
TXN0000003063,ACC00000684,2024-05-02 11:43:00+00:00,2026-02-01 21:34:00+00:00,DEBIT,150.51,USD,7850,CP4114,ATM,REF1L0JZFEAXJ,2024-11-17 04:15:00+00:00
TXN0000003064,ACC00000594,2024-09-03 18:11:00+00:00,2025-08-29 21:13:00+00:00,CREDIT,501.09,USD,7540,CP9018,ONLINE,REF5NZPNQJX5R,2025-11-26 13:26:00+00:00
TXN0000003065,ACC00000306,2025-02-19 12:38:00+00:00,2025-08-30 05:31:00+00:00,DEBIT,1296.84,GBP,7706,CP9853,ATM,REF4CLKR0VGKP,2026-05-06 08:14:00+00:00
TXN0000003066,ACC00000527,2024-08-02 15:54:00+00:00,2025-03-20 23:48:00+00:00,DEBIT,497.05,USD,2475,CP2603,ATM,REFIQ0OVU9RZA,2025-03-18 04:33:00+00:00
TXN0000003067,ACC00000193,2026-05-04 00:25:00+00:00,2025-12-27 22:14:00+00:00,DEBIT,839.15,USD,8643,CP3195,ONLINE,REFS3NGPWBWHC,2025-08-03 09:35:00+00:00
TXN0000003068,ACC00000082,2024-08-14 04:52:00+00:00,2025-08-17 17:20:00+00:00,DEBIT,640.12,USD,1214,CP7398,ONLINE,REF9IRG6ZM1ZE,2026-04-30 09:03:00+00:00
TXN0000003069,ACC00000043,2024-12-29 01:13:00+00:00,2025-12-17 05:14:00+00:00,CREDIT,1472.94,USD,9325,CP8310,ONLINE,REFKGO1P74UV7,2025-10-30 20:09:00+00:00
TXN0000003070,ACC00000696,2024-05-04 07:37:00+00:00,2025-07-22 21:06:00+00:00,DEBIT,626.88,GBP,9379,CP9249,ATM,REF69RA4V7VQK,2026-02-13 06:48:00+00:00
TXN0000003071,ACC00000575,2024-06-09 16:02:00+00:00,2026-04-04 17:10:00+00:00,DEBIT,694.37,GBP,7652,CP2949,ONLINE,REFREUVI6QCWB,2024-09-20 00:15:00+00:00
TXN0000003072,ACC00000769,2024-11-05 17:49:00+00:00,2026-03-25 16:36:00+00:00,CREDIT,1931.82,GBP,5207,CP8237,POS,REF4B5O7C3T33,2024-09-06 21:14:00+00:00
TXN0000003073,ACC00000517,2026-04-21 11:00:00+00:00,2024-07-14 12:41:00+00:00,DEBIT,707.83,GBP,6053,CP2953,ONLINE,REFTVZ29SC848,2026-02-01 04:16:00+00:00
TXN0000003074,ACC00000141,2024-07-08 04:02:00+00:00,2024-07-15 21:40:00+00:00,DEBIT,1537.81,USD,2138,CP2905,ATM,REFB80G22UTXE,2024-06-30 15:21:00+00:00
TXN0000003075,ACC00000366,2025-03-04 03:42:00+00:00,2024-06-19 14:35:00+00:00,DEBIT,59.48,GBP,7414,CP4249,ONLINE,REFO28WXLYO76,2024-10-14 23:56:00+00:00
TXN0000003076,ACC00000173,2025-08-22 01:06:00+00:00,2025-10-28 13:33:00+00:00,DEBIT,91.9,GBP,3353,CP7579,ATM,REF1YFGUQGQ9A,2025-01-31 02:55:00+00:00
TXN0000003077,ACC00000355,2025-08-13 07:41:00+00:00,2024-01-22 15:56:00+00:00,DEBIT,465.05,GBP,9096,CP8612,BRANCH,REF1IYR8A92VN,2025-10-09 04:49:00+00:00
TXN0000003078,ACC00000574,2024-09-06 06:23:00+00:00,2026-01-25 01:17:00+00:00,CREDIT,1286.9,GBP,8966,CP7462,ONLINE,REFBBIJVKI0B0,2025-01-05 22:50:00+00:00
TXN0000003079,ACC00000174,2025-09-25 07:31:00+00:00,2024-07-03 20:56:00+00:00,DEBIT,81.96,USD,7782,CP2823,POS,REFSFWE6GC2I6,2025-04-29 19:42:00+00:00
TXN0000003080,ACC00000452,2025-09-10 15:05:00+00:00,2024-08-25 11:57:00+00:00,CREDIT,228.92,GBP,6663,,ONLINE,REF6SXNCHKE8G,2026-02-13 11:47:00+00:00
TXN0000003081,ACC00000467,2025-09-10 01:00:00+00:00,2025-04-12 20:14:00+00:00,DEBIT,1767.51,GBP,1057,CP2073,ATM,REFNK7ECFR6DB,2024-08-06 23:40:00+00:00
TXN0000003082,ACC00000149,2024-02-29 20:01:00+00:00,2024-03-21 16:39:00+00:00,DEBIT,568.46,GBP,3420,CP4776,POS,REFFGI4DERZL8,2024-09-01 10:06:00+00:00
TXN0000003083,ACC00000671,2024-07-07 22:37:00+00:00,2025-09-08 11:37:00+00:00,CREDIT,95.46,GBP,5833,CP5595,ATM,REFOLYSJNEFPK,2025-05-26 00:35:00+00:00
TXN0000003084,ACC00000024,2025-10-25 10:27:00+00:00,2024-08-28 02:52:00+00:00,CREDIT,1275.47,USD,3651,CP5398,ATM,REFVQOBPLMG1E,2025-02-12 11:16:00+00:00
TXN0000003085,ACC00000146,2024-04-11 12:09:00+00:00,2024-03-23 23:27:00+00:00,CREDIT,716.39,GBP,6807,,ONLINE,REF3HVEK5DE2H,2024-10-28 10:12:00+00:00
TXN0000003086,ACC00000125,2024-07-07 10:24:00+00:00,2025-11-29 18:37:00+00:00,DEBIT,536.38,GBP,2022,CP1744,ONLINE,REFE58GX7EHPA,2024-02-02 08:10:00+00:00
TXN0000003087,ACC00000765,2026-01-02 22:43:00+00:00,2024-07-10 21:05:00+00:00,DEBIT,623.79,GBP,2393,CP4681,POS,REFJ013I4E4YB,2026-01-07 04:04:00+00:00
TXN0000003088,ACC00000728,2024-10-14 22:31:00+00:00,2025-10-28 06:20:00+00:00,DEBIT,279.69,GBP,3525,CP9883,ONLINE,REFKT1MKNN8QX,2024-11-23 12:25:00+00:00
TXN0000003089,ACC00000172,2024-03-06 16:47:00+00:00,2024-09-12 09:45:00+00:00,DEBIT,283.6,GBP,3180,CP8611,POS,REF5ELREZMFF5,2025-09-24 14:39:00+00:00
TXN0000003090,ACC00000330,2025-01-12 11:38:00+00:00,2025-04-23 23:03:00+00:00,CREDIT,135.23,GBP,2907,CP4478,ONLINE,REFNJUMH0KXDJ,2025-05-25 11:02:00+00:00
TXN0000003091,ACC00000137,2024-11-12 00:46:00+00:00,2024-12-20 00:52:00+00:00,DEBIT,1580.81,GBP,6923,CP6003,ATM,REFWY5OJSQXWO,2024-04-15 04:06:00+00:00
TXN0000003092,ACC00000081,2025-04-05 18:39:00+00:00,2025-04-25 20:00:00+00:00,DEBIT,799.7,GBP,4298,,POS,REF1EZCNH3AC7,2024-04-13 06:39:00+00:00
TXN0000003093,ACC00000342,2026-04-11 04:14:00+00:00,2025-05-22 15:23:00+00:00,CREDIT,596.97,GBP,7036,CP9340,ATM,REFK47SJC0RBT,2024-03-23 11:56:00+00:00
TXN0000003094,ACC00000262,2024-01-01 09:50:00+00:00,2024-01-07 23:35:00+00:00,DEBIT,731.3,GBP,4322,CP9988,ATM,REFSO0L5INLWW,2025-08-27 17:51:00+00:00
TXN0000003095,ACC00000684,2026-03-09 11:46:00+00:00,2025-07-18 09:36:00+00:00,DEBIT,160.62,GBP,8479,CP1023,BRANCH,REF762EHL0CPL,2025-03-25 06:06:00+00:00
TXN0000003096,ACC00000061,2026-04-03 06:08:00+00:00,2024-10-16 21:36:00+00:00,CREDIT,811.59,EUR,6368,CP6937,POS,REFXDONBCF9LK,2024-12-29 20:02:00+00:00
TXN0000003097,ACC00000243,2026-01-30 07:05:00+00:00,2025-09-16 19:50:00+00:00,DEBIT,856.43,GBP,3560,CP3935,ONLINE,REFK4F4Y5DEEE,2024-03-04 22:39:00+00:00
TXN0000003098,ACC00000443,2025-01-29 20:40:00+00:00,2025-02-13 06:50:00+00:00,DEBIT,153.67,GBP,8883,CP7367,ONLINE,REFFAVEUMPSJN,2024-02-03 09:16:00+00:00
TXN0000003099,ACC00000116,2025-04-24 14:58:00+00:00,2024-12-20 14:24:00+00:00,CREDIT,1261.38,EUR,2196,CP6554,POS,REFTL5S9VQG55,2024-05-15 11:23:00+00:00
TXN0000003100,ACC00000718,2026-03-11 17:49:00+00:00,2025-05-31 13:45:00+00:00,DEBIT,384.78,GBP,8602,CP6174,BRANCH,REFXQRZWQ9MPT,2025-04-05 04:48:00+00:00
TXN0000003101,ACC00000261,2024-03-18 09:21:00+00:00,2025-02-28 04:49:00+00:00,DEBIT,107.16,GBP,7473,CP9531,ONLINE,REF11OS74GROH,2024-11-22 20:07:00+00:00
TXN0000003102,ACC00000291,2025-01-20 09:28:00+00:00,2024-03-13 07:34:00+00:00,DEBIT,780.69,GBP,7461,CP9470,BRANCH,REF7QJ900V56G,2025-01-08 17:59:00+00:00
TXN0000003103,ACC00000772,2026-01-21 09:53:00+00:00,2024-01-12 10:58:00+00:00,CREDIT,827.79,GBP,2904,,ONLINE,REFX0L8TOTZDJ,2025-08-10 05:53:00+00:00
TXN0000003104,ACC00000632,2024-09-07 14:00:00+00:00,2025-08-15 11:04:00+00:00,CREDIT,509.16,GBP,7159,CP4482,ATM,REFT4FDUADIPZ,2025-05-01 02:11:00+00:00
TXN0000003105,ACC00000685,2026-03-12 23:07:00+00:00,2025-09-17 08:35:00+00:00,CREDIT,489.66,GBP,3739,CP3131,ONLINE,REF1BM8SSZY74,2024-12-29 19:57:00+00:00
TXN0000003106,ACC00000433,2025-09-21 09:48:00+00:00,2024-10-13 23:22:00+00:00,CREDIT,881.41,USD,5728,CP2427,ONLINE,REFBPXA8KTFL1,2025-05-20 04:40:00+00:00
TXN0000003107,ACC00000257,2024-12-27 06:43:00+00:00,2024-10-11 23:10:00+00:00,CREDIT,847.41,USD,3233,CP4275,POS,REFNW2UU0TMPB,2025-11-02 13:33:00+00:00
TXN0000003108,ACC00000752,2025-09-21 22:58:00+00:00,2024-06-15 11:37:00+00:00,DEBIT,16.61,GBP,4111,CP4322,ONLINE,REF7P94TYOCZR,2024-01-22 09:44:00+00:00
TXN0000003109,ACC00000214,2024-04-16 02:42:00+00:00,2024-12-06 10:06:00+00:00,DEBIT,194.42,USD,4483,CP4081,POS,REF0V463P13NU,2024-03-29 00:56:00+00:00
TXN0000003110,ACC00000098,2025-04-07 15:27:00+00:00,2024-07-19 06:45:00+00:00,CREDIT,894.47,USD,9692,CP7475,ONLINE,REFYNUDI3J5NQ,2024-02-22 02:29:00+00:00
TXN0000003111,ACC00000580,2025-03-06 22:27:00+00:00,2024-02-05 23:20:00+00:00,DEBIT,359.0,GBP,1407,CP1850,POS,REFTGOQP46N55,2025-01-03 22:50:00+00:00
TXN0000003112,ACC00000371,2024-12-14 01:22:00+00:00,2025-09-19 02:22:00+00:00,CREDIT,1394.23,EUR,2792,CP5902,ATM,REF0J844RK2IT,2024-06-09 03:25:00+00:00
TXN0000003113,ACC00000595,2024-06-30 21:30:00+00:00,2024-10-28 03:37:00+00:00,CREDIT,598.47,GBP,1793,CP1985,POS,REFF8PCAFK18G,2026-03-21 01:23:00+00:00
TXN0000003114,ACC00000395,2025-10-25 13:04:00+00:00,2025-02-27 06:42:00+00:00,DEBIT,258.95,GBP,8772,CP3389,ATM,REF6WMFZVKVPI,2024-01-10 22:23:00+00:00
TXN0000003115,ACC00000130,2024-05-08 00:50:00+00:00,2025-12-06 11:07:00+00:00,CREDIT,1316.52,EUR,1728,,POS,REF2RD6CVIUDP,2024-12-21 03:27:00+00:00
TXN0000003116,ACC00000315,2025-08-12 05:35:00+00:00,2026-02-04 22:59:00+00:00,CREDIT,564.56,GBP,2893,CP8660,ONLINE,REFMTSQB7C1NM,2026-02-08 00:00:00+00:00
TXN0000003117,ACC00000198,2024-03-29 22:41:00+00:00,2024-04-11 00:38:00+00:00,CREDIT,172.64,EUR,8184,CP2788,POS,REFJ5Y4QG1KPW,2026-04-07 07:56:00+00:00
TXN0000003118,ACC00000016,2024-11-24 15:35:00+00:00,2025-02-24 15:19:00+00:00,DEBIT,629.09,USD,8552,CP3093,ATM,REFUWO13JC9FQ,2024-12-28 05:40:00+00:00
TXN0000003119,ACC00000267,2024-02-26 13:42:00+00:00,2024-12-16 03:43:00+00:00,CREDIT,1334.06,GBP,5811,,POS,REFNFR7UC5WO7,2024-05-15 16:08:00+00:00
TXN0000003120,ACC00000693,2024-03-16 23:39:00+00:00,2024-08-23 13:14:00+00:00,DEBIT,1260.38,USD,6054,CP9304,BRANCH,REFDSUT8DPJA6,2025-01-06 17:53:00+00:00
TXN0000003121,ACC00000463,2024-03-02 04:08:00+00:00,2025-02-15 11:46:00+00:00,CREDIT,1820.84,GBP,7492,CP5213,ONLINE,REFLH1EAOFXT3,2025-03-16 05:32:00+00:00
TXN0000003122,ACC00000763,2024-09-08 02:43:00+00:00,2025-09-11 00:54:00+00:00,CREDIT,1586.54,GBP,1323,CP9696,ONLINE,REFAAZBC41I2B,2025-09-02 00:45:00+00:00
TXN0000003123,ACC00000399,2024-04-26 12:30:00+00:00,2024-12-09 23:01:00+00:00,DEBIT,108.08,GBP,9834,CP3673,POS,REF5N1WUHH7WH,2026-01-26 22:03:00+00:00
TXN0000003124,ACC00000573,2025-10-03 17:43:00+00:00,2024-09-14 02:31:00+00:00,CREDIT,2021.97,USD,4621,CP8097,POS,REFG540GMCE7I,2025-02-27 20:30:00+00:00
TXN0000003125,ACC00000094,2025-03-28 00:24:00+00:00,2024-08-31 15:56:00+00:00,CREDIT,729.19,GBP,5849,,ONLINE,REFD667L28ER4,2024-05-10 02:23:00+00:00
TXN0000003126,ACC00000715,2025-10-06 15:40:00+00:00,2024-05-25 04:15:00+00:00,DEBIT,1404.27,EUR,7148,CP6130,ONLINE,REFZQ1D207TEH,2026-04-19 13:24:00+00:00
TXN0000003127,ACC00000483,2025-03-13 06:21:00+00:00,2024-09-24 04:26:00+00:00,DEBIT,488.45,EUR,5347,CP9364,ATM,REFQH7ANZT6Y3,2024-07-04 16:28:00+00:00
TXN0000003128,ACC00000679,2024-09-08 04:09:00+00:00,2025-12-19 15:53:00+00:00,DEBIT,635.52,GBP,2918,CP1583,BRANCH,REFDYE9VLDT6U,2024-03-22 15:03:00+00:00
TXN0000003129,ACC00000466,2024-07-22 21:31:00+00:00,2025-05-29 14:55:00+00:00,DEBIT,1785.84,GBP,8985,CP1780,ONLINE,REFC3QEXZA43M,2025-10-31 21:11:00+00:00
TXN0000003130,ACC00000003,2024-05-06 17:22:00+00:00,2024-02-10 22:12:00+00:00,CREDIT,1938.92,GBP,6299,CP5685,POS,REFVKPO47U0IH,2025-10-31 18:39:00+00:00
TXN0000003131,ACC00000457,2025-08-22 04:04:00+00:00,2026-04-25 21:11:00+00:00,CREDIT,115.41,GBP,1156,CP7104,ATM,REF1QMFMCXG9E,2026-01-17 07:40:00+00:00
TXN0000003132,ACC00000353,2024-05-21 12:52:00+00:00,2024-08-09 20:52:00+00:00,DEBIT,700.31,EUR,8467,CP2076,ATM,REFOWYC3SVC89,2025-11-12 18:29:00+00:00
TXN0000003133,ACC00000130,2025-10-13 16:46:00+00:00,2025-07-12 03:08:00+00:00,CREDIT,1118.16,GBP,9971,CP3065,BRANCH,REFHPH13SHWHV,2025-08-18 02:12:00+00:00
TXN0000003134,ACC00000265,2024-10-18 20:32:00+00:00,2025-06-12 02:28:00+00:00,CREDIT,567.74,USD,4312,CP6779,POS,REFNIA4JNN9NR,2025-09-27 09:16:00+00:00
TXN0000003135,ACC00000534,2025-01-11 13:14:00+00:00,2024-03-05 16:52:00+00:00,DEBIT,1847.09,GBP,2559,CP5135,ONLINE,REFCQBLSDMTUP,2025-06-14 10:30:00+00:00
TXN0000003136,ACC00000477,2025-05-24 02:05:00+00:00,2025-09-29 20:46:00+00:00,CREDIT,278.68,GBP,3163,CP8554,ONLINE,REF8J5KC5PAAW,2025-06-01 03:23:00+00:00
TXN0000003137,ACC00000608,2024-10-19 04:38:00+00:00,2025-08-06 07:22:00+00:00,DEBIT,161.37,USD,4357,CP3511,POS,REF3PC7G4GBC8,2025-03-27 14:17:00+00:00
TXN0000003138,ACC00000729,2024-11-15 06:01:00+00:00,2024-11-10 21:28:00+00:00,CREDIT,783.97,GBP,4647,CP3559,POS,REFPB5GW2QZFF,2025-05-15 05:55:00+00:00
TXN0000003139,ACC00000576,2024-02-11 00:47:00+00:00,2026-01-29 21:54:00+00:00,DEBIT,1716.48,GBP,2888,CP1623,POS,REFFEPFCLPZUY,2025-11-02 06:51:00+00:00
TXN0000003140,ACC00000172,2024-09-07 14:53:00+00:00,2026-02-06 10:56:00+00:00,CREDIT,679.3,GBP,6224,CP6739,POS,REF2HXGZOQZ05,2025-08-27 18:08:00+00:00
TXN0000003141,ACC00000567,2024-12-10 07:36:00+00:00,2024-05-22 03:04:00+00:00,DEBIT,386.3,GBP,4707,CP7792,POS,REFYR3PHLVO6M,2025-11-17 12:39:00+00:00
TXN0000003142,ACC00000655,2026-02-09 17:36:00+00:00,2024-06-14 14:47:00+00:00,DEBIT,299.54,GBP,5468,CP7890,ONLINE,REFOFTYE638G0,2025-03-19 02:06:00+00:00
TXN0000003143,ACC00000111,2025-12-14 04:55:00+00:00,2024-11-20 18:27:00+00:00,CREDIT,852.99,USD,9170,CP1882,ONLINE,REFQ9NP3WVM5Y,2025-03-16 14:37:00+00:00
TXN0000003144,ACC00000761,2024-09-06 22:44:00+00:00,2024-09-07 15:57:00+00:00,CREDIT,1364.07,USD,7181,CP8215,ONLINE,REFB9HMCQZJX1,2026-05-02 01:55:00+00:00
TXN0000003145,ACC00000757,2024-03-15 06:09:00+00:00,2026-04-16 06:04:00+00:00,DEBIT,164.59,GBP,3835,CP8206,ONLINE,REFG9MCZOT6R8,2024-04-08 17:36:00+00:00
TXN0000003146,ACC00000416,2024-09-22 13:22:00+00:00,2024-03-30 09:38:00+00:00,DEBIT,85.7,GBP,2688,,ONLINE,REFKQ4HRLJPYV,2025-12-10 05:43:00+00:00
TXN0000003147,ACC00000105,2025-09-05 21:40:00+00:00,2024-07-29 07:06:00+00:00,DEBIT,1006.91,GBP,9028,CP7139,BRANCH,REFJMXND5LGCD,2025-09-02 05:26:00+00:00
TXN0000003148,ACC00000023,2025-05-29 12:24:00+00:00,2024-01-17 17:32:00+00:00,DEBIT,10.16,GBP,5697,CP6981,POS,REFMME5LWMEHK,2025-02-20 14:13:00+00:00
TXN0000003149,ACC00000541,2025-09-19 06:08:00+00:00,2025-02-16 05:15:00+00:00,DEBIT,584.62,GBP,2171,CP6788,ATM,REF222ZJTGPC3,2025-08-24 07:37:00+00:00
TXN0000003150,ACC00000778,2025-05-05 17:45:00+00:00,2024-02-25 13:46:00+00:00,CREDIT,884.53,USD,1488,CP9317,ATM,REFAMQJZA7IXX,2024-06-14 12:56:00+00:00
TXN0000003151,ACC00000108,2024-09-21 03:31:00+00:00,2026-02-24 10:50:00+00:00,DEBIT,282.66,USD,4625,CP3115,ONLINE,REFMKTLSU8IAY,2024-09-22 19:35:00+00:00
TXN0000003152,ACC00000292,2025-11-05 17:12:00+00:00,2025-08-18 08:43:00+00:00,DEBIT,133.44,GBP,8414,CP8423,ATM,REF3KY1B9ZAEJ,2025-01-18 18:00:00+00:00
TXN0000003153,ACC00000584,2026-03-31 21:31:00+00:00,2026-04-30 00:01:00+00:00,CREDIT,810.97,USD,6708,CP4372,ONLINE,REFEBM1BVLVW3,2024-07-04 07:25:00+00:00
TXN0000003154,ACC00000581,2025-02-26 10:36:00+00:00,2024-08-28 17:06:00+00:00,CREDIT,1133.38,GBP,2713,CP2684,BRANCH,REFX1KMX5ZL9W,2025-04-17 21:38:00+00:00
TXN0000003155,ACC00000044,2024-03-14 10:57:00+00:00,2025-06-05 00:15:00+00:00,CREDIT,372.71,USD,5885,CP2175,POS,REFW0CQAK666N,2025-11-04 08:59:00+00:00
TXN0000003156,ACC00000151,2024-08-03 16:08:00+00:00,2025-12-22 13:19:00+00:00,DEBIT,90.14,GBP,2744,CP6741,POS,REF5KQY0E2VZI,2026-03-31 23:33:00+00:00
TXN0000003157,ACC00000031,2024-02-12 03:06:00+00:00,2025-07-14 11:45:00+00:00,DEBIT,298.69,GBP,7222,CP7610,ONLINE,REFT5XV55AAAA,2024-11-25 03:53:00+00:00
TXN0000003158,ACC00000036,2026-03-08 08:42:00+00:00,2024-04-04 21:02:00+00:00,DEBIT,421.83,USD,5590,CP2025,ONLINE,REFOOQYMXRWOF,2024-09-14 06:14:00+00:00
TXN0000003159,ACC00000609,2024-02-01 12:51:00+00:00,2024-02-15 04:04:00+00:00,DEBIT,840.77,GBP,7690,CP8740,ATM,REFBQDA2PEV6F,2025-01-14 20:23:00+00:00
TXN0000003160,ACC00000392,2024-12-27 05:44:00+00:00,2025-05-27 04:19:00+00:00,DEBIT,1502.09,GBP,7299,CP9953,ATM,REFLL2S5YM8QW,2024-05-08 06:12:00+00:00
TXN0000003161,ACC00000649,2025-03-14 12:18:00+00:00,2024-03-18 22:16:00+00:00,DEBIT,716.19,USD,9654,,POS,REFZY6HFJN4M3,2024-01-24 01:05:00+00:00
TXN0000003162,ACC00000549,2024-07-07 13:28:00+00:00,2024-01-25 17:05:00+00:00,DEBIT,1410.79,USD,4063,CP6390,ONLINE,REFIL8SJVOMZC,2024-08-30 22:24:00+00:00
TXN0000003163,ACC00000373,2026-03-23 07:55:00+00:00,2025-04-03 01:08:00+00:00,CREDIT,312.79,GBP,4106,CP9272,BRANCH,REFXCKLYPFKIF,2024-05-04 19:02:00+00:00
TXN0000003164,ACC00000403,2025-01-12 02:51:00+00:00,2025-06-14 08:27:00+00:00,DEBIT,206.13,GBP,8436,CP6888,POS,REF1VVEEA378O,2025-02-27 10:31:00+00:00
TXN0000003165,ACC00000691,2024-05-27 15:11:00+00:00,2024-03-05 13:40:00+00:00,DEBIT,12.03,GBP,4156,CP2959,BRANCH,REFY6F0ZQ9FEU,2024-08-30 07:29:00+00:00
TXN0000003166,ACC00000351,2024-10-13 10:22:00+00:00,2025-07-17 15:34:00+00:00,DEBIT,1118.39,GBP,3140,CP8034,ONLINE,REF5DQMY7R9ED,2026-04-17 00:48:00+00:00
TXN0000003167,ACC00000547,2024-08-13 07:31:00+00:00,2025-04-01 20:50:00+00:00,CREDIT,1995.58,USD,8295,CP4365,POS,REFFHGTI9GI1Y,2024-09-02 15:21:00+00:00
TXN0000003168,ACC00000555,2026-05-04 11:43:00+00:00,2025-10-09 06:11:00+00:00,DEBIT,29.76,GBP,9669,CP5379,POS,REFM1BTCVW2A1,2024-12-04 01:10:00+00:00
TXN0000003169,ACC00000578,2025-02-05 10:59:00+00:00,2026-02-16 02:18:00+00:00,DEBIT,597.83,GBP,7440,,ONLINE,REFTANYR3N7S6,2026-03-09 17:49:00+00:00
TXN0000003170,ACC00000703,2026-02-08 12:39:00+00:00,2025-08-04 19:36:00+00:00,DEBIT,202.5,GBP,1526,CP2108,ATM,REFYZXXP0V5YI,2026-04-05 07:35:00+00:00
TXN0000003171,ACC00000534,2025-04-25 13:16:00+00:00,2025-05-04 00:13:00+00:00,DEBIT,1120.6,USD,3610,CP8812,ONLINE,REF0WBMM8GL26,2025-08-22 07:29:00+00:00
TXN0000003172,ACC00000286,2025-06-25 14:32:00+00:00,2025-11-11 04:01:00+00:00,CREDIT,816.26,USD,9613,,ATM,REFHP2YZ85ALG,2025-07-18 05:49:00+00:00
TXN0000003173,ACC00000190,2024-10-27 18:27:00+00:00,2024-10-13 06:41:00+00:00,DEBIT,432.21,EUR,5749,CP3897,POS,REFX7JZDUQUR7,2024-11-23 02:33:00+00:00
TXN0000003174,ACC00000428,2024-06-12 05:17:00+00:00,2024-11-14 21:31:00+00:00,DEBIT,1737.35,USD,7768,CP1156,ONLINE,REFP98CA6SFTU,2024-09-27 20:07:00+00:00
TXN0000003175,ACC00000740,2026-04-13 18:18:00+00:00,2024-09-18 06:46:00+00:00,DEBIT,1148.67,GBP,4529,CP1304,ATM,REF2NLL8FC04J,2024-11-06 00:49:00+00:00
TXN0000003176,ACC00000639,2025-12-26 11:53:00+00:00,2024-07-28 09:19:00+00:00,DEBIT,412.5,GBP,6895,CP8981,ONLINE,REFI6QAUDGNXF,2025-02-05 08:51:00+00:00
TXN0000003177,ACC00000739,2024-05-03 00:19:00+00:00,2024-05-12 03:02:00+00:00,CREDIT,146.72,GBP,7002,CP2146,ONLINE,REFLPYREOLDJ7,2026-02-20 16:56:00+00:00
TXN0000003178,ACC00000633,2025-02-20 20:08:00+00:00,2025-02-25 11:04:00+00:00,CREDIT,248.52,EUR,6829,CP5774,POS,REFDQS3M8O3LV,2025-10-07 07:49:00+00:00
TXN0000003179,ACC00000651,2024-11-18 00:26:00+00:00,2024-02-16 00:18:00+00:00,DEBIT,876.15,USD,1275,,POS,REFB2WBW3JQ6N,2025-07-01 05:40:00+00:00
TXN0000003180,ACC00000033,2025-08-15 04:36:00+00:00,2025-02-08 00:04:00+00:00,CREDIT,502.46,USD,2114,CP8099,ONLINE,REFW99KRWT7X4,2025-03-19 17:06:00+00:00
TXN0000003181,ACC00000014,2025-03-04 10:24:00+00:00,2024-01-13 20:18:00+00:00,DEBIT,1441.79,GBP,3312,CP1629,ONLINE,REF1UAIA8GR1N,2025-03-23 00:59:00+00:00
TXN0000003182,ACC00000783,2025-06-30 10:54:00+00:00,2024-04-23 06:07:00+00:00,DEBIT,850.61,GBP,2087,CP4173,ONLINE,REFT7FAXRQKSE,2025-10-15 22:26:00+00:00
TXN0000003183,ACC00000190,2024-04-22 04:52:00+00:00,2024-08-28 10:23:00+00:00,CREDIT,599.9,GBP,2326,CP1067,ONLINE,REFYN03NMAYQX,2025-01-29 13:10:00+00:00
TXN0000003184,ACC00000311,2025-11-19 01:55:00+00:00,2024-12-07 23:29:00+00:00,DEBIT,764.0,GBP,5301,CP7831,ONLINE,REFOSPMG9WO84,2024-12-15 19:32:00+00:00
TXN0000003185,ACC00000066,2025-03-07 04:48:00+00:00,2025-08-07 09:08:00+00:00,DEBIT,763.06,GBP,6701,CP2036,POS,REFU2JTVOLF6I,2024-08-18 18:10:00+00:00
TXN0000003186,ACC00000459,2025-04-03 13:45:00+00:00,2024-02-18 23:30:00+00:00,CREDIT,1461.31,USD,3116,CP5957,POS,REF13G9O4WM8V,2024-11-26 16:48:00+00:00
TXN0000003187,ACC00000636,2025-05-19 05:38:00+00:00,2026-02-17 04:43:00+00:00,CREDIT,745.57,GBP,6268,CP4362,ONLINE,REFRB2SBOCI4U,2024-05-08 20:54:00+00:00
TXN0000003188,ACC00000257,2024-08-24 23:20:00+00:00,2025-11-28 04:43:00+00:00,DEBIT,188.48,USD,4134,CP1885,ONLINE,REFE8S0I7KXS8,2024-09-25 22:07:00+00:00
TXN0000003189,ACC00000369,2025-12-20 00:39:00+00:00,2024-08-25 19:22:00+00:00,DEBIT,502.58,GBP,6519,CP8534,ATM,REFFPT2HFSYY3,2024-09-18 17:15:00+00:00
TXN0000003190,ACC00000278,2025-03-27 18:49:00+00:00,2025-03-09 22:29:00+00:00,DEBIT,944.95,USD,6985,CP3840,ONLINE,REFSYAJ8S9HKR,2024-03-09 01:14:00+00:00
TXN0000003191,ACC00000698,2024-08-08 08:43:00+00:00,2024-05-13 21:05:00+00:00,DEBIT,1127.35,GBP,4876,CP9295,ONLINE,REFJPVPI4V6UF,2024-04-03 05:58:00+00:00
TXN0000003192,ACC00000764,2024-10-02 04:04:00+00:00,2025-05-15 12:50:00+00:00,CREDIT,207.66,GBP,1123,CP7939,POS,REFZRZ305T2L4,2026-02-17 22:37:00+00:00
TXN0000003193,ACC00000698,2024-05-14 18:07:00+00:00,2026-03-10 02:45:00+00:00,DEBIT,853.29,GBP,2375,CP4883,ONLINE,REFZKG3JFF3HV,2025-11-21 11:51:00+00:00
TXN0000003194,ACC00000457,2024-11-04 13:55:00+00:00,2025-06-19 19:57:00+00:00,DEBIT,5.54,GBP,7351,CP5506,ONLINE,REFOR3HUJZNLN,2024-09-04 02:59:00+00:00
TXN0000003195,ACC00000743,2026-03-12 21:23:00+00:00,2026-02-15 17:37:00+00:00,DEBIT,1622.82,GBP,6976,CP2520,ONLINE,REFFDOJ1XC755,2024-09-15 18:25:00+00:00
TXN0000003196,ACC00000075,2024-01-05 05:09:00+00:00,2025-07-21 15:45:00+00:00,DEBIT,1282.16,GBP,5449,CP7451,ATM,REFUGM2BLIBHK,2024-10-12 11:20:00+00:00
TXN0000003197,ACC00000624,2026-03-17 06:18:00+00:00,2025-07-21 14:31:00+00:00,DEBIT,1714.37,USD,8995,CP7065,BRANCH,REF5FCW31R1TM,2024-08-20 18:31:00+00:00
TXN0000003198,ACC00000515,2025-05-20 14:35:00+00:00,2025-03-09 15:47:00+00:00,CREDIT,573.56,GBP,1951,CP3570,ONLINE,REF1VHUY9GFZC,2024-08-10 17:19:00+00:00
TXN0000003199,ACC00000134,2025-12-07 22:42:00+00:00,2025-03-24 11:55:00+00:00,DEBIT,1382.85,USD,6517,CP3110,ONLINE,REFGJEE0N3WQC,2025-01-23 00:23:00+00:00
TXN0000003200,ACC00000742,2026-01-17 22:00:00+00:00,2024-03-06 06:32:00+00:00,CREDIT,637.49,GBP,5750,CP3660,POS,REFNB6G0N3OYG,2026-04-05 18:30:00+00:00
TXN0000003201,ACC00000754,2024-10-20 11:31:00+00:00,2025-05-06 14:42:00+00:00,CREDIT,467.33,EUR,5197,CP7352,POS,REFT3ZLBU54CZ,2024-03-09 12:30:00+00:00
TXN0000003202,ACC00000600,2026-01-10 18:29:00+00:00,2024-03-19 04:50:00+00:00,DEBIT,566.56,GBP,6911,CP2538,ONLINE,REFL68Y195TBF,2024-12-15 07:49:00+00:00
TXN0000003203,ACC00000532,2024-05-20 11:07:00+00:00,2024-08-06 19:34:00+00:00,DEBIT,760.36,GBP,2642,CP4802,ONLINE,REFLGDPPJ32HR,2025-10-21 19:17:00+00:00
TXN0000003204,ACC00000074,2025-06-16 09:44:00+00:00,2024-03-27 17:36:00+00:00,CREDIT,200.44,GBP,5256,CP2666,ONLINE,REFBFMRARO7ZQ,2025-10-11 15:18:00+00:00
TXN0000003205,ACC00000160,2025-11-02 01:29:00+00:00,2024-08-16 19:29:00+00:00,DEBIT,1110.57,USD,6128,CP9346,ONLINE,REFURASIGNPFZ,2025-05-16 23:57:00+00:00
TXN0000003206,ACC00000222,2024-01-25 06:14:00+00:00,2025-10-20 20:51:00+00:00,DEBIT,27.31,USD,3421,CP8162,ONLINE,REF9IWG46FWVR,2025-09-06 09:59:00+00:00
TXN0000003207,ACC00000695,2025-10-27 19:33:00+00:00,2024-06-13 01:17:00+00:00,CREDIT,368.56,GBP,2152,CP3412,ONLINE,REFG14ECPEL03,2024-11-27 18:47:00+00:00
TXN0000003208,ACC00000410,2024-05-17 02:18:00+00:00,2025-06-02 15:14:00+00:00,DEBIT,140.19,GBP,1074,CP9200,POS,REFXXK8XX6W0X,2025-08-31 07:19:00+00:00
TXN0000003209,ACC00000046,2025-04-08 17:43:00+00:00,2024-02-09 08:23:00+00:00,DEBIT,50.43,GBP,3241,CP3146,ONLINE,REFG3PL6TDVEM,2026-02-26 05:15:00+00:00
TXN0000003210,ACC00000659,2024-05-27 07:12:00+00:00,2024-04-29 18:16:00+00:00,DEBIT,920.12,EUR,1615,CP2795,POS,REFD3N9PI3J4U,2024-10-16 22:21:00+00:00
TXN0000003211,ACC00000730,2025-03-31 20:46:00+00:00,2024-11-22 10:47:00+00:00,CREDIT,698.99,GBP,4355,,ONLINE,REF2AEIFYRA0Z,2025-08-13 21:50:00+00:00
TXN0000003212,ACC00000462,2024-06-08 22:03:00+00:00,2025-05-28 13:59:00+00:00,DEBIT,347.24,GBP,9263,,POS,REFH4890QKK1X,2024-09-10 03:17:00+00:00
TXN0000003213,ACC00000794,2025-08-04 22:45:00+00:00,2025-06-06 02:41:00+00:00,DEBIT,677.81,GBP,9933,CP7400,ONLINE,REF7D5AJTPW0J,2024-03-22 07:41:00+00:00
TXN0000003214,ACC00000067,2024-10-03 10:04:00+00:00,2026-01-24 14:53:00+00:00,DEBIT,1553.36,GBP,8804,CP9900,ONLINE,REFJNFB44HJ7D,2025-08-29 13:08:00+00:00
TXN0000003215,ACC00000550,2026-01-04 12:31:00+00:00,2026-01-11 07:17:00+00:00,DEBIT,459.55,GBP,1026,CP6975,BRANCH,REF8HRT6KUIKE,2025-08-09 03:44:00+00:00
TXN0000003216,ACC00000400,2025-02-13 23:28:00+00:00,2024-04-26 17:35:00+00:00,DEBIT,751.28,GBP,8406,CP4143,ATM,REFSR0JQ3GZD9,2025-01-24 13:04:00+00:00
TXN0000003217,ACC00000487,2024-01-13 12:12:00+00:00,2025-12-03 00:31:00+00:00,DEBIT,1464.38,USD,2193,CP9266,BRANCH,REFGBU00E9MC9,2025-07-29 02:13:00+00:00
TXN0000003218,ACC00000093,2025-02-20 20:14:00+00:00,2025-08-15 21:25:00+00:00,DEBIT,329.52,GBP,5045,CP8016,ONLINE,REF2LKC2NT9GS,2025-07-04 19:31:00+00:00
TXN0000003219,ACC00000319,2025-11-18 04:54:00+00:00,2026-03-08 09:46:00+00:00,DEBIT,556.93,USD,8037,CP5618,ONLINE,REFTRJAOYMOO3,2024-05-16 06:07:00+00:00
TXN0000003220,ACC00000507,2026-03-13 16:27:00+00:00,2025-11-24 01:15:00+00:00,DEBIT,963.93,USD,1363,CP9573,ONLINE,REFTKAHAYGO09,2025-07-30 12:46:00+00:00
TXN0000003221,ACC00000586,2024-07-24 00:07:00+00:00,2025-10-03 20:50:00+00:00,DEBIT,843.8,GBP,5719,CP9674,BRANCH,REFSJ9C6H8CNZ,2024-01-16 02:53:00+00:00
TXN0000003222,ACC00000093,2024-03-09 04:56:00+00:00,2024-04-19 11:56:00+00:00,CREDIT,844.4,GBP,3153,CP5866,POS,REFEVYKJEQ8JD,2025-07-04 16:05:00+00:00
TXN0000003223,ACC00000126,2026-03-23 04:01:00+00:00,2025-05-11 10:32:00+00:00,CREDIT,997.4,GBP,2092,CP3040,ONLINE,REFXS0URSBBOG,2025-09-22 20:50:00+00:00
TXN0000003224,ACC00000694,2026-04-21 01:57:00+00:00,2024-12-05 19:12:00+00:00,DEBIT,822.5,USD,3313,CP9165,BRANCH,REFI2RBPJJPFV,2026-05-04 06:56:00+00:00
TXN0000003225,ACC00000740,2026-01-07 21:33:00+00:00,2025-08-05 03:49:00+00:00,DEBIT,298.01,USD,2627,CP4548,BRANCH,REF90KEXFU4J3,2026-04-15 19:43:00+00:00
TXN0000003226,ACC00000769,2024-10-26 16:58:00+00:00,2025-07-06 20:20:00+00:00,CREDIT,793.49,USD,1100,CP2973,POS,REFEBM9TI45L2,2025-03-29 09:02:00+00:00
TXN0000003227,ACC00000329,2024-10-01 04:24:00+00:00,2024-09-01 21:25:00+00:00,DEBIT,1128.37,EUR,1555,CP3434,ONLINE,REFU7OT62HBA3,2024-05-03 02:16:00+00:00
TXN0000003228,ACC00000603,2026-04-16 08:49:00+00:00,2026-01-07 04:02:00+00:00,CREDIT,573.99,GBP,5690,CP3131,POS,REFI98TYBIH7B,2024-01-15 19:12:00+00:00
TXN0000003229,ACC00000112,2025-07-10 06:13:00+00:00,2025-01-05 08:52:00+00:00,DEBIT,442.29,USD,7672,CP3584,ATM,REFHYO7PF9UP4,2024-02-10 06:58:00+00:00
TXN0000003230,ACC00000093,2026-02-09 06:27:00+00:00,2024-11-09 19:12:00+00:00,CREDIT,766.26,USD,9869,CP4687,ATM,REFFH68WR5WTE,2024-03-01 12:56:00+00:00
TXN0000003231,ACC00000618,2025-04-07 21:36:00+00:00,2026-02-24 07:37:00+00:00,DEBIT,1748.31,USD,8948,CP8494,POS,REFZ42SLXNLPT,2024-01-04 12:51:00+00:00
TXN0000003232,ACC00000539,2025-01-25 00:50:00+00:00,2024-07-06 14:05:00+00:00,CREDIT,800.55,GBP,8725,CP2518,POS,REFQ950F6SA22,2025-02-08 20:47:00+00:00
TXN0000003233,ACC00000093,2025-06-05 05:44:00+00:00,2025-11-21 18:20:00+00:00,CREDIT,2044.98,USD,6794,CP9681,ONLINE,REF2J2S8QN16M,2024-01-29 07:10:00+00:00
TXN0000003234,ACC00000307,2025-07-07 19:25:00+00:00,2024-09-14 00:26:00+00:00,CREDIT,688.55,GBP,3363,CP7102,ONLINE,REFRIEJ4RKSP5,2025-10-08 15:31:00+00:00
TXN0000003235,ACC00000084,2025-05-25 23:47:00+00:00,2024-08-21 16:20:00+00:00,DEBIT,171.54,USD,2324,CP5679,POS,REF1XLPA7S76T,2025-09-03 00:19:00+00:00
TXN0000003236,ACC00000731,2025-10-15 02:44:00+00:00,2025-03-06 14:00:00+00:00,DEBIT,401.31,GBP,1662,CP1440,POS,REFJILY58COSN,2025-07-10 19:39:00+00:00
TXN0000003237,ACC00000034,2024-07-30 12:00:00+00:00,2024-05-23 01:47:00+00:00,DEBIT,710.19,GBP,1990,CP6496,POS,REFH57RERNOGN,2025-07-01 19:20:00+00:00
TXN0000003238,ACC00000495,2024-12-09 20:43:00+00:00,2025-04-24 20:04:00+00:00,DEBIT,220.07,GBP,9622,CP8967,BRANCH,REFULA4G8DPMY,2024-04-24 22:13:00+00:00
TXN0000003239,ACC00000026,2024-09-16 19:58:00+00:00,2026-02-25 11:12:00+00:00,DEBIT,283.95,GBP,5659,CP4148,ONLINE,REFQYRERELJ62,2024-01-20 07:30:00+00:00
TXN0000003240,ACC00000109,2024-10-19 13:56:00+00:00,2025-04-14 17:42:00+00:00,CREDIT,886.69,GBP,8071,CP2847,POS,REFZFAQOWKQ3F,2025-03-22 15:30:00+00:00
TXN0000003241,ACC00000275,2025-09-05 04:01:00+00:00,2024-10-12 05:03:00+00:00,CREDIT,1327.11,GBP,6139,CP7897,POS,REF68OVRGEU4K,2025-03-28 19:10:00+00:00
TXN0000003242,ACC00000595,2025-07-29 11:58:00+00:00,2025-12-04 11:22:00+00:00,DEBIT,1032.36,GBP,5908,CP1664,ONLINE,REFTARM1ZNF0Z,2024-01-08 03:28:00+00:00
TXN0000003243,ACC00000424,2025-03-05 08:36:00+00:00,2025-11-29 20:22:00+00:00,CREDIT,91.69,USD,3872,CP1560,ONLINE,REFCPJ5TABT7V,2024-12-14 00:51:00+00:00
TXN0000003244,ACC00000351,2026-01-02 01:07:00+00:00,2026-01-06 10:48:00+00:00,CREDIT,1410.95,GBP,6686,CP3591,ONLINE,REFEODSW6DURS,2024-08-01 17:22:00+00:00
TXN0000003245,ACC00000199,2024-07-11 04:16:00+00:00,2024-08-12 21:20:00+00:00,CREDIT,1119.28,GBP,6425,CP5904,ONLINE,REFXTH7XAOXWX,2024-07-04 17:56:00+00:00
TXN0000003246,ACC00000741,2025-09-28 11:48:00+00:00,2024-09-30 09:59:00+00:00,DEBIT,1114.24,GBP,8101,CP2921,POS,REF810H0QKTZU,2025-08-26 07:06:00+00:00
TXN0000003247,ACC00000598,2024-04-05 18:59:00+00:00,2026-02-16 01:28:00+00:00,CREDIT,1284.76,GBP,9474,CP2722,POS,REFC73QFLJ6PA,2026-01-03 21:25:00+00:00
TXN0000003248,ACC00000172,2024-08-08 11:03:00+00:00,2026-02-16 16:45:00+00:00,CREDIT,299.24,GBP,7287,,ONLINE,REFY72J69VH7U,2025-01-05 00:27:00+00:00
TXN0000003249,ACC00000235,2026-04-24 20:56:00+00:00,2025-08-30 21:26:00+00:00,CREDIT,1746.69,USD,3329,CP2606,POS,REFCVKWBA16ZU,2024-12-24 06:28:00+00:00
TXN0000003250,ACC00000154,2024-01-01 02:06:00+00:00,2025-04-11 14:44:00+00:00,CREDIT,434.06,GBP,3995,CP8522,ATM,REF2ELYYU829U,2025-01-01 17:57:00+00:00
TXN0000003251,ACC00000305,2024-12-05 09:25:00+00:00,2025-05-30 16:34:00+00:00,DEBIT,72.35,USD,3709,CP7892,POS,REFUGHL51GWZ4,2025-04-18 01:47:00+00:00
TXN0000003252,ACC00000167,2024-04-22 15:22:00+00:00,2026-04-01 18:59:00+00:00,DEBIT,262.79,GBP,1903,CP6837,ATM,REFLX4GZOX1E5,2025-06-16 08:20:00+00:00
TXN0000003253,ACC00000011,2026-03-16 16:45:00+00:00,2024-06-17 20:45:00+00:00,CREDIT,420.55,USD,6279,CP7270,ATM,REFT3Z67PL55X,2024-05-01 19:27:00+00:00
TXN0000003254,ACC00000144,2025-12-08 22:41:00+00:00,2026-01-17 04:51:00+00:00,CREDIT,1013.53,USD,5362,CP1008,ONLINE,REFX3DMS7FX2I,2024-04-01 07:04:00+00:00
TXN0000003255,ACC00000521,2024-03-02 17:56:00+00:00,2024-04-18 01:47:00+00:00,DEBIT,272.9,USD,5640,CP6134,POS,REFLCON5DQ5N1,2026-02-27 06:54:00+00:00
TXN0000003256,ACC00000533,2024-02-19 06:33:00+00:00,2024-02-09 14:49:00+00:00,DEBIT,320.41,USD,2550,CP5977,ONLINE,REFH21A3ECC8X,2026-03-19 14:11:00+00:00
TXN0000003257,ACC00000242,2026-01-21 16:36:00+00:00,2024-05-23 21:42:00+00:00,CREDIT,1062.29,GBP,8536,CP5619,ONLINE,REFTLTWYQ5RLA,2024-12-19 19:02:00+00:00
TXN0000003258,ACC00000417,2025-10-16 23:47:00+00:00,2024-01-10 08:01:00+00:00,DEBIT,654.39,GBP,2450,CP7057,ATM,REFDCANXBK9FK,2024-06-25 12:21:00+00:00
TXN0000003259,ACC00000120,2024-02-06 09:16:00+00:00,2026-02-26 19:19:00+00:00,DEBIT,264.34,USD,1289,CP4516,ONLINE,REF9QF3XNP3ZR,2024-07-19 11:45:00+00:00
TXN0000003260,ACC00000629,2025-10-15 02:03:00+00:00,2025-05-21 02:07:00+00:00,DEBIT,1329.87,EUR,6688,CP3722,POS,REFCDXCB9T65J,2025-07-11 23:35:00+00:00
TXN0000003261,ACC00000141,2024-10-15 01:17:00+00:00,2026-03-12 05:18:00+00:00,CREDIT,1485.66,EUR,7271,CP6657,ATM,REF37BK1ONAX0,2024-03-10 22:35:00+00:00
TXN0000003262,ACC00000073,2024-09-04 02:22:00+00:00,2025-02-16 03:44:00+00:00,CREDIT,1076.74,GBP,9157,CP3412,POS,REF6HACH45BYK,2024-12-28 20:55:00+00:00
TXN0000003263,ACC00000019,2025-02-19 12:57:00+00:00,2025-03-30 11:42:00+00:00,DEBIT,311.59,GBP,4519,CP5488,POS,REF5ZD61FE7EJ,2025-01-20 02:02:00+00:00
TXN0000003264,ACC00000447,2025-06-05 10:04:00+00:00,2025-05-18 17:44:00+00:00,CREDIT,1037.47,GBP,3352,CP8803,ONLINE,REFKNKW3WVX7V,2025-03-25 22:50:00+00:00
TXN0000003265,ACC00000316,2025-12-04 06:53:00+00:00,2024-01-16 08:06:00+00:00,DEBIT,379.38,USD,4547,CP2972,POS,REFZNDAKK68GO,2025-10-02 16:37:00+00:00
TXN0000003266,ACC00000420,2024-12-04 06:33:00+00:00,2024-01-24 22:19:00+00:00,CREDIT,57.71,GBP,7741,CP3605,POS,REFCQ5S6Q9GAX,2024-12-09 07:04:00+00:00
TXN0000003267,ACC00000738,2025-10-11 20:06:00+00:00,2025-07-19 13:26:00+00:00,CREDIT,112.31,GBP,1539,CP6152,ONLINE,REF602WKTM3DN,2025-07-24 11:48:00+00:00
TXN0000003268,ACC00000688,2024-10-08 16:41:00+00:00,2025-05-10 02:33:00+00:00,CREDIT,271.06,GBP,8628,CP5753,ONLINE,REFYEHXQYUS1S,2025-01-15 19:49:00+00:00
TXN0000003269,ACC00000462,2024-08-10 15:19:00+00:00,2025-03-04 08:17:00+00:00,DEBIT,656.36,USD,1150,CP4967,ONLINE,REFQIGSZOHQCB,2025-05-27 21:42:00+00:00
TXN0000003270,ACC00000262,2025-04-14 10:22:00+00:00,2024-06-01 13:08:00+00:00,CREDIT,1864.95,GBP,7224,CP3657,ATM,REFG9E6EP466Q,2026-03-31 21:42:00+00:00
TXN0000003271,ACC00000108,2025-06-01 01:12:00+00:00,2026-02-27 09:19:00+00:00,DEBIT,177.26,GBP,5115,CP1762,POS,REF6IE8MS0FAM,2024-10-13 16:09:00+00:00
TXN0000003272,ACC00000478,2024-02-13 19:40:00+00:00,2026-04-23 15:03:00+00:00,DEBIT,384.0,GBP,9459,,ONLINE,REFWQLVV4LBUQ,2025-09-16 09:27:00+00:00
TXN0000003273,ACC00000301,2024-01-13 03:59:00+00:00,2025-12-13 08:36:00+00:00,CREDIT,1042.18,GBP,9068,,ONLINE,REFW1675VDW0T,2024-07-14 14:41:00+00:00
TXN0000003274,ACC00000014,2025-02-16 16:59:00+00:00,2025-07-15 13:30:00+00:00,CREDIT,290.32,GBP,3321,CP6667,ONLINE,REF4JG4JQR5DT,2025-01-02 21:16:00+00:00
TXN0000003275,ACC00000659,2024-11-21 12:18:00+00:00,2024-03-25 03:51:00+00:00,CREDIT,25.83,GBP,4937,CP9371,POS,REF2V6K2TAAT1,2025-10-13 19:20:00+00:00
TXN0000003276,ACC00000155,2025-04-03 03:31:00+00:00,2024-01-17 03:32:00+00:00,CREDIT,714.5,EUR,6479,CP6111,ONLINE,REFREW1VDBV2N,2025-01-10 15:20:00+00:00
TXN0000003277,ACC00000678,2026-04-15 14:35:00+00:00,2025-04-19 14:49:00+00:00,CREDIT,419.19,GBP,9592,CP1837,ONLINE,REFU2MU3LE5GR,2025-10-19 02:47:00+00:00
TXN0000003278,ACC00000796,2024-09-25 01:05:00+00:00,2024-01-15 07:15:00+00:00,DEBIT,584.19,USD,4078,CP8937,ONLINE,REF0PMGCHI8R3,2026-03-31 14:21:00+00:00
TXN0000003279,ACC00000280,2025-09-14 01:09:00+00:00,2024-06-09 10:29:00+00:00,DEBIT,753.73,GBP,6468,CP9323,POS,REFNEK993WYW9,2025-11-29 14:16:00+00:00
TXN0000003280,ACC00000305,2025-04-18 21:06:00+00:00,2026-03-06 01:44:00+00:00,CREDIT,971.16,GBP,2353,CP6810,ONLINE,REFEWWL5RS7JN,2025-11-26 02:22:00+00:00
TXN0000003281,ACC00000633,2025-02-18 19:33:00+00:00,2024-10-19 21:18:00+00:00,CREDIT,1503.56,GBP,8571,CP8735,ONLINE,REF7W1Q3Q4RSS,2025-08-17 01:58:00+00:00
TXN0000003282,ACC00000649,2025-12-11 17:41:00+00:00,2024-08-17 00:29:00+00:00,CREDIT,1275.29,EUR,6969,,ONLINE,REFVRVEGAO65S,2026-01-14 19:04:00+00:00
TXN0000003283,ACC00000589,2025-12-21 06:30:00+00:00,2024-09-07 04:19:00+00:00,CREDIT,214.14,GBP,3273,CP5259,ONLINE,REFHIGLQ2Z807,2024-03-16 19:37:00+00:00
TXN0000003284,ACC00000001,2025-12-19 03:27:00+00:00,2025-01-20 21:27:00+00:00,DEBIT,85.43,GBP,1891,,ONLINE,REF13T7YKV7KG,2025-09-22 22:40:00+00:00
TXN0000003285,ACC00000745,2024-04-05 03:23:00+00:00,2026-03-02 16:36:00+00:00,CREDIT,383.62,GBP,5983,CP9094,ONLINE,REF3X28RI93P7,2024-05-23 02:25:00+00:00
TXN0000003286,ACC00000573,2025-06-12 12:27:00+00:00,2025-09-20 15:42:00+00:00,DEBIT,443.05,GBP,8612,CP7422,POS,REF7SUE0D3AU4,2024-06-29 18:35:00+00:00
TXN0000003287,ACC00000456,2026-03-29 16:27:00+00:00,2024-09-19 19:51:00+00:00,DEBIT,262.44,USD,8915,CP3134,POS,REFP8SDXCYL94,2024-01-12 13:07:00+00:00
TXN0000003288,ACC00000277,2024-04-25 02:36:00+00:00,2026-04-10 21:03:00+00:00,DEBIT,1547.01,GBP,1380,CP4647,POS,REFNXI14NW39A,2024-10-12 22:35:00+00:00
TXN0000003289,ACC00000624,2025-08-07 15:52:00+00:00,2026-02-11 06:40:00+00:00,CREDIT,122.0,GBP,1652,CP7229,POS,REFNDB88DG4SF,2025-09-12 16:59:00+00:00
TXN0000003290,ACC00000467,2026-05-01 12:28:00+00:00,2026-03-05 01:16:00+00:00,DEBIT,274.19,USD,6016,CP5307,POS,REF7OPEOFHJ16,2025-11-29 00:46:00+00:00
TXN0000003291,ACC00000659,2024-12-30 18:47:00+00:00,2026-03-28 07:32:00+00:00,CREDIT,633.78,GBP,9537,CP1102,ONLINE,REFKTX7OP2XVC,2024-03-27 05:33:00+00:00
TXN0000003292,ACC00000622,2025-12-30 16:12:00+00:00,2024-04-13 14:28:00+00:00,DEBIT,51.87,GBP,4201,CP4992,ONLINE,REFIRQEZL20M3,2025-11-07 10:12:00+00:00
TXN0000003293,ACC00000184,2025-11-10 06:10:00+00:00,2025-10-01 19:56:00+00:00,DEBIT,736.78,GBP,1119,CP1376,ATM,REF2AJUQ2L6ZB,2024-01-11 06:18:00+00:00
TXN0000003294,ACC00000363,2025-02-27 02:30:00+00:00,2026-01-28 16:59:00+00:00,DEBIT,1272.47,GBP,8318,CP5917,POS,REF1ROCW1YJZ3,2025-10-17 03:28:00+00:00
TXN0000003295,ACC00000114,2024-02-12 23:20:00+00:00,2025-08-27 18:09:00+00:00,CREDIT,807.81,USD,7401,CP5669,POS,REFG0VFLYO4OK,2025-12-05 07:29:00+00:00
TXN0000003296,ACC00000153,2024-01-29 10:34:00+00:00,2024-09-24 12:53:00+00:00,DEBIT,401.07,USD,3125,CP6367,ONLINE,REFYPGGNXI47Y,2024-01-23 18:42:00+00:00
TXN0000003297,ACC00000749,2024-07-31 11:12:00+00:00,2025-08-10 05:18:00+00:00,DEBIT,2486.14,USD,8571,,ONLINE,REFVJQC991JBQ,2025-11-16 03:10:00+00:00
TXN0000003298,ACC00000440,2024-09-18 11:41:00+00:00,2025-04-23 00:18:00+00:00,DEBIT,1425.36,USD,5074,CP6375,POS,REF68LSJJELD3,2026-01-15 21:15:00+00:00
TXN0000003299,ACC00000432,2025-07-06 02:37:00+00:00,2025-06-24 03:06:00+00:00,DEBIT,876.45,GBP,3786,CP6463,ATM,REFLBTRUSGBET,2026-04-02 12:40:00+00:00
TXN0000003300,ACC00000310,2024-12-22 13:20:00+00:00,2025-11-27 06:03:00+00:00,DEBIT,403.0,GBP,6930,CP1209,ONLINE,REFDM18XDY31C,2024-08-08 11:32:00+00:00
TXN0000003301,ACC00000611,2025-03-26 22:09:00+00:00,2024-04-05 16:27:00+00:00,CREDIT,865.74,GBP,6617,CP1994,ONLINE,REF4UTZGX58S1,2024-09-10 14:40:00+00:00
TXN0000003302,ACC00000105,2025-07-12 11:15:00+00:00,2026-02-25 09:15:00+00:00,CREDIT,356.15,GBP,4494,CP6408,ONLINE,REFKYJ4V7KRO6,2024-07-28 09:43:00+00:00
TXN0000003303,ACC00000678,2025-01-08 07:15:00+00:00,2024-05-19 07:05:00+00:00,DEBIT,361.82,GBP,9948,CP3640,POS,REFXX6KLLW9KB,2025-11-15 11:40:00+00:00
TXN0000003304,ACC00000208,2025-08-15 20:37:00+00:00,2026-04-13 08:59:00+00:00,DEBIT,976.54,GBP,3582,CP1174,ATM,REFQDFC42VGKB,2024-12-31 12:45:00+00:00
TXN0000003305,ACC00000060,2026-02-27 16:10:00+00:00,2024-12-31 22:24:00+00:00,DEBIT,1245.28,GBP,8537,CP2235,ONLINE,REFFI84M2E790,2026-04-03 09:24:00+00:00
TXN0000003306,ACC00000595,2024-10-16 05:24:00+00:00,2026-04-15 11:06:00+00:00,CREDIT,157.16,GBP,6029,,POS,REFFKDG7NZN53,2025-04-29 21:31:00+00:00
TXN0000003307,ACC00000125,2025-02-13 21:09:00+00:00,2025-06-06 03:10:00+00:00,DEBIT,1161.92,USD,4538,CP1953,POS,REFATAMT3WJQ3,2025-10-30 23:18:00+00:00
TXN0000003308,ACC00000113,2024-04-06 14:57:00+00:00,2025-04-19 11:38:00+00:00,DEBIT,912.09,GBP,4837,CP2622,ATM,REFQU663O2FFU,2025-09-11 05:11:00+00:00
TXN0000003309,ACC00000386,2026-03-06 22:30:00+00:00,2024-03-23 15:03:00+00:00,CREDIT,1767.91,GBP,3555,CP2718,ONLINE,REFSS249RHOMS,2024-07-24 03:14:00+00:00
TXN0000003310,ACC00000044,2024-12-09 17:02:00+00:00,2024-01-23 07:17:00+00:00,DEBIT,520.24,GBP,7466,CP6952,ONLINE,REFC8GT7W7PV7,2025-09-23 20:04:00+00:00
TXN0000003311,ACC00000099,2024-03-09 21:21:00+00:00,2024-09-04 14:17:00+00:00,CREDIT,614.72,GBP,3642,CP3445,ATM,REFM9CVHZKVRK,2026-01-05 11:07:00+00:00
TXN0000003312,ACC00000492,2025-07-06 08:59:00+00:00,2024-07-21 23:53:00+00:00,CREDIT,460.24,USD,3088,CP2574,BRANCH,REF87ZZAE92CE,2024-01-24 06:44:00+00:00
TXN0000003313,ACC00000384,2025-03-11 13:35:00+00:00,2024-06-07 11:56:00+00:00,CREDIT,27.52,USD,6526,CP5294,POS,REF4KMTWWBT2X,2025-04-28 20:43:00+00:00
TXN0000003314,ACC00000447,2025-05-11 19:55:00+00:00,2025-01-25 21:30:00+00:00,DEBIT,493.95,GBP,1956,,POS,REFZ52US21H7F,2026-03-10 18:13:00+00:00
TXN0000003315,ACC00000223,2024-08-01 00:52:00+00:00,2024-10-30 00:52:00+00:00,DEBIT,16.71,GBP,7973,CP9592,ATM,REFXI8IQ0VFMY,2026-01-20 17:40:00+00:00
TXN0000003316,ACC00000134,2026-03-06 06:00:00+00:00,2026-03-24 22:21:00+00:00,DEBIT,1711.0,GBP,4411,CP8232,ONLINE,REF6MUQLEUC5C,2024-09-15 18:54:00+00:00
TXN0000003317,ACC00000496,2024-06-04 16:21:00+00:00,2024-08-03 12:08:00+00:00,CREDIT,935.12,USD,5982,CP4476,ONLINE,REFS9RMSDVK1L,2024-05-23 03:12:00+00:00
TXN0000003318,ACC00000355,2024-07-28 05:57:00+00:00,2024-11-18 02:56:00+00:00,DEBIT,118.86,USD,9675,,ONLINE,REFPI5S6V3GMW,2025-04-22 07:46:00+00:00
TXN0000003319,ACC00000578,2026-04-25 14:11:00+00:00,2025-10-26 21:09:00+00:00,DEBIT,1214.19,GBP,4455,CP2924,BRANCH,REF50BDRWJNGG,2024-09-10 05:34:00+00:00
TXN0000003320,ACC00000069,2025-05-05 12:27:00+00:00,2024-07-29 03:04:00+00:00,DEBIT,1268.19,GBP,8462,CP5758,POS,REF79EC9KQ681,2026-05-05 06:05:00+00:00
TXN0000003321,ACC00000341,2025-08-29 17:51:00+00:00,2026-04-21 10:16:00+00:00,CREDIT,170.42,USD,4860,CP2049,POS,REFFBO6R3Q9QL,2025-05-26 16:23:00+00:00
TXN0000003322,ACC00000473,2025-10-24 07:16:00+00:00,2024-04-21 20:04:00+00:00,DEBIT,250.07,GBP,3243,CP4515,POS,REF3Y9MT8HNG6,2026-03-30 13:39:00+00:00
TXN0000003323,ACC00000330,2024-11-20 02:40:00+00:00,2024-04-26 18:53:00+00:00,DEBIT,24.83,USD,4799,CP9662,ONLINE,REF7OQQWSGHTF,2025-09-04 16:37:00+00:00
TXN0000003324,ACC00000104,2025-01-14 23:45:00+00:00,2024-01-28 20:08:00+00:00,CREDIT,1203.95,GBP,1046,CP9758,POS,REFTLFDCNPVBE,2024-05-29 21:23:00+00:00
TXN0000003325,ACC00000689,2024-03-03 05:20:00+00:00,2024-01-29 12:00:00+00:00,CREDIT,30.66,USD,2168,CP8566,POS,REFOU2XUCU20J,2025-06-29 15:03:00+00:00
TXN0000003326,ACC00000425,2024-05-08 16:23:00+00:00,2025-05-15 03:15:00+00:00,CREDIT,12.91,GBP,5260,CP1664,ONLINE,REF5VT4DL2ITE,2025-10-10 03:22:00+00:00
TXN0000003327,ACC00000757,2024-11-03 13:06:00+00:00,2026-01-24 12:41:00+00:00,DEBIT,299.58,USD,7731,CP5131,ONLINE,REFRG4PWUYOCS,2024-11-12 11:41:00+00:00
TXN0000003328,ACC00000086,2024-09-01 00:51:00+00:00,2025-08-20 06:03:00+00:00,DEBIT,1196.71,GBP,5204,CP9981,ONLINE,REFM97FJCYNZ3,2025-06-04 08:05:00+00:00
TXN0000003329,ACC00000256,2025-07-11 14:52:00+00:00,2026-03-13 01:23:00+00:00,DEBIT,113.58,GBP,7947,CP3249,POS,REFOSSIGJQKVX,2024-05-20 14:15:00+00:00
TXN0000003330,ACC00000763,2024-07-14 00:34:00+00:00,2024-05-11 05:04:00+00:00,CREDIT,1033.33,USD,8909,CP9047,POS,REFWGG5NW1ITR,2025-03-23 22:21:00+00:00
TXN0000003331,ACC00000127,2025-07-31 15:08:00+00:00,2025-11-22 09:16:00+00:00,DEBIT,1.37,GBP,6955,CP9020,ONLINE,REFMV1BH4XY1M,2024-10-27 20:54:00+00:00
TXN0000003332,ACC00000703,2026-01-09 00:40:00+00:00,2024-06-16 20:55:00+00:00,DEBIT,336.13,GBP,1489,CP9878,POS,REFEAOCIUKYU3,2025-04-23 09:44:00+00:00
TXN0000003333,ACC00000506,2025-04-12 07:35:00+00:00,2025-03-10 14:41:00+00:00,DEBIT,896.03,GBP,5079,CP4065,ONLINE,REFLIAG46QE81,2025-12-27 18:42:00+00:00
TXN0000003334,ACC00000007,2026-01-02 05:30:00+00:00,2024-09-07 23:48:00+00:00,CREDIT,144.52,GBP,9687,CP4168,ONLINE,REFDXZSF2HZ4Z,2025-02-08 10:30:00+00:00
TXN0000003335,ACC00000561,2026-03-23 15:30:00+00:00,2025-01-09 06:35:00+00:00,CREDIT,447.09,USD,1920,,POS,REFOC8BLU0QKN,2025-07-18 03:24:00+00:00
TXN0000003336,ACC00000694,2025-04-11 23:48:00+00:00,2024-09-28 21:08:00+00:00,DEBIT,2738.38,GBP,6353,CP6685,ATM,REF78EWFMSOGT,2026-03-01 17:50:00+00:00
TXN0000003337,ACC00000026,2024-04-28 03:56:00+00:00,2024-11-19 13:07:00+00:00,DEBIT,1584.84,GBP,5835,CP9998,ONLINE,REFSBZHCFGJM2,2024-06-13 01:42:00+00:00
TXN0000003338,ACC00000047,2026-02-17 16:18:00+00:00,2024-05-06 13:06:00+00:00,DEBIT,432.55,GBP,2394,CP2542,POS,REFZ2NF94AF6D,2026-04-16 10:48:00+00:00
TXN0000003339,ACC00000014,2024-05-23 10:08:00+00:00,2025-12-02 10:42:00+00:00,CREDIT,900.06,GBP,9870,CP5131,ATM,REF4I2G12LRUH,2024-10-07 06:27:00+00:00
TXN0000003340,ACC00000291,2025-12-10 23:30:00+00:00,2026-02-21 19:36:00+00:00,DEBIT,557.36,USD,6166,CP4220,ATM,REFRIAOSF4TME,2024-06-05 00:23:00+00:00
TXN0000003341,ACC00000725,2025-10-30 16:58:00+00:00,2026-01-02 19:19:00+00:00,DEBIT,448.55,EUR,3710,CP1606,POS,REF6X537GCHGT,2025-06-22 17:40:00+00:00
TXN0000003342,ACC00000766,2025-02-03 06:00:00+00:00,2024-10-03 23:09:00+00:00,CREDIT,1592.39,USD,2010,CP4347,BRANCH,REF8JO1A42YS5,2024-02-03 03:39:00+00:00
TXN0000003343,ACC00000452,2026-03-09 19:03:00+00:00,2025-02-27 22:05:00+00:00,DEBIT,314.82,EUR,4474,CP3688,ONLINE,REFTRPM3P51LZ,2026-01-12 00:42:00+00:00
TXN0000003344,ACC00000615,2024-01-09 14:58:00+00:00,2025-06-30 08:54:00+00:00,DEBIT,650.66,GBP,9109,,ATM,REFZQM1J9ZBXE,2024-04-28 20:12:00+00:00
TXN0000003345,ACC00000362,2024-03-25 04:04:00+00:00,2026-04-26 10:20:00+00:00,CREDIT,143.48,EUR,2722,CP3914,ATM,REFMHON55WPOC,2025-06-24 13:14:00+00:00
TXN0000003346,ACC00000339,2024-02-19 04:45:00+00:00,2024-08-02 14:48:00+00:00,CREDIT,0.73,GBP,1714,,POS,REFIN42R1NAZG,2024-01-15 00:26:00+00:00
TXN0000003347,ACC00000630,2024-10-12 04:12:00+00:00,2026-03-03 10:34:00+00:00,CREDIT,222.41,GBP,2981,CP8997,ONLINE,REFEZH0FQYYXT,2024-11-16 02:47:00+00:00
TXN0000003348,ACC00000499,2024-10-29 21:18:00+00:00,2024-06-06 12:33:00+00:00,CREDIT,999.42,USD,1321,CP9212,ONLINE,REFOK8WO8JDC2,2026-02-12 05:18:00+00:00
TXN0000003349,ACC00000297,2025-05-15 06:56:00+00:00,2024-05-10 23:41:00+00:00,CREDIT,17.28,GBP,5526,CP2390,POS,REFTH06X6H8LW,2025-05-19 20:35:00+00:00
TXN0000003350,ACC00000473,2025-11-25 01:22:00+00:00,2025-10-01 11:03:00+00:00,CREDIT,661.91,GBP,5430,CP6000,POS,REF6GK2N13681,2026-02-08 11:15:00+00:00
TXN0000003351,ACC00000623,2026-01-26 21:30:00+00:00,2025-06-30 03:17:00+00:00,DEBIT,554.1,EUR,4545,CP1474,ONLINE,REFNGCX6BK751,2025-11-14 15:59:00+00:00
TXN0000003352,ACC00000279,2026-04-21 22:42:00+00:00,2025-09-18 18:52:00+00:00,DEBIT,815.05,GBP,4568,CP9243,POS,REFQCFB4IJQUL,2026-04-03 05:51:00+00:00
TXN0000003353,ACC00000229,2025-04-02 15:06:00+00:00,2025-11-03 09:02:00+00:00,DEBIT,220.51,USD,1587,CP3909,POS,REFUF0RX4H5XG,2024-10-06 18:08:00+00:00
TXN0000003354,ACC00000675,2026-02-14 19:53:00+00:00,2024-07-06 06:08:00+00:00,DEBIT,42.01,EUR,6956,CP4297,ONLINE,REFY2K8WI2L2F,2025-06-26 11:04:00+00:00
TXN0000003355,ACC00000757,2026-03-13 22:57:00+00:00,2024-07-18 11:35:00+00:00,DEBIT,388.99,USD,1708,CP9371,ONLINE,REF1Y6ON7QKD5,2024-05-04 03:31:00+00:00
TXN0000003356,ACC00000202,2025-03-13 03:43:00+00:00,2025-01-14 18:14:00+00:00,DEBIT,615.87,USD,9837,CP3894,ONLINE,REFBLAB3L9V66,2026-02-05 02:02:00+00:00
TXN0000003357,ACC00000674,2025-08-16 18:40:00+00:00,2026-04-25 11:32:00+00:00,DEBIT,1467.37,USD,1874,CP3517,ATM,REFLAQ0JIE9EA,2025-10-18 18:06:00+00:00
TXN0000003358,ACC00000110,2025-05-01 03:24:00+00:00,2024-02-27 22:13:00+00:00,CREDIT,946.9,USD,4955,CP1893,BRANCH,REFA6XFGCIIA0,2024-07-03 07:57:00+00:00
TXN0000003359,ACC00000649,2025-01-08 22:39:00+00:00,2025-11-16 23:59:00+00:00,DEBIT,552.09,GBP,5164,CP6676,ONLINE,REFFLCUQRGHXZ,2025-02-06 20:07:00+00:00
TXN0000003360,ACC00000370,2025-03-20 11:49:00+00:00,2025-10-05 10:56:00+00:00,DEBIT,463.01,USD,1672,CP3640,POS,REFWE2H7TODVG,2025-02-24 07:17:00+00:00
TXN0000003361,ACC00000003,2025-02-12 12:49:00+00:00,2025-10-22 05:32:00+00:00,DEBIT,159.02,GBP,7699,CP8058,POS,REFAGM8E96MSC,2024-01-06 13:25:00+00:00
TXN0000003362,ACC00000036,2025-04-11 13:18:00+00:00,2025-06-14 00:21:00+00:00,DEBIT,686.58,EUR,1323,CP9621,ONLINE,REFXCP6FEDDH5,2026-02-09 03:28:00+00:00
TXN0000003363,ACC00000048,2024-02-11 19:39:00+00:00,2024-01-29 15:20:00+00:00,CREDIT,1409.52,GBP,1898,,POS,REFZHCSSEEHQN,2025-03-08 03:49:00+00:00
TXN0000003364,ACC00000095,2026-01-10 21:24:00+00:00,2024-02-16 15:45:00+00:00,DEBIT,302.71,GBP,9667,CP8581,ATM,REFYERWE1HASZ,2026-01-07 17:11:00+00:00
TXN0000003365,ACC00000627,2025-06-20 07:12:00+00:00,2025-11-12 16:05:00+00:00,DEBIT,754.7,USD,8876,CP4023,BRANCH,REF9ULPNLEBS9,2024-04-28 08:44:00+00:00
TXN0000003366,ACC00000099,2024-10-21 08:01:00+00:00,2025-08-22 21:56:00+00:00,DEBIT,631.2,GBP,7622,CP9703,BRANCH,REFH8JUJIKQ3S,2024-12-17 21:38:00+00:00
TXN0000003367,ACC00000166,2024-01-18 19:45:00+00:00,2025-10-07 14:51:00+00:00,DEBIT,222.12,GBP,9254,CP4835,ATM,REF4A4C806GA8,2025-09-02 01:57:00+00:00
TXN0000003368,ACC00000645,2025-01-10 04:10:00+00:00,2024-08-04 11:16:00+00:00,DEBIT,604.92,EUR,5779,CP9703,POS,REFD4C66FHTX8,2024-10-01 19:57:00+00:00
TXN0000003369,ACC00000590,2026-04-23 09:08:00+00:00,2026-03-18 09:58:00+00:00,DEBIT,807.97,GBP,9629,CP4645,BRANCH,REF5FCCZBA81L,2026-01-19 16:13:00+00:00
TXN0000003370,ACC00000331,2025-11-21 12:43:00+00:00,2024-05-14 11:11:00+00:00,CREDIT,2517.63,GBP,7427,,ONLINE,REF6R2IL6NPSE,2025-09-25 11:17:00+00:00
TXN0000003371,ACC00000184,2025-12-30 11:12:00+00:00,2024-10-14 22:44:00+00:00,DEBIT,1083.03,GBP,7120,CP3433,POS,REFSV0JDQXFT9,2025-01-14 09:05:00+00:00
TXN0000003372,ACC00000360,2026-03-10 14:39:00+00:00,2025-04-29 15:31:00+00:00,DEBIT,225.22,GBP,6363,CP3267,ONLINE,REF1HVBOOV8MI,2025-02-06 07:52:00+00:00
TXN0000003373,ACC00000221,2024-07-24 22:11:00+00:00,2025-05-09 08:18:00+00:00,CREDIT,289.48,GBP,9542,CP1667,POS,REF19QXMGNNFC,2024-05-14 06:49:00+00:00
TXN0000003374,ACC00000755,2024-05-10 02:37:00+00:00,2026-03-08 08:36:00+00:00,CREDIT,956.82,GBP,5967,,POS,REFY45RRPY469,2024-07-07 08:31:00+00:00
TXN0000003375,ACC00000392,2024-03-18 08:15:00+00:00,2025-02-03 08:50:00+00:00,CREDIT,570.71,GBP,3547,,POS,REF0I614TREM9,2026-03-16 12:18:00+00:00
TXN0000003376,ACC00000340,2025-09-30 22:00:00+00:00,2025-08-24 07:02:00+00:00,DEBIT,310.96,EUR,3666,CP4033,ONLINE,REFTBEZD8M6DZ,2025-07-09 20:38:00+00:00
TXN0000003377,ACC00000035,2025-04-14 00:23:00+00:00,2024-11-09 13:18:00+00:00,CREDIT,128.61,GBP,6759,CP5004,ONLINE,REF871SLEWGSX,2026-01-17 08:21:00+00:00
TXN0000003378,ACC00000011,2025-12-10 09:30:00+00:00,2026-04-06 01:03:00+00:00,CREDIT,17.49,GBP,4032,CP8866,ONLINE,REFLZY0OI8ZPD,2024-12-08 16:05:00+00:00
TXN0000003379,ACC00000078,2025-11-18 07:26:00+00:00,2025-03-21 00:24:00+00:00,DEBIT,450.06,USD,8608,CP9622,ONLINE,REFC1PV85A73S,2025-04-11 21:35:00+00:00
TXN0000003380,ACC00000582,2024-02-21 03:21:00+00:00,2025-08-04 17:55:00+00:00,DEBIT,837.58,GBP,8206,CP2002,ONLINE,REFFJVJUZHX72,2025-09-12 13:54:00+00:00
TXN0000003381,ACC00000293,2025-05-19 20:37:00+00:00,2025-06-07 04:24:00+00:00,CREDIT,856.24,GBP,7392,CP2252,POS,REFDFIRKVDWFQ,2024-07-27 19:50:00+00:00
TXN0000003382,ACC00000086,2024-04-27 02:58:00+00:00,2024-10-31 17:27:00+00:00,DEBIT,1843.08,GBP,9561,CP3727,POS,REFSVCO68G5ZX,2026-04-05 15:24:00+00:00
TXN0000003383,ACC00000475,2024-12-02 01:47:00+00:00,2024-05-08 23:42:00+00:00,DEBIT,144.35,GBP,6761,,ATM,REF769BUDC599,2024-08-31 04:33:00+00:00
TXN0000003384,ACC00000695,2025-12-19 03:02:00+00:00,2025-04-13 11:51:00+00:00,DEBIT,359.01,EUR,8660,CP4257,BRANCH,REFX697OE1UCB,2026-04-06 14:22:00+00:00
TXN0000003385,ACC00000087,2024-03-11 12:45:00+00:00,2025-01-08 06:31:00+00:00,DEBIT,282.0,GBP,6497,CP7804,BRANCH,REFBLN2MX1XQZ,2024-05-19 06:51:00+00:00
TXN0000003386,ACC00000275,2026-04-28 04:26:00+00:00,2025-04-18 18:14:00+00:00,CREDIT,584.97,EUR,7000,CP3091,ONLINE,REFEE0XPZPWG6,2025-07-20 00:04:00+00:00
TXN0000003387,ACC00000049,2024-01-10 00:32:00+00:00,2026-03-15 17:22:00+00:00,DEBIT,384.63,EUR,8122,CP2558,POS,REFKBC78RGP9F,2025-09-12 20:27:00+00:00
TXN0000003388,ACC00000068,2024-02-03 04:25:00+00:00,2025-10-29 09:41:00+00:00,DEBIT,67.83,GBP,5804,,BRANCH,REFDAUV9LVRNF,2024-12-08 13:45:00+00:00
TXN0000003389,ACC00000407,2024-12-23 17:36:00+00:00,2026-04-03 12:01:00+00:00,DEBIT,20.59,GBP,6107,,ONLINE,REF2OD9VOVP8L,2024-04-12 02:22:00+00:00
TXN0000003390,ACC00000327,2026-01-04 06:42:00+00:00,2025-08-19 03:08:00+00:00,DEBIT,1215.98,GBP,3319,CP5468,ONLINE,REFKU9EMYH5YR,2025-01-14 14:53:00+00:00
TXN0000003391,ACC00000082,2024-09-24 14:58:00+00:00,2024-05-04 00:56:00+00:00,DEBIT,988.16,USD,3873,CP1771,ONLINE,REFY4I9O5AS3B,2024-01-22 04:04:00+00:00
TXN0000003392,ACC00000044,2024-12-10 19:29:00+00:00,2024-09-17 00:29:00+00:00,CREDIT,210.8,USD,9097,CP1839,ATM,REFG10MBTWWCY,2024-10-22 02:25:00+00:00
TXN0000003393,ACC00000571,2025-07-23 06:14:00+00:00,2024-06-09 11:16:00+00:00,DEBIT,636.66,GBP,9088,,POS,REFU727WPHX22,2025-12-25 12:08:00+00:00
TXN0000003394,ACC00000266,2024-11-22 09:32:00+00:00,2026-04-09 11:46:00+00:00,CREDIT,296.61,GBP,6591,CP2310,ATM,REFSXDQ69A645,2026-01-22 11:43:00+00:00
TXN0000003395,ACC00000776,2025-05-27 22:13:00+00:00,2024-07-21 19:27:00+00:00,CREDIT,731.74,GBP,1377,,POS,REFE4OHAAH32J,2025-07-29 10:13:00+00:00
TXN0000003396,ACC00000651,2025-01-01 15:57:00+00:00,2024-02-14 02:48:00+00:00,DEBIT,1213.21,GBP,2416,CP8561,ONLINE,REFJSC5RXZPLZ,2025-09-10 17:45:00+00:00
TXN0000003397,ACC00000231,2024-04-01 19:11:00+00:00,2025-03-20 01:36:00+00:00,DEBIT,37.43,GBP,4443,CP9264,ATM,REFBRB7VXJ0J3,2025-03-29 19:18:00+00:00
TXN0000003398,ACC00000776,2024-04-20 09:36:00+00:00,2026-05-03 19:54:00+00:00,CREDIT,527.75,GBP,3399,,POS,REFLZ2FTBYPIH,2024-12-04 12:33:00+00:00
TXN0000003399,ACC00000764,2025-02-16 15:36:00+00:00,2026-04-13 07:09:00+00:00,CREDIT,780.62,GBP,6891,CP3021,ONLINE,REF0NRCJBXMR3,2025-03-30 21:45:00+00:00
TXN0000003400,ACC00000394,2024-04-03 08:24:00+00:00,2025-10-09 23:16:00+00:00,DEBIT,319.11,USD,3137,,ATM,REFX1UEKST0Q4,2025-06-21 22:00:00+00:00
TXN0000003401,ACC00000160,2024-09-05 22:32:00+00:00,2025-04-24 00:28:00+00:00,CREDIT,282.07,GBP,7681,CP6289,ONLINE,REF5JUCOWC1LN,2026-01-29 14:29:00+00:00
TXN0000003402,ACC00000321,2025-02-27 20:24:00+00:00,2025-07-31 04:25:00+00:00,CREDIT,881.29,GBP,8229,,POS,REFPXIRSGF4JM,2025-01-10 07:13:00+00:00
TXN0000003403,ACC00000092,2024-10-17 21:53:00+00:00,2024-05-19 11:42:00+00:00,DEBIT,486.36,GBP,6114,CP2757,POS,REFSANKNRAAMY,2024-05-24 02:06:00+00:00
TXN0000003404,ACC00000158,2024-09-02 04:01:00+00:00,2026-03-24 03:45:00+00:00,DEBIT,523.77,GBP,5576,CP3647,ONLINE,REFDUPS76WMS6,2024-12-13 14:05:00+00:00
TXN0000003405,ACC00000014,2024-07-31 02:31:00+00:00,2025-05-03 09:12:00+00:00,CREDIT,588.68,USD,3254,CP6629,POS,REFD021LYGNDD,2026-04-10 09:17:00+00:00
TXN0000003406,ACC00000349,2025-12-10 04:52:00+00:00,2024-05-07 21:25:00+00:00,DEBIT,11.89,USD,4064,,POS,REFG43PO4T2J0,2025-12-30 01:52:00+00:00
TXN0000003407,ACC00000280,2025-11-04 13:27:00+00:00,2026-03-03 01:13:00+00:00,CREDIT,499.44,EUR,3835,,ATM,REF4BGH7D5Y2G,2024-07-19 06:02:00+00:00
TXN0000003408,ACC00000688,2025-01-08 04:49:00+00:00,2024-05-14 11:03:00+00:00,CREDIT,420.5,USD,2477,CP9252,POS,REFIOQFIHI0FY,2025-07-08 06:39:00+00:00
TXN0000003409,ACC00000542,2025-06-14 04:19:00+00:00,2025-10-26 07:47:00+00:00,DEBIT,1453.1,USD,7952,CP6431,BRANCH,REF357STKLGR8,2024-05-22 03:56:00+00:00
TXN0000003410,ACC00000358,2025-02-06 17:21:00+00:00,2025-11-27 22:49:00+00:00,DEBIT,123.54,USD,7314,,POS,REF3F5U5SB196,2024-07-17 10:36:00+00:00
TXN0000003411,ACC00000563,2024-09-27 18:57:00+00:00,2025-08-21 09:15:00+00:00,DEBIT,1115.08,GBP,1950,CP7476,ONLINE,REF0H04GVNU60,2026-03-24 04:56:00+00:00
TXN0000003412,ACC00000477,2024-06-19 23:31:00+00:00,2025-11-21 20:38:00+00:00,CREDIT,8.67,GBP,6821,CP1680,BRANCH,REFSZHJ7IY4RO,2025-05-30 15:05:00+00:00
TXN0000003413,ACC00000397,2025-11-16 04:18:00+00:00,2025-06-04 16:16:00+00:00,CREDIT,1024.72,GBP,3862,CP1900,ATM,REFRBIRIQTKX1,2026-02-16 11:24:00+00:00
TXN0000003414,ACC00000164,2024-01-03 01:51:00+00:00,2024-09-30 04:29:00+00:00,CREDIT,706.42,GBP,4127,CP5035,ONLINE,REF02OKT1ZY2I,2025-03-01 07:55:00+00:00
TXN0000003415,ACC00000450,2024-02-05 22:56:00+00:00,2025-07-24 18:22:00+00:00,CREDIT,845.52,EUR,9342,CP8189,ONLINE,REFIH659VLVQ1,2024-03-11 20:06:00+00:00
TXN0000003416,ACC00000268,2026-01-22 21:42:00+00:00,2024-06-08 21:59:00+00:00,DEBIT,74.93,USD,2676,CP2551,BRANCH,REF75EN82IOO8,2025-01-28 00:35:00+00:00
TXN0000003417,ACC00000800,2024-05-24 00:34:00+00:00,2024-09-05 13:05:00+00:00,DEBIT,800.11,GBP,5499,CP4942,BRANCH,REFB64UTR6YM1,2025-08-08 15:40:00+00:00
TXN0000003418,ACC00000643,2025-02-04 21:03:00+00:00,2026-03-16 15:37:00+00:00,CREDIT,495.16,GBP,9970,CP2760,ATM,REF8UXQWWVSSC,2024-02-08 19:20:00+00:00
TXN0000003419,ACC00000622,2024-03-29 09:42:00+00:00,2024-09-27 18:26:00+00:00,CREDIT,757.63,USD,8374,CP1516,ONLINE,REFU5PWP196N0,2025-04-12 03:52:00+00:00
TXN0000003420,ACC00000486,2026-02-03 12:50:00+00:00,2026-01-13 08:21:00+00:00,DEBIT,1054.38,GBP,2240,CP2815,ATM,REF6OAU775381,2025-09-26 05:38:00+00:00
TXN0000003421,ACC00000126,2024-01-18 10:05:00+00:00,2026-03-28 09:38:00+00:00,CREDIT,2.37,USD,5714,CP5191,ATM,REF9NO52CZV93,2024-11-16 15:16:00+00:00
TXN0000003422,ACC00000648,2025-08-26 00:35:00+00:00,2025-12-16 23:57:00+00:00,CREDIT,3059.96,GBP,3975,CP9815,BRANCH,REF7L6QIVM2Z4,2026-04-10 15:46:00+00:00
TXN0000003423,ACC00000751,2026-02-23 10:17:00+00:00,2024-12-28 22:39:00+00:00,DEBIT,532.14,USD,1356,CP2980,POS,REF2TXTAHRT80,2024-02-09 16:01:00+00:00
TXN0000003424,ACC00000738,2024-08-01 04:31:00+00:00,2024-12-28 14:46:00+00:00,DEBIT,147.68,USD,4643,CP6211,ONLINE,REFNVAMQPKIJL,2024-01-15 23:21:00+00:00
TXN0000003425,ACC00000671,2024-04-27 12:41:00+00:00,2025-06-03 03:11:00+00:00,CREDIT,22.1,GBP,6212,CP2052,BRANCH,REFEJ1IRO1ZVP,2024-03-24 09:25:00+00:00
TXN0000003426,ACC00000712,2024-07-26 23:03:00+00:00,2025-04-04 23:12:00+00:00,DEBIT,727.7,GBP,8479,,ONLINE,REF2EFGRFYVU7,2024-09-22 04:58:00+00:00
TXN0000003427,ACC00000350,2025-10-22 22:46:00+00:00,2026-01-13 03:31:00+00:00,DEBIT,140.04,GBP,9171,CP4725,BRANCH,REF6CE8ESCLZ6,2024-09-14 00:25:00+00:00
TXN0000003428,ACC00000120,2024-07-21 07:20:00+00:00,2025-12-27 09:43:00+00:00,DEBIT,70.16,USD,8363,CP5847,POS,REFQNH2KCDEYL,2024-01-09 01:50:00+00:00
TXN0000003429,ACC00000283,2025-03-06 20:58:00+00:00,2026-01-15 21:51:00+00:00,CREDIT,206.64,GBP,4611,CP4922,ONLINE,REFRUWVJO4K6U,2024-12-24 17:49:00+00:00
TXN0000003430,ACC00000052,2024-08-10 12:38:00+00:00,2024-05-27 14:46:00+00:00,DEBIT,607.32,GBP,2969,CP2071,POS,REFXYNRZ19996,2024-02-03 02:00:00+00:00
TXN0000003431,ACC00000193,2025-12-30 06:51:00+00:00,2024-04-19 16:14:00+00:00,CREDIT,868.37,GBP,3896,CP8660,ONLINE,REFH5Z6TEGNMV,2024-02-22 20:01:00+00:00
TXN0000003432,ACC00000111,2024-01-14 02:58:00+00:00,2024-05-15 04:59:00+00:00,DEBIT,428.53,GBP,5152,CP4732,ATM,REFLKKVF9UNZV,2026-02-22 02:21:00+00:00
TXN0000003433,ACC00000683,2024-02-29 01:46:00+00:00,2025-11-30 08:57:00+00:00,DEBIT,631.37,USD,1831,CP4028,POS,REFYKVHVZE4H6,2024-09-09 03:51:00+00:00
TXN0000003434,ACC00000016,2024-02-08 18:03:00+00:00,2024-01-25 05:13:00+00:00,DEBIT,52.52,GBP,5749,CP8749,ONLINE,REFQ64J0YLZBZ,2024-11-01 23:35:00+00:00
TXN0000003435,ACC00000047,2025-06-22 19:37:00+00:00,2025-09-06 06:25:00+00:00,DEBIT,136.71,GBP,5020,CP1916,POS,REFNL3BMM1UZL,2025-11-13 22:50:00+00:00
TXN0000003436,ACC00000213,2024-08-28 02:35:00+00:00,2025-11-12 04:30:00+00:00,DEBIT,605.11,GBP,9476,CP4761,POS,REFOMGGT6740D,2024-08-26 08:05:00+00:00
TXN0000003437,ACC00000332,2025-03-30 16:07:00+00:00,2025-01-31 03:29:00+00:00,CREDIT,369.99,GBP,7279,CP6044,ATM,REFHNGBTO7N4J,2024-02-10 06:56:00+00:00
TXN0000003438,ACC00000081,2026-01-14 00:51:00+00:00,2025-02-22 08:45:00+00:00,DEBIT,1002.96,EUR,4492,CP1221,POS,REFWUGNMJL9CF,2025-08-01 04:59:00+00:00
TXN0000003439,ACC00000773,2024-11-13 17:02:00+00:00,2024-02-01 21:17:00+00:00,DEBIT,1372.29,GBP,7144,CP2147,POS,REFZGZCMNG81C,2025-06-08 04:57:00+00:00
TXN0000003440,ACC00000502,2024-06-26 16:41:00+00:00,2024-02-11 08:46:00+00:00,CREDIT,945.79,GBP,3401,CP4166,POS,REF112XAHQIGO,2025-08-12 05:38:00+00:00
TXN0000003441,ACC00000020,2024-08-24 10:44:00+00:00,2025-02-02 10:42:00+00:00,CREDIT,93.02,USD,4752,CP7909,ONLINE,REFPWN10PCGJL,2024-04-11 13:44:00+00:00
TXN0000003442,ACC00000055,2024-10-12 02:21:00+00:00,2025-01-10 03:05:00+00:00,CREDIT,639.13,GBP,2113,CP7179,ONLINE,REFNJFE0FVAQ6,2025-08-06 07:41:00+00:00
TXN0000003443,ACC00000094,2025-07-10 19:48:00+00:00,2024-06-16 17:24:00+00:00,DEBIT,469.12,GBP,9034,CP5425,ONLINE,REFJEXIE02C6M,2025-01-05 21:31:00+00:00
TXN0000003444,ACC00000358,2024-07-03 19:43:00+00:00,2024-08-24 16:05:00+00:00,DEBIT,406.4,USD,6536,CP7047,POS,REFH0TXJ7DLWU,2026-01-17 11:43:00+00:00
TXN0000003445,ACC00000389,2024-02-21 19:47:00+00:00,2024-05-05 00:22:00+00:00,CREDIT,1235.35,USD,6754,CP6416,ONLINE,REFG6JBP0QY4P,2026-01-15 15:48:00+00:00
TXN0000003446,ACC00000374,2024-08-23 01:59:00+00:00,2024-01-07 04:45:00+00:00,CREDIT,792.07,GBP,4343,CP2197,ATM,REF6K9IRHPNFY,2025-02-18 00:46:00+00:00
TXN0000003447,ACC00000732,2024-09-25 22:14:00+00:00,2026-04-03 04:34:00+00:00,DEBIT,384.36,GBP,4573,CP7080,ONLINE,REFJ0ECJMZ36T,2024-07-05 08:11:00+00:00
TXN0000003448,ACC00000030,2025-10-10 14:26:00+00:00,2026-01-05 19:10:00+00:00,CREDIT,2261.7,EUR,8650,CP8784,POS,REFSDVWJ8B01L,2025-06-10 05:14:00+00:00
TXN0000003449,ACC00000600,2025-03-10 02:15:00+00:00,2024-02-08 15:49:00+00:00,DEBIT,1415.95,GBP,4278,,ONLINE,REFPO3ZCBGZDV,2024-02-03 06:08:00+00:00
TXN0000003450,ACC00000211,2026-02-27 13:25:00+00:00,2025-10-27 09:43:00+00:00,DEBIT,671.64,GBP,5875,CP8250,POS,REFC87JKKSFFQ,2024-10-28 21:42:00+00:00
TXN0000003451,ACC00000189,2024-06-23 17:58:00+00:00,2025-10-13 10:37:00+00:00,CREDIT,489.52,USD,8915,CP6912,ONLINE,REFNJDBU6MNEK,2025-05-09 12:19:00+00:00
TXN0000003452,ACC00000615,2025-10-20 00:32:00+00:00,2024-12-31 05:50:00+00:00,DEBIT,839.05,USD,8666,CP8100,ONLINE,REF44JR805GES,2026-02-25 04:10:00+00:00
TXN0000003453,ACC00000442,2026-03-18 02:08:00+00:00,2025-06-22 22:08:00+00:00,CREDIT,368.75,GBP,8073,CP8567,BRANCH,REFWT8L6D74BA,2025-01-21 06:15:00+00:00
TXN0000003454,ACC00000657,2024-05-20 21:40:00+00:00,2025-03-28 13:31:00+00:00,DEBIT,626.63,USD,4566,,POS,REFB1GU41RHLD,2025-07-31 07:06:00+00:00
TXN0000003455,ACC00000451,2025-03-15 16:04:00+00:00,2025-05-08 08:11:00+00:00,DEBIT,456.68,GBP,2022,CP7388,ONLINE,REF6NWMYO050Y,2024-06-26 01:35:00+00:00
TXN0000003456,ACC00000560,2024-12-23 18:19:00+00:00,2024-07-30 19:13:00+00:00,CREDIT,218.51,USD,8117,CP1552,ONLINE,REFWD2L79VQDM,2025-09-01 15:13:00+00:00
TXN0000003457,ACC00000567,2026-03-09 14:57:00+00:00,2024-11-21 22:16:00+00:00,CREDIT,437.19,GBP,6247,CP1540,POS,REF957JQPWV27,2024-08-09 14:51:00+00:00
TXN0000003458,ACC00000558,2025-12-15 08:49:00+00:00,2024-08-10 07:52:00+00:00,DEBIT,39.83,USD,9786,CP8745,ONLINE,REF8RILYLI033,2025-04-21 23:53:00+00:00
TXN0000003459,ACC00000460,2025-04-13 00:55:00+00:00,2025-10-16 14:12:00+00:00,DEBIT,315.05,GBP,6833,CP6716,POS,REFA79QFC6WMJ,2025-07-10 01:40:00+00:00
TXN0000003460,ACC00000253,2024-12-21 22:14:00+00:00,2026-01-18 04:45:00+00:00,CREDIT,1000.74,EUR,9344,CP7398,ONLINE,REF72OAM892Q3,2024-11-24 02:51:00+00:00
TXN0000003461,ACC00000535,2024-03-16 02:02:00+00:00,2025-03-27 16:13:00+00:00,DEBIT,959.67,EUR,3340,CP9201,ATM,REFGAYQ4SRSTU,2025-04-15 04:58:00+00:00
TXN0000003462,ACC00000567,2024-12-23 21:35:00+00:00,2025-09-14 13:49:00+00:00,DEBIT,1986.08,GBP,8438,,POS,REF3YBCY5OJRG,2024-12-14 21:45:00+00:00
TXN0000003463,ACC00000254,2024-08-05 21:49:00+00:00,2026-02-03 18:11:00+00:00,CREDIT,22.4,USD,8063,CP8649,POS,REFBLGB2ZGUOV,2026-04-26 12:53:00+00:00
TXN0000003464,ACC00000138,2026-01-29 07:00:00+00:00,2024-03-22 11:07:00+00:00,DEBIT,1449.52,GBP,6835,CP1153,ONLINE,REFTQVZ9T2JIE,2026-01-03 22:00:00+00:00
TXN0000003465,ACC00000205,2025-09-19 13:31:00+00:00,2024-02-12 00:08:00+00:00,DEBIT,1821.25,GBP,5915,CP7293,ONLINE,REF79EA9JPDZL,2024-11-19 03:37:00+00:00
TXN0000003466,ACC00000488,2024-07-26 19:28:00+00:00,2025-01-23 00:31:00+00:00,CREDIT,217.48,GBP,7363,CP8026,ONLINE,REFWB1VY3ANS0,2025-01-10 14:24:00+00:00
TXN0000003467,ACC00000031,2025-09-25 16:18:00+00:00,2025-03-27 05:04:00+00:00,CREDIT,71.58,GBP,2111,CP2017,ATM,REFFVEOETL4RR,2025-10-27 02:44:00+00:00
TXN0000003468,ACC00000472,2024-05-22 03:35:00+00:00,2024-09-20 06:57:00+00:00,DEBIT,701.29,USD,6657,CP6203,ONLINE,REF6D9KD79YTJ,2024-03-27 04:38:00+00:00
TXN0000003469,ACC00000518,2025-08-21 03:47:00+00:00,2025-10-05 20:16:00+00:00,CREDIT,858.79,USD,9017,CP8640,BRANCH,REF9XVGXBZ6U3,2024-07-17 04:38:00+00:00
TXN0000003470,ACC00000479,2024-11-11 04:42:00+00:00,2025-12-14 16:24:00+00:00,CREDIT,455.52,USD,4589,CP1995,POS,REFG0AY1ZOJIW,2025-01-10 10:41:00+00:00
TXN0000003471,ACC00000398,2025-03-08 19:14:00+00:00,2025-08-05 21:50:00+00:00,DEBIT,277.65,GBP,1467,CP5875,POS,REFET8GDOR8Y0,2025-08-11 15:10:00+00:00
TXN0000003472,ACC00000731,2025-04-30 13:46:00+00:00,2025-01-26 10:13:00+00:00,DEBIT,610.28,EUR,5011,CP2629,POS,REF5F1YWJOQO4,2025-07-31 02:30:00+00:00
TXN0000003473,ACC00000627,2024-12-30 20:01:00+00:00,2025-05-23 02:23:00+00:00,CREDIT,471.14,EUR,9054,CP6008,POS,REFHFJ70NGLVI,2024-02-07 07:40:00+00:00
TXN0000003474,ACC00000424,2026-02-14 23:06:00+00:00,2024-12-31 15:15:00+00:00,DEBIT,928.27,GBP,9359,CP5295,BRANCH,REFEIBUB8Z8ND,2025-01-04 06:39:00+00:00
TXN0000003475,ACC00000395,2025-02-19 15:27:00+00:00,2024-04-24 00:22:00+00:00,DEBIT,315.01,GBP,6254,CP3754,POS,REFYYNIDICED3,2025-05-27 03:45:00+00:00
TXN0000003476,ACC00000179,2025-05-05 22:55:00+00:00,2024-07-04 00:35:00+00:00,DEBIT,3139.71,GBP,9642,CP3859,POS,REF83PPTQFRFZ,2024-11-21 22:05:00+00:00
TXN0000003477,ACC00000053,2024-04-10 16:31:00+00:00,2025-08-04 17:12:00+00:00,CREDIT,548.79,EUR,2685,CP4549,ONLINE,REFYYTC829SD1,2025-12-15 12:35:00+00:00
TXN0000003478,ACC00000371,2025-05-05 12:55:00+00:00,2024-03-08 17:29:00+00:00,DEBIT,150.89,GBP,5396,CP6633,ONLINE,REFS2B89CTPQD,2025-08-01 22:37:00+00:00
TXN0000003479,ACC00000352,2024-05-08 21:33:00+00:00,2024-08-15 00:42:00+00:00,DEBIT,894.42,USD,6111,,ONLINE,REFKA5L3NKA9A,2026-03-29 15:49:00+00:00
TXN0000003480,ACC00000097,2025-07-09 06:26:00+00:00,2026-04-09 18:23:00+00:00,CREDIT,845.44,GBP,3078,CP9557,POS,REFK6J7K0V1WI,2025-03-09 12:54:00+00:00
TXN0000003481,ACC00000332,2024-08-29 13:34:00+00:00,2024-02-22 15:39:00+00:00,DEBIT,268.28,GBP,9585,CP4739,ATM,REFUS3TLHM2GQ,2025-12-07 17:46:00+00:00
TXN0000003482,ACC00000483,2025-06-22 21:42:00+00:00,2024-08-02 07:29:00+00:00,DEBIT,2124.76,GBP,4267,CP4821,POS,REFC2R5YOXNX0,2024-05-20 09:43:00+00:00
TXN0000003483,ACC00000600,2025-01-01 00:05:00+00:00,2025-04-05 07:06:00+00:00,CREDIT,681.95,GBP,7688,CP5984,ATM,REFD0ZH14KPOV,2025-08-29 16:58:00+00:00
TXN0000003484,ACC00000082,2026-01-16 20:25:00+00:00,2024-05-13 19:30:00+00:00,DEBIT,468.49,GBP,9718,CP6224,ATM,REFTLYPSNJKSP,2024-11-22 00:55:00+00:00
TXN0000003485,ACC00000727,2026-03-05 20:10:00+00:00,2024-07-16 08:05:00+00:00,DEBIT,665.43,EUR,8658,CP3953,POS,REFPCF61E2201,2024-09-08 06:30:00+00:00
TXN0000003486,ACC00000765,2025-04-15 12:11:00+00:00,2026-01-29 09:33:00+00:00,CREDIT,315.97,GBP,7714,CP3608,POS,REFRFGL7ZYXMO,2024-04-17 09:17:00+00:00
TXN0000003487,ACC00000119,2025-08-29 05:11:00+00:00,2024-12-14 01:57:00+00:00,DEBIT,405.77,GBP,2875,CP8716,ONLINE,REF456SMRB9KA,2025-04-18 23:06:00+00:00
TXN0000003488,ACC00000388,2025-03-11 13:27:00+00:00,2026-02-24 05:43:00+00:00,DEBIT,1651.52,GBP,1345,CP8436,POS,REFEXHU7LKC3D,2024-08-07 03:25:00+00:00
TXN0000003489,ACC00000763,2025-03-30 16:53:00+00:00,2025-12-07 14:42:00+00:00,DEBIT,778.06,EUR,8536,,ONLINE,REFQ0E7E2AWBB,2025-07-19 14:22:00+00:00
TXN0000003490,ACC00000389,2025-12-08 16:00:00+00:00,2025-01-17 19:40:00+00:00,DEBIT,1544.91,GBP,6132,CP7743,ONLINE,REFZC0QIAPC76,2026-05-02 05:56:00+00:00
TXN0000003491,ACC00000457,2025-08-06 22:44:00+00:00,2026-04-29 22:01:00+00:00,DEBIT,739.1,GBP,1386,CP7427,POS,REFMI5TURPUVE,2025-06-08 12:48:00+00:00
TXN0000003492,ACC00000199,2024-07-18 14:41:00+00:00,2025-06-22 04:26:00+00:00,DEBIT,1015.15,GBP,6191,,POS,REFRLM6EBGIJI,2025-10-21 21:27:00+00:00
TXN0000003493,ACC00000665,2025-02-10 02:25:00+00:00,2025-07-11 22:01:00+00:00,DEBIT,48.23,USD,7485,,ATM,REFXKVUHNXFZ6,2024-11-22 22:08:00+00:00
TXN0000003494,ACC00000610,2026-04-16 10:10:00+00:00,2024-01-01 19:03:00+00:00,DEBIT,293.52,GBP,2287,CP4973,POS,REFJWDU8E02UU,2024-10-13 07:17:00+00:00
TXN0000003495,ACC00000350,2024-07-10 17:58:00+00:00,2025-04-28 04:11:00+00:00,DEBIT,173.07,GBP,2624,CP9070,POS,REFI9QY7JE77T,2025-10-09 22:10:00+00:00
TXN0000003496,ACC00000169,2025-10-18 19:43:00+00:00,2024-01-29 17:41:00+00:00,CREDIT,1067.63,USD,6687,CP2105,ONLINE,REFJJX9D4ZIR6,2024-08-27 04:32:00+00:00
TXN0000003497,ACC00000552,2026-01-01 17:38:00+00:00,2025-10-05 15:05:00+00:00,DEBIT,553.4,USD,6784,CP9863,BRANCH,REFM63XFFQHN4,2026-03-26 17:05:00+00:00
TXN0000003498,ACC00000413,2024-01-01 14:18:00+00:00,2024-06-09 03:33:00+00:00,DEBIT,228.73,GBP,6960,CP8556,POS,REF553TC3O6L8,2025-01-05 14:43:00+00:00
TXN0000003499,ACC00000473,2025-08-17 18:15:00+00:00,2025-08-21 08:22:00+00:00,CREDIT,560.67,GBP,2587,CP9593,ONLINE,REFQ7RTBKIL4D,2026-03-15 05:08:00+00:00
TXN0000003500,ACC00000232,2026-04-07 10:36:00+00:00,2024-07-03 07:38:00+00:00,DEBIT,380.82,GBP,1710,CP3714,POS,REFZO3FRCBOXL,2024-06-25 12:15:00+00:00
TXN0000003501,ACC00000455,2025-07-02 03:08:00+00:00,2025-10-20 22:20:00+00:00,CREDIT,692.57,USD,9089,CP4956,BRANCH,REFMQ5MTQ1A2W,2026-02-18 09:04:00+00:00
TXN0000003502,ACC00000092,2024-11-27 10:39:00+00:00,2025-08-06 13:49:00+00:00,CREDIT,542.12,GBP,5899,,BRANCH,REFBNVMQ0G8IS,2025-10-25 14:53:00+00:00
TXN0000003503,ACC00000489,2025-05-03 15:29:00+00:00,2024-02-08 04:15:00+00:00,DEBIT,1817.69,USD,9929,,ATM,REF93IVM2ZY11,2026-01-12 16:30:00+00:00
TXN0000003504,ACC00000646,2024-06-04 13:20:00+00:00,2024-08-02 02:52:00+00:00,DEBIT,237.01,USD,3009,CP8732,POS,REFCLR9C0LQSX,2025-07-17 08:44:00+00:00
TXN0000003505,ACC00000054,2025-09-09 15:24:00+00:00,2024-12-01 19:58:00+00:00,CREDIT,1091.92,GBP,9539,CP6235,ONLINE,REFE1UHSBFI11,2025-06-16 21:25:00+00:00
TXN0000003506,ACC00000659,2024-10-30 00:35:00+00:00,2026-03-09 19:33:00+00:00,CREDIT,388.54,GBP,7576,CP1796,ATM,REFXMJBY55FBK,2026-03-25 23:03:00+00:00
TXN0000003507,ACC00000212,2024-07-11 17:23:00+00:00,2026-01-08 14:22:00+00:00,DEBIT,556.35,GBP,7244,CP1848,BRANCH,REFV9Y7JFACRT,2025-10-01 10:19:00+00:00
TXN0000003508,ACC00000707,2026-01-29 17:01:00+00:00,2024-04-27 14:23:00+00:00,CREDIT,851.02,EUR,2710,CP1087,ONLINE,REFLGHIFL7GRG,2024-10-11 09:37:00+00:00
TXN0000003509,ACC00000679,2024-11-20 00:59:00+00:00,2025-04-01 19:01:00+00:00,CREDIT,114.29,GBP,2415,CP4063,POS,REFL6BVJLADED,2025-04-21 11:23:00+00:00
TXN0000003510,ACC00000765,2024-03-15 22:59:00+00:00,2024-07-21 05:12:00+00:00,DEBIT,1209.66,USD,7098,CP1425,ATM,REF3HIWAPD1KI,2024-12-14 06:01:00+00:00
TXN0000003511,ACC00000112,2024-10-24 03:49:00+00:00,2024-01-15 17:33:00+00:00,CREDIT,66.72,GBP,9646,CP5454,ONLINE,REFJMYQY5HZH7,2025-03-30 10:37:00+00:00
TXN0000003512,ACC00000172,2025-03-27 03:57:00+00:00,2025-07-05 01:50:00+00:00,DEBIT,2305.82,USD,1450,CP7294,ONLINE,REFN0VP92C1BK,2026-04-02 05:49:00+00:00
TXN0000003513,ACC00000041,2026-03-10 12:21:00+00:00,2025-03-20 00:56:00+00:00,DEBIT,606.34,USD,2050,CP1061,POS,REFNEJU2542XP,2025-04-21 14:42:00+00:00
TXN0000003514,ACC00000369,2025-05-09 17:37:00+00:00,2025-09-11 09:04:00+00:00,DEBIT,730.49,GBP,8995,CP1030,ONLINE,REFDLXILEIEX9,2026-04-07 10:35:00+00:00
TXN0000003515,ACC00000724,2024-07-11 18:04:00+00:00,2025-04-21 10:00:00+00:00,CREDIT,256.81,USD,2178,CP1430,POS,REFZXLV0FFWNM,2024-01-09 19:04:00+00:00
TXN0000003516,ACC00000676,2026-04-22 04:37:00+00:00,2024-06-22 23:17:00+00:00,DEBIT,93.9,USD,9237,CP3991,ONLINE,REFZV21LXYIGB,2025-06-23 21:57:00+00:00
TXN0000003517,ACC00000085,2024-12-26 12:22:00+00:00,2024-05-04 07:59:00+00:00,DEBIT,317.76,GBP,8182,CP7056,POS,REFV61IGQ2D7J,2024-03-07 18:06:00+00:00
TXN0000003518,ACC00000329,2026-03-31 02:34:00+00:00,2024-01-25 01:28:00+00:00,DEBIT,1950.72,USD,3065,CP9282,POS,REFIBS2FMGM4V,2025-01-16 17:59:00+00:00
TXN0000003519,ACC00000673,2025-06-29 14:05:00+00:00,2025-06-09 20:34:00+00:00,CREDIT,305.19,GBP,8474,CP8457,ONLINE,REFGSZHJMJ1ID,2024-05-09 20:55:00+00:00
TXN0000003520,ACC00000529,2025-10-25 03:53:00+00:00,2025-03-09 15:41:00+00:00,DEBIT,525.93,GBP,1128,CP5314,ONLINE,REFSMPN179RD2,2024-05-03 08:17:00+00:00
TXN0000003521,ACC00000528,2024-11-11 16:27:00+00:00,2024-12-23 16:44:00+00:00,CREDIT,756.03,USD,2297,,POS,REFGJIUSLNGOQ,2025-12-15 21:23:00+00:00
TXN0000003522,ACC00000505,2024-02-10 01:55:00+00:00,2026-03-11 15:20:00+00:00,DEBIT,465.84,USD,4049,CP5310,ONLINE,REFMU2VO1DMGQ,2024-05-04 02:16:00+00:00
TXN0000003523,ACC00000529,2025-10-29 11:49:00+00:00,2024-12-14 21:34:00+00:00,DEBIT,857.66,GBP,7793,CP1439,ONLINE,REFRZ1B8JMUAK,2026-01-05 00:45:00+00:00
TXN0000003524,ACC00000208,2024-02-14 00:45:00+00:00,2024-12-12 00:37:00+00:00,DEBIT,1622.0,GBP,9306,CP5394,BRANCH,REFNFTWKJG8KA,2024-11-02 16:15:00+00:00
TXN0000003525,ACC00000680,2025-09-09 05:16:00+00:00,2024-12-12 18:48:00+00:00,DEBIT,669.19,GBP,4502,CP7722,ONLINE,REF2KEW1LVO5J,2026-02-16 11:31:00+00:00
TXN0000003526,ACC00000722,2024-10-03 19:45:00+00:00,2024-04-09 09:21:00+00:00,DEBIT,1060.64,GBP,2914,CP2706,ATM,REF5N0S5YD4AK,2024-08-19 17:45:00+00:00
TXN0000003527,ACC00000437,2025-10-15 05:33:00+00:00,2024-02-14 09:39:00+00:00,DEBIT,2421.25,GBP,6834,CP3239,BRANCH,REFA6PUWVS4VS,2024-07-08 15:44:00+00:00
TXN0000003528,ACC00000779,2025-04-02 17:53:00+00:00,2026-04-28 14:11:00+00:00,DEBIT,635.08,GBP,7651,CP9165,ONLINE,REF3XIR66ARAY,2024-11-28 14:07:00+00:00
TXN0000003529,ACC00000067,2025-05-18 11:40:00+00:00,2024-09-11 12:26:00+00:00,DEBIT,379.17,GBP,3763,CP8215,ATM,REFQXRVAUXAD2,2025-02-01 04:35:00+00:00
TXN0000003530,ACC00000296,2025-04-19 01:40:00+00:00,2025-09-28 09:43:00+00:00,DEBIT,391.31,USD,5273,CP1527,ONLINE,REF4ENIRSGADA,2024-10-08 12:43:00+00:00
TXN0000003531,ACC00000562,2024-08-26 20:01:00+00:00,2025-02-06 04:28:00+00:00,DEBIT,729.47,GBP,4049,CP1243,ONLINE,REFV8LUG501SD,2025-07-03 19:06:00+00:00
TXN0000003532,ACC00000493,2026-03-03 04:37:00+00:00,2024-07-01 16:27:00+00:00,CREDIT,1111.45,GBP,1987,CP4675,ONLINE,REFKTRJEUL92J,2024-12-15 21:50:00+00:00
TXN0000003533,ACC00000411,2024-07-19 00:07:00+00:00,2024-12-13 03:34:00+00:00,DEBIT,945.7,GBP,7395,CP4189,BRANCH,REFHVJ5ZVX6BK,2024-12-10 11:47:00+00:00
TXN0000003534,ACC00000404,2024-04-14 23:56:00+00:00,2024-05-07 09:49:00+00:00,CREDIT,1246.96,GBP,1795,CP2898,ONLINE,REF54VBMPKIJ5,2025-06-22 04:58:00+00:00
TXN0000003535,ACC00000795,2024-06-02 10:40:00+00:00,2025-12-07 04:02:00+00:00,DEBIT,416.27,USD,7132,CP3624,POS,REFWOWKNXZPW2,2024-07-08 18:10:00+00:00
TXN0000003536,ACC00000468,2024-01-14 02:41:00+00:00,2024-11-11 07:41:00+00:00,DEBIT,1086.74,EUR,2133,CP9632,ONLINE,REFD6REQCDGJK,2025-01-09 01:01:00+00:00
TXN0000003537,ACC00000721,2025-06-03 12:53:00+00:00,2025-07-20 08:48:00+00:00,CREDIT,1179.66,USD,2581,CP5623,ONLINE,REFPMUGXRCQQ2,2024-12-06 11:08:00+00:00
TXN0000003538,ACC00000718,2025-10-02 01:31:00+00:00,2025-11-09 10:58:00+00:00,CREDIT,66.78,GBP,7615,CP5233,ONLINE,REFQQSKDFI8MD,2025-04-25 13:29:00+00:00
TXN0000003539,ACC00000067,2024-10-08 05:36:00+00:00,2024-02-17 21:44:00+00:00,CREDIT,1477.51,USD,8888,CP6201,ONLINE,REFW8IKTO1CYJ,2024-03-01 03:28:00+00:00
TXN0000003540,ACC00000356,2026-02-11 00:25:00+00:00,2024-09-22 12:09:00+00:00,CREDIT,1789.13,USD,7839,,BRANCH,REFJO1103T89A,2026-04-18 12:36:00+00:00
TXN0000003541,ACC00000018,2025-11-08 20:38:00+00:00,2024-04-18 15:56:00+00:00,DEBIT,987.64,EUR,1172,CP5070,POS,REF958NL3ZDVD,2024-07-22 18:45:00+00:00
TXN0000003542,ACC00000670,2024-12-18 04:11:00+00:00,2025-01-30 08:42:00+00:00,CREDIT,975.69,USD,6624,CP5812,ONLINE,REFHW7VBRPNZ5,2025-12-13 02:21:00+00:00
TXN0000003543,ACC00000403,2024-06-14 07:54:00+00:00,2024-07-17 09:38:00+00:00,CREDIT,238.96,GBP,5352,CP9003,ONLINE,REFHVR6O3DS6W,2026-01-11 01:19:00+00:00
TXN0000003544,ACC00000471,2024-07-12 13:38:00+00:00,2024-07-25 18:57:00+00:00,DEBIT,1475.43,GBP,5043,CP6644,ATM,REFB2L6OPRKVP,2025-12-23 17:43:00+00:00
TXN0000003545,ACC00000232,2024-08-03 03:40:00+00:00,2024-10-20 03:27:00+00:00,CREDIT,621.33,GBP,6467,CP6868,ONLINE,REFYNKS2VLPOO,2025-09-25 22:35:00+00:00
TXN0000003546,ACC00000530,2025-07-28 00:24:00+00:00,2026-03-13 22:48:00+00:00,CREDIT,1655.13,GBP,3493,,ATM,REF2FSPN0JU27,2024-12-11 19:11:00+00:00
TXN0000003547,ACC00000025,2024-06-21 01:00:00+00:00,2025-01-21 14:16:00+00:00,DEBIT,125.32,GBP,7643,CP2623,ATM,REF0T66IFBM0N,2024-08-18 19:41:00+00:00
TXN0000003548,ACC00000657,2026-03-12 15:40:00+00:00,2024-02-04 14:35:00+00:00,DEBIT,6.31,USD,3054,CP1508,ONLINE,REFLBMZQJDKBS,2024-09-17 18:36:00+00:00
TXN0000003549,ACC00000057,2024-07-19 00:08:00+00:00,2025-11-26 17:43:00+00:00,DEBIT,1970.88,GBP,2100,,ONLINE,REFB0JT795QKN,2026-04-30 12:43:00+00:00
TXN0000003550,ACC00000438,2026-04-11 08:50:00+00:00,2025-12-12 13:36:00+00:00,DEBIT,729.67,GBP,5872,CP9436,ONLINE,REFDFUTH7PEPV,2024-12-30 15:41:00+00:00
TXN0000003551,ACC00000320,2024-06-25 12:41:00+00:00,2025-06-07 23:53:00+00:00,CREDIT,359.89,GBP,8331,CP9366,ONLINE,REFAR8070RZ3A,2024-12-10 13:45:00+00:00
TXN0000003552,ACC00000209,2025-12-28 13:08:00+00:00,2025-12-14 11:34:00+00:00,CREDIT,306.22,USD,2369,CP9813,ATM,REFF9D51JXU3T,2024-12-15 14:01:00+00:00
TXN0000003553,ACC00000429,2024-09-22 22:51:00+00:00,2024-11-18 14:17:00+00:00,CREDIT,976.46,EUR,1020,CP1904,POS,REFO3NDDVED2V,2025-03-12 08:55:00+00:00
TXN0000003554,ACC00000129,2025-08-10 14:23:00+00:00,2025-09-27 02:48:00+00:00,DEBIT,147.34,GBP,3146,,POS,REFI5BDWA5RUL,2026-03-20 20:08:00+00:00
TXN0000003555,ACC00000097,2024-09-01 15:50:00+00:00,2024-03-29 01:25:00+00:00,DEBIT,237.11,GBP,5051,,ONLINE,REFQDYPZCYROH,2026-01-24 22:48:00+00:00
TXN0000003556,ACC00000758,2026-01-22 20:18:00+00:00,2025-10-23 13:29:00+00:00,DEBIT,1078.16,USD,3836,CP2761,ATM,REFOX590AR3KV,2025-09-27 05:51:00+00:00
TXN0000003557,ACC00000707,2024-01-26 22:51:00+00:00,2025-10-18 04:27:00+00:00,DEBIT,1327.48,USD,9136,CP3347,ONLINE,REF83ETJLBV2M,2026-01-19 05:02:00+00:00
TXN0000003558,ACC00000418,2024-11-30 15:56:00+00:00,2024-10-23 02:32:00+00:00,DEBIT,681.32,USD,2726,CP3843,ONLINE,REFX6BWUCSJT5,2024-03-07 05:11:00+00:00
TXN0000003559,ACC00000590,2026-03-11 22:05:00+00:00,2025-04-03 19:15:00+00:00,CREDIT,1526.36,USD,1527,,ONLINE,REFJSV1CYLILL,2024-08-11 07:47:00+00:00
TXN0000003560,ACC00000187,2026-04-06 20:48:00+00:00,2025-10-30 18:28:00+00:00,CREDIT,911.5,GBP,8763,CP7972,ONLINE,REFNBUDNLWJBH,2025-05-26 07:27:00+00:00
TXN0000003561,ACC00000787,2024-10-10 09:25:00+00:00,2025-07-04 19:57:00+00:00,DEBIT,1119.91,GBP,5037,CP6979,POS,REFR63KQJOR5F,2025-02-28 12:02:00+00:00
TXN0000003562,ACC00000779,2025-11-10 19:23:00+00:00,2024-11-20 06:29:00+00:00,DEBIT,482.3,GBP,3064,CP9067,ONLINE,REFRK12XQO88V,2026-02-16 09:33:00+00:00
TXN0000003563,ACC00000300,2025-02-21 21:49:00+00:00,2025-04-29 01:04:00+00:00,DEBIT,1535.47,USD,6572,CP8576,ATM,REFC6GDDX6DYT,2025-09-21 08:47:00+00:00
TXN0000003564,ACC00000747,2025-05-22 08:03:00+00:00,2024-06-12 08:36:00+00:00,DEBIT,382.94,USD,8400,CP9283,BRANCH,REFHW44W99L62,2025-08-15 01:50:00+00:00
TXN0000003565,ACC00000432,2026-01-07 12:34:00+00:00,2024-08-05 03:27:00+00:00,DEBIT,232.46,USD,6987,CP8348,ONLINE,REFLXCPGZR4T5,2025-01-28 16:45:00+00:00
TXN0000003566,ACC00000050,2025-05-19 06:23:00+00:00,2026-01-28 08:22:00+00:00,DEBIT,1297.01,USD,3295,CP1257,ATM,REFUY8FCWS6KA,2024-02-18 08:48:00+00:00
TXN0000003567,ACC00000021,2025-10-23 09:16:00+00:00,2025-11-23 21:38:00+00:00,DEBIT,730.36,USD,2973,CP8147,ONLINE,REFHH1LMCQ4V7,2025-06-09 21:03:00+00:00
TXN0000003568,ACC00000433,2025-01-16 07:16:00+00:00,2025-06-18 04:59:00+00:00,CREDIT,303.88,GBP,3964,CP8638,ONLINE,REF032887Q4RQ,2024-12-28 02:00:00+00:00
TXN0000003569,ACC00000336,2024-12-04 23:04:00+00:00,2024-09-21 07:59:00+00:00,DEBIT,1357.06,GBP,4933,CP6615,POS,REFLGAAV7AC7V,2025-03-03 13:14:00+00:00
TXN0000003570,ACC00000257,2024-10-14 12:41:00+00:00,2025-03-25 17:00:00+00:00,DEBIT,210.13,EUR,1585,CP9432,POS,REFM1ADD5HZRX,2024-09-07 01:36:00+00:00
TXN0000003571,ACC00000534,2025-03-15 17:34:00+00:00,2024-10-03 14:00:00+00:00,DEBIT,1597.87,USD,4323,CP5275,BRANCH,REFXHTQ01S4AQ,2025-10-15 21:46:00+00:00
TXN0000003572,ACC00000664,2025-11-09 13:22:00+00:00,2024-10-26 01:30:00+00:00,CREDIT,201.34,GBP,5903,CP3424,POS,REFYJ5RGOQTQ6,2025-12-14 01:04:00+00:00
TXN0000003573,ACC00000144,2025-06-10 06:42:00+00:00,2025-10-05 18:12:00+00:00,DEBIT,1708.48,GBP,9334,CP4449,ATM,REFGBVC9PZTRV,2025-09-04 22:41:00+00:00
TXN0000003574,ACC00000152,2026-02-04 08:32:00+00:00,2025-02-02 11:04:00+00:00,CREDIT,865.65,GBP,2006,CP6679,BRANCH,REF5JWL3YDOT9,2024-09-01 06:43:00+00:00
TXN0000003575,ACC00000451,2024-07-22 09:35:00+00:00,2026-04-01 16:53:00+00:00,CREDIT,858.84,GBP,6318,CP1130,ONLINE,REFK37SLMGK1M,2024-08-29 17:06:00+00:00
TXN0000003576,ACC00000240,2026-01-29 07:42:00+00:00,2025-04-02 11:25:00+00:00,DEBIT,1479.86,USD,7712,CP2284,ONLINE,REFVK3DOJHLH3,2026-03-07 22:58:00+00:00
TXN0000003577,ACC00000323,2024-12-27 20:35:00+00:00,2026-03-16 18:11:00+00:00,CREDIT,1518.21,USD,5116,CP9397,ONLINE,REFJ5NBV582YA,2025-07-05 01:20:00+00:00
TXN0000003578,ACC00000612,2025-03-15 20:10:00+00:00,2025-03-18 22:57:00+00:00,DEBIT,1088.84,USD,4348,CP4737,POS,REFYVDZ7QEMZ0,2026-03-31 22:43:00+00:00
TXN0000003579,ACC00000535,2025-03-02 15:13:00+00:00,2025-08-26 04:48:00+00:00,DEBIT,720.94,GBP,2337,CP8512,ONLINE,REFFY706Q2VKF,2025-07-08 04:22:00+00:00
TXN0000003580,ACC00000748,2025-03-20 12:53:00+00:00,2024-02-21 07:42:00+00:00,DEBIT,927.62,GBP,8255,,BRANCH,REF9OOM03XLHE,2025-01-28 20:34:00+00:00
TXN0000003581,ACC00000409,2024-11-02 16:20:00+00:00,2026-01-12 05:30:00+00:00,DEBIT,330.7,GBP,3255,CP4229,POS,REFNXQ0WN1DC7,2024-04-04 07:07:00+00:00
TXN0000003582,ACC00000400,2024-09-03 04:01:00+00:00,2024-08-01 10:49:00+00:00,CREDIT,833.76,USD,2288,CP7714,ATM,REFK2PL99QXNE,2025-01-15 00:33:00+00:00
TXN0000003583,ACC00000654,2025-11-09 14:30:00+00:00,2025-05-23 03:09:00+00:00,DEBIT,1164.33,GBP,1940,CP2809,POS,REFTBHG2LQXR2,2024-08-24 13:40:00+00:00
TXN0000003584,ACC00000217,2025-01-08 16:30:00+00:00,2025-01-07 12:57:00+00:00,CREDIT,1059.74,GBP,5584,CP7709,ONLINE,REFROCV9XFDV1,2025-11-14 06:12:00+00:00
TXN0000003585,ACC00000133,2024-01-05 16:57:00+00:00,2025-05-10 05:04:00+00:00,DEBIT,380.86,GBP,7473,CP9310,POS,REFUV4SIWBPR5,2024-10-12 15:39:00+00:00
TXN0000003586,ACC00000537,2025-09-15 09:15:00+00:00,2024-06-07 07:00:00+00:00,DEBIT,749.3,GBP,4432,,BRANCH,REFPPR786VQXO,2024-12-04 18:26:00+00:00
TXN0000003587,ACC00000448,2024-06-11 20:26:00+00:00,2024-01-28 17:49:00+00:00,DEBIT,815.85,GBP,2092,CP4931,ATM,REF3BBJL65A61,2025-04-19 05:19:00+00:00
TXN0000003588,ACC00000404,2026-02-28 19:35:00+00:00,2024-12-15 14:42:00+00:00,CREDIT,381.46,USD,2165,CP7188,BRANCH,REFJV7ET9EJNS,2024-02-26 20:05:00+00:00
TXN0000003589,ACC00000371,2024-08-11 21:53:00+00:00,2025-06-02 18:22:00+00:00,CREDIT,814.02,GBP,9601,CP7896,ATM,REF7EMDQ75Y4U,2025-11-16 13:24:00+00:00
TXN0000003590,ACC00000602,2025-10-26 08:19:00+00:00,2026-03-17 18:07:00+00:00,DEBIT,237.7,GBP,7328,,ONLINE,REF6AZ57CMA2N,2024-11-16 12:16:00+00:00
TXN0000003591,ACC00000463,2024-09-06 23:27:00+00:00,2025-01-11 07:09:00+00:00,DEBIT,847.1,USD,8452,CP2267,POS,REFTQD8EF76XU,2024-07-20 06:58:00+00:00
TXN0000003592,ACC00000800,2025-09-03 22:21:00+00:00,2025-12-23 09:11:00+00:00,DEBIT,187.09,USD,1264,CP6822,ONLINE,REFCRLPOOZRF4,2025-05-14 13:03:00+00:00
TXN0000003593,ACC00000745,2025-07-02 01:22:00+00:00,2024-12-14 12:24:00+00:00,DEBIT,467.28,USD,2091,CP1906,ATM,REFVB7QXC3SMM,2026-03-05 20:28:00+00:00
TXN0000003594,ACC00000382,2024-01-25 23:50:00+00:00,2024-01-21 00:37:00+00:00,DEBIT,50.72,USD,9804,CP6639,ONLINE,REFS3GS77BE7I,2024-10-04 15:14:00+00:00
TXN0000003595,ACC00000509,2024-11-08 10:51:00+00:00,2025-07-06 23:54:00+00:00,DEBIT,1906.92,GBP,9109,CP4206,ONLINE,REFIZD08N5N48,2026-04-25 08:16:00+00:00
TXN0000003596,ACC00000214,2024-03-02 11:46:00+00:00,2024-01-01 10:58:00+00:00,DEBIT,136.24,GBP,9757,CP8842,BRANCH,REFHEHWQEEU1J,2025-07-08 01:18:00+00:00
TXN0000003597,ACC00000472,2024-02-02 19:11:00+00:00,2025-05-17 17:13:00+00:00,DEBIT,594.97,GBP,4428,CP3614,POS,REFJJTT7R0C8P,2025-09-24 23:47:00+00:00
TXN0000003598,ACC00000184,2025-06-28 08:25:00+00:00,2025-02-21 20:38:00+00:00,CREDIT,1475.05,USD,6731,CP7865,POS,REFD02UGNJZHR,2026-03-17 17:59:00+00:00
TXN0000003599,ACC00000095,2025-04-19 05:46:00+00:00,2024-02-17 22:13:00+00:00,DEBIT,211.39,GBP,1327,CP1955,ONLINE,REFQH0VL3EFBP,2025-04-24 14:11:00+00:00
TXN0000003600,ACC00000724,2026-04-22 00:03:00+00:00,2024-02-01 06:57:00+00:00,DEBIT,508.62,GBP,6234,CP4231,ONLINE,REFJUFKWCUWZF,2026-04-11 20:39:00+00:00
TXN0000003601,ACC00000071,2025-04-13 06:17:00+00:00,2024-10-02 02:52:00+00:00,DEBIT,1634.19,GBP,5930,CP5476,ONLINE,REFYUT95LSRIQ,2025-01-02 20:23:00+00:00
TXN0000003602,ACC00000465,2024-06-25 19:48:00+00:00,2024-09-08 20:25:00+00:00,CREDIT,643.66,GBP,5836,CP5498,ATM,REF5DZ5B3SF2R,2024-06-03 11:18:00+00:00
TXN0000003603,ACC00000090,2024-07-19 18:02:00+00:00,2024-12-12 20:12:00+00:00,CREDIT,568.11,GBP,6924,,ONLINE,REF7KEQCZFX49,2025-07-19 14:33:00+00:00
TXN0000003604,ACC00000342,2025-12-14 14:28:00+00:00,2024-05-08 18:32:00+00:00,CREDIT,809.29,GBP,4105,CP9551,ONLINE,REFLC8DIVCU5Z,2024-01-22 04:06:00+00:00
TXN0000003605,ACC00000396,2024-08-20 23:31:00+00:00,2024-11-26 13:46:00+00:00,CREDIT,354.8,USD,2789,CP6124,POS,REFX4G0TTQYBU,2026-04-10 21:40:00+00:00
TXN0000003606,ACC00000442,2024-05-25 18:20:00+00:00,2025-07-02 08:39:00+00:00,CREDIT,127.55,GBP,9965,CP2391,POS,REF9Z071KYWNO,2026-04-02 13:18:00+00:00
TXN0000003607,ACC00000199,2024-10-03 20:50:00+00:00,2025-11-26 19:54:00+00:00,CREDIT,932.9,USD,2746,,ONLINE,REFMIOZ5DX9PP,2024-10-13 01:03:00+00:00
TXN0000003608,ACC00000391,2024-12-19 21:40:00+00:00,2025-03-30 23:51:00+00:00,DEBIT,1228.26,EUR,4642,CP2773,ONLINE,REFK10QXN3NZ5,2025-04-13 21:33:00+00:00
TXN0000003609,ACC00000540,2025-12-03 00:15:00+00:00,2025-03-27 00:47:00+00:00,DEBIT,333.82,USD,2558,CP8155,BRANCH,REFGPYJ5EEE49,2024-02-21 19:19:00+00:00
TXN0000003610,ACC00000647,2025-07-29 00:04:00+00:00,2025-05-25 01:27:00+00:00,DEBIT,323.97,USD,3435,CP5046,POS,REFGMXR1WJEM4,2024-10-23 14:50:00+00:00
TXN0000003611,ACC00000443,2025-03-07 04:21:00+00:00,2024-02-15 00:31:00+00:00,DEBIT,53.87,USD,6882,CP1016,ONLINE,REFM0J98LYWN2,2025-01-11 01:09:00+00:00
TXN0000003612,ACC00000180,2025-07-26 11:07:00+00:00,2024-10-05 12:06:00+00:00,CREDIT,1612.19,GBP,5789,CP9315,BRANCH,REFVCTB0E176M,2024-07-16 06:03:00+00:00
TXN0000003613,ACC00000579,2024-12-28 01:43:00+00:00,2026-05-01 08:50:00+00:00,DEBIT,525.21,USD,8262,,ONLINE,REFQ3RY3ALLO3,2025-10-23 18:01:00+00:00
TXN0000003614,ACC00000284,2024-05-15 22:44:00+00:00,2024-09-02 07:55:00+00:00,DEBIT,1273.65,USD,1058,CP9516,ATM,REFLUSXF6B44U,2025-06-15 10:30:00+00:00
TXN0000003615,ACC00000624,2025-10-13 00:19:00+00:00,2025-03-31 01:03:00+00:00,DEBIT,539.01,GBP,9185,CP1999,ATM,REFR1IGYL7U7S,2025-01-31 01:15:00+00:00
TXN0000003616,ACC00000369,2024-12-17 00:42:00+00:00,2026-03-13 08:46:00+00:00,DEBIT,350.65,USD,4163,,POS,REFKMN2DZGNAK,2026-03-14 18:25:00+00:00
TXN0000003617,ACC00000639,2024-07-08 17:06:00+00:00,2025-08-28 02:46:00+00:00,DEBIT,398.47,EUR,5192,CP4340,POS,REFVK51FFCLCW,2025-07-13 16:17:00+00:00
TXN0000003618,ACC00000644,2024-11-15 06:21:00+00:00,2025-11-07 15:19:00+00:00,CREDIT,408.59,GBP,2692,CP7435,POS,REFZDMRR6HGAZ,2024-04-15 19:28:00+00:00
TXN0000003619,ACC00000537,2024-08-20 02:08:00+00:00,2024-10-17 06:24:00+00:00,CREDIT,934.84,USD,4866,CP5749,POS,REFOJQ3OM051I,2024-09-05 12:46:00+00:00
TXN0000003620,ACC00000319,2025-04-20 19:16:00+00:00,2025-07-27 14:05:00+00:00,DEBIT,269.88,GBP,6863,CP1054,ATM,REF9SZYPX6A5H,2024-09-28 15:26:00+00:00
TXN0000003621,ACC00000235,2026-03-01 21:43:00+00:00,2025-11-07 23:40:00+00:00,CREDIT,420.24,GBP,1350,CP3165,ONLINE,REF3KKFM9NWND,2025-05-15 04:09:00+00:00
TXN0000003622,ACC00000037,2025-11-19 21:14:00+00:00,2026-04-25 12:15:00+00:00,DEBIT,441.56,USD,6603,CP3928,ATM,REFKFAITIRA7J,2025-09-18 21:57:00+00:00
TXN0000003623,ACC00000484,2026-04-24 07:48:00+00:00,2025-05-30 22:29:00+00:00,DEBIT,879.86,GBP,5559,CP8520,ATM,REFAZ300P60YK,2025-05-19 14:15:00+00:00
TXN0000003624,ACC00000338,2025-05-18 19:54:00+00:00,2025-03-23 05:55:00+00:00,DEBIT,1309.32,GBP,1103,CP3185,ATM,REFL9R4PK4LOQ,2024-06-27 01:22:00+00:00
TXN0000003625,ACC00000512,2026-05-02 10:12:00+00:00,2024-03-22 11:57:00+00:00,DEBIT,1612.69,USD,8365,CP8291,ONLINE,REFPMDDRD1GV8,2025-05-27 03:20:00+00:00
TXN0000003626,ACC00000669,2024-03-21 23:46:00+00:00,2025-05-04 22:31:00+00:00,DEBIT,314.12,USD,7746,CP4589,POS,REFCVMM3JD4ZK,2025-04-10 01:32:00+00:00
TXN0000003627,ACC00000302,2024-04-12 03:09:00+00:00,2026-03-30 09:53:00+00:00,DEBIT,1156.33,GBP,5164,CP9764,POS,REFFFZ67A8X8Q,2025-01-02 01:12:00+00:00
TXN0000003628,ACC00000438,2024-09-01 21:22:00+00:00,2024-01-07 23:20:00+00:00,DEBIT,1164.29,EUR,8910,CP7251,ONLINE,REFMOZUVHKG4M,2025-05-13 02:27:00+00:00
TXN0000003629,ACC00000577,2025-08-12 00:17:00+00:00,2024-09-18 11:53:00+00:00,CREDIT,468.18,USD,2795,,BRANCH,REFBJDM81V0HG,2024-08-14 05:16:00+00:00
TXN0000003630,ACC00000749,2024-06-19 12:22:00+00:00,2025-05-28 13:27:00+00:00,DEBIT,873.06,USD,7301,CP1364,ONLINE,REFBO6IXT4C78,2024-09-16 19:08:00+00:00
TXN0000003631,ACC00000344,2024-07-08 14:52:00+00:00,2024-05-04 16:09:00+00:00,DEBIT,315.78,GBP,3128,CP9736,POS,REF31D58WU32C,2025-11-03 08:19:00+00:00
TXN0000003632,ACC00000213,2024-09-27 04:35:00+00:00,2024-10-24 17:46:00+00:00,CREDIT,223.28,USD,5423,CP3156,ONLINE,REFN22YOTWK4T,2025-12-19 06:34:00+00:00
TXN0000003633,ACC00000410,2025-03-20 21:24:00+00:00,2025-05-26 09:04:00+00:00,CREDIT,1379.57,GBP,4143,CP4232,ONLINE,REF1WMRNJI61R,2024-05-26 09:44:00+00:00
TXN0000003634,ACC00000122,2024-07-06 21:22:00+00:00,2024-10-07 05:31:00+00:00,DEBIT,427.45,GBP,7701,,POS,REF8B9453YCLS,2025-09-25 18:13:00+00:00
TXN0000003635,ACC00000356,2024-04-23 22:03:00+00:00,2025-06-02 11:56:00+00:00,CREDIT,175.31,USD,9983,CP6145,POS,REFSEGQK507F0,2025-05-13 00:17:00+00:00
TXN0000003636,ACC00000123,2025-06-20 11:31:00+00:00,2024-08-27 20:04:00+00:00,DEBIT,1041.56,USD,2812,CP2740,ONLINE,REFISG6WD7TFP,2024-07-03 12:35:00+00:00
TXN0000003637,ACC00000271,2024-08-16 16:12:00+00:00,2024-09-13 03:46:00+00:00,DEBIT,126.74,GBP,4104,CP3282,ONLINE,REF98G4Z642XV,2025-12-16 18:15:00+00:00
TXN0000003638,ACC00000309,2025-07-21 22:43:00+00:00,2026-01-21 19:32:00+00:00,CREDIT,237.24,GBP,2444,CP6498,ATM,REF3UJQZUN13I,2024-08-18 14:55:00+00:00
TXN0000003639,ACC00000128,2024-12-24 11:18:00+00:00,2025-05-27 15:11:00+00:00,DEBIT,302.01,GBP,5842,CP8470,ONLINE,REFPEZJOTFHTT,2026-04-02 17:58:00+00:00
TXN0000003640,ACC00000747,2024-12-16 02:16:00+00:00,2025-03-04 06:45:00+00:00,CREDIT,117.78,GBP,6456,CP1152,ONLINE,REFACNIKAEHLY,2025-09-17 03:44:00+00:00
TXN0000003641,ACC00000464,2025-10-09 13:02:00+00:00,2024-09-21 21:36:00+00:00,DEBIT,1058.74,USD,4832,CP5258,POS,REF9VQO8FC17C,2024-07-26 08:21:00+00:00
TXN0000003642,ACC00000195,2026-03-28 19:52:00+00:00,2024-06-25 02:40:00+00:00,CREDIT,1183.61,GBP,5611,CP8147,POS,REF3IIV8HTJ1Y,2026-04-20 01:07:00+00:00
TXN0000003643,ACC00000505,2025-10-02 02:37:00+00:00,2024-06-13 04:13:00+00:00,CREDIT,161.6,USD,1136,CP7839,ONLINE,REFS3Z8LR7T12,2024-05-29 15:08:00+00:00
TXN0000003644,ACC00000221,2024-08-25 10:06:00+00:00,2025-12-31 07:36:00+00:00,CREDIT,857.63,GBP,8676,CP5099,ONLINE,REFSKMZVOW0AS,2024-01-04 19:15:00+00:00
TXN0000003645,ACC00000438,2024-03-21 15:42:00+00:00,2025-08-22 16:57:00+00:00,DEBIT,3096.85,GBP,3191,,POS,REF0I38FBP3TJ,2025-10-30 15:02:00+00:00
TXN0000003646,ACC00000001,2024-11-07 11:53:00+00:00,2026-04-16 05:07:00+00:00,DEBIT,226.15,GBP,1369,CP2374,POS,REFN5R53LB6P3,2024-04-06 13:16:00+00:00
TXN0000003647,ACC00000775,2025-01-01 10:48:00+00:00,2024-11-17 18:50:00+00:00,CREDIT,279.66,USD,8219,CP4522,ONLINE,REFIJHKQTXFGM,2025-06-11 07:40:00+00:00
TXN0000003648,ACC00000769,2025-12-01 07:44:00+00:00,2024-01-25 00:29:00+00:00,DEBIT,344.82,GBP,9715,CP5374,POS,REFVNF8DQ1S3F,2024-01-28 02:01:00+00:00
TXN0000003649,ACC00000623,2025-04-09 22:02:00+00:00,2025-12-16 03:13:00+00:00,DEBIT,1902.83,GBP,5099,CP8393,ONLINE,REFU4G78RHHHZ,2026-04-20 19:09:00+00:00
TXN0000003650,ACC00000213,2026-02-22 13:08:00+00:00,2024-05-21 21:44:00+00:00,CREDIT,478.57,GBP,6680,CP5905,ATM,REFHY5OR7EDK3,2025-04-25 09:06:00+00:00
TXN0000003651,ACC00000321,2025-04-30 05:34:00+00:00,2024-01-07 09:45:00+00:00,DEBIT,1003.45,USD,9487,CP9121,POS,REFKPQJC2NDDK,2025-04-09 18:09:00+00:00
TXN0000003652,ACC00000558,2024-04-20 13:29:00+00:00,2024-10-06 16:16:00+00:00,CREDIT,1751.04,USD,5538,CP3614,ONLINE,REFKSAYWQSOBN,2025-01-07 02:14:00+00:00
TXN0000003653,ACC00000183,2024-07-23 07:28:00+00:00,2026-03-10 11:26:00+00:00,DEBIT,647.36,GBP,6394,CP3650,ONLINE,REF9FE6XWJ8CW,2024-02-06 12:39:00+00:00
TXN0000003654,ACC00000033,2024-09-13 12:06:00+00:00,2025-04-09 15:04:00+00:00,CREDIT,1350.78,GBP,9776,CP8303,POS,REFAO7TS0N5VI,2024-12-08 14:22:00+00:00
TXN0000003655,ACC00000349,2024-05-23 02:42:00+00:00,2025-01-07 21:17:00+00:00,DEBIT,495.48,GBP,5936,CP5928,ATM,REFB316JOGMG1,2025-11-22 01:39:00+00:00
TXN0000003656,ACC00000789,2024-11-21 15:23:00+00:00,2024-04-23 23:29:00+00:00,DEBIT,1133.82,GBP,1887,,ONLINE,REFQXO673AAWR,2024-10-03 17:44:00+00:00
TXN0000003657,ACC00000317,2025-03-09 23:46:00+00:00,2025-10-27 22:24:00+00:00,DEBIT,1412.3,GBP,3896,CP3231,BRANCH,REFLUEHOPEYVX,2025-03-04 12:44:00+00:00
TXN0000003658,ACC00000122,2026-02-19 23:10:00+00:00,2025-02-03 00:18:00+00:00,CREDIT,474.93,USD,3165,CP5063,BRANCH,REFHPO3GRSJPD,2025-09-14 23:00:00+00:00
TXN0000003659,ACC00000791,2026-02-18 13:16:00+00:00,2024-11-19 13:35:00+00:00,DEBIT,1432.06,GBP,3647,CP2070,POS,REF27R1GJUPMT,2024-01-30 05:06:00+00:00
TXN0000003660,ACC00000422,2024-04-13 05:48:00+00:00,2025-08-26 07:36:00+00:00,DEBIT,468.2,GBP,8266,CP2360,ATM,REFKZ2IZH9MRX,2024-08-07 22:52:00+00:00
TXN0000003661,ACC00000482,2025-03-10 00:32:00+00:00,2024-03-27 03:25:00+00:00,CREDIT,1218.37,GBP,8921,CP7201,ONLINE,REF4KAAYNM0ND,2024-03-27 04:31:00+00:00
TXN0000003662,ACC00000055,2024-09-20 16:07:00+00:00,2025-12-03 23:19:00+00:00,DEBIT,335.01,GBP,7207,CP4960,ONLINE,REF5V5QKIHR4R,2024-03-06 03:44:00+00:00
TXN0000003663,ACC00000018,2025-06-07 20:28:00+00:00,2025-01-14 14:41:00+00:00,CREDIT,481.24,USD,1094,CP1783,ONLINE,REFMWDDG864J9,2025-06-16 07:50:00+00:00
TXN0000003664,ACC00000667,2025-02-05 05:00:00+00:00,2025-02-14 15:58:00+00:00,CREDIT,2779.73,GBP,3123,CP9219,POS,REFHGVZOCPS9W,2025-06-25 16:23:00+00:00
TXN0000003665,ACC00000072,2025-08-26 19:59:00+00:00,2026-03-16 21:28:00+00:00,DEBIT,1718.77,GBP,2569,CP8392,ONLINE,REF4KVIF372TI,2024-06-01 03:40:00+00:00
TXN0000003666,ACC00000060,2024-03-01 13:36:00+00:00,2026-02-08 12:59:00+00:00,DEBIT,1021.38,GBP,1890,CP3890,ONLINE,REFSIOL5AJ6N7,2025-01-05 17:56:00+00:00
TXN0000003667,ACC00000799,2024-08-27 02:38:00+00:00,2025-01-16 15:46:00+00:00,DEBIT,901.45,USD,7939,CP1267,POS,REFA9GHAGQ9I0,2025-04-11 05:49:00+00:00
TXN0000003668,ACC00000091,2026-05-02 13:15:00+00:00,2025-03-19 12:25:00+00:00,CREDIT,28.27,GBP,8107,CP2380,ONLINE,REF46DPUWOFKF,2024-10-05 22:23:00+00:00
TXN0000003669,ACC00000717,2024-01-21 07:59:00+00:00,2024-09-14 15:25:00+00:00,CREDIT,66.6,GBP,8944,CP2257,POS,REF07KWNO2QXE,2026-03-10 15:50:00+00:00
TXN0000003670,ACC00000796,2025-09-25 19:21:00+00:00,2024-02-17 17:22:00+00:00,CREDIT,1251.61,GBP,3072,CP6995,ATM,REF3P68B2E6Z0,2024-09-10 00:12:00+00:00
TXN0000003671,ACC00000199,2024-03-16 13:47:00+00:00,2024-05-08 00:32:00+00:00,DEBIT,921.52,GBP,6500,,ONLINE,REF5RJ16QEAYD,2024-12-05 02:53:00+00:00
TXN0000003672,ACC00000529,2025-05-20 01:19:00+00:00,2025-11-18 23:59:00+00:00,DEBIT,1555.74,USD,3897,CP4727,POS,REFM18FDSWPX6,2025-04-29 09:46:00+00:00
TXN0000003673,ACC00000790,2024-12-09 01:45:00+00:00,2024-12-16 20:08:00+00:00,DEBIT,324.99,GBP,8351,CP7761,BRANCH,REFY6NJX6LJD3,2024-11-15 08:57:00+00:00
TXN0000003674,ACC00000513,2024-12-03 23:39:00+00:00,2025-08-23 13:19:00+00:00,DEBIT,555.72,GBP,4144,CP5708,POS,REFTTW7AYCEVX,2024-02-13 20:06:00+00:00
TXN0000003675,ACC00000131,2026-04-21 18:34:00+00:00,2024-12-03 10:59:00+00:00,CREDIT,620.42,EUR,5648,CP5718,ONLINE,REFZWFM0IY1A5,2025-02-07 23:21:00+00:00
TXN0000003676,ACC00000657,2024-05-26 04:58:00+00:00,2024-07-08 02:31:00+00:00,CREDIT,816.29,GBP,5168,CP9103,POS,REFGLI2IEKQD1,2025-12-13 08:36:00+00:00
TXN0000003677,ACC00000164,2025-11-24 22:46:00+00:00,2025-01-07 01:18:00+00:00,CREDIT,1578.18,GBP,5440,CP7985,ONLINE,REF0KIIOOQ2UQ,2026-03-09 00:46:00+00:00
TXN0000003678,ACC00000326,2025-03-04 14:14:00+00:00,2025-08-09 19:34:00+00:00,DEBIT,330.23,GBP,6748,CP5573,ONLINE,REF9O20XNCA6D,2025-08-01 23:10:00+00:00
TXN0000003679,ACC00000187,2025-11-23 03:11:00+00:00,2025-06-15 15:33:00+00:00,DEBIT,684.96,EUR,3013,CP4072,BRANCH,REFPV3BH1KJKF,2024-08-31 19:55:00+00:00
TXN0000003680,ACC00000381,2026-02-17 06:17:00+00:00,2024-05-17 18:35:00+00:00,CREDIT,146.43,GBP,1626,CP5749,ONLINE,REFHFGVQ5YEXA,2024-03-11 04:03:00+00:00
TXN0000003681,ACC00000327,2026-03-11 07:52:00+00:00,2025-05-28 15:09:00+00:00,CREDIT,1771.74,EUR,7645,CP2873,POS,REFVJU9QTPIEN,2024-02-06 21:50:00+00:00
TXN0000003682,ACC00000001,2026-03-05 16:58:00+00:00,2025-04-24 11:19:00+00:00,CREDIT,1390.11,GBP,8209,CP6410,POS,REFF2ST3JWRHB,2024-02-17 20:23:00+00:00
TXN0000003683,ACC00000150,2025-07-23 16:02:00+00:00,2026-01-28 08:09:00+00:00,CREDIT,1048.45,GBP,9008,CP6989,ONLINE,REFI1S0PYZ2ZE,2024-06-09 12:25:00+00:00
TXN0000003684,ACC00000199,2024-11-11 16:22:00+00:00,2024-06-19 00:27:00+00:00,CREDIT,110.63,GBP,5868,CP8129,ONLINE,REFOEGN9D80D7,2024-09-18 21:57:00+00:00
TXN0000003685,ACC00000735,2024-04-02 21:18:00+00:00,2024-03-19 21:44:00+00:00,CREDIT,520.64,GBP,3355,CP8792,POS,REFU8CPE9PYOU,2026-04-14 14:26:00+00:00
TXN0000003686,ACC00000257,2025-10-27 04:03:00+00:00,2025-07-21 11:44:00+00:00,DEBIT,1028.7,GBP,2070,CP8481,ONLINE,REF00NCV64SOC,2024-06-28 18:31:00+00:00
TXN0000003687,ACC00000409,2024-05-28 11:38:00+00:00,2024-02-11 13:56:00+00:00,CREDIT,42.85,GBP,1127,CP1695,ATM,REFTVUQ21D3FL,2026-02-11 01:51:00+00:00
TXN0000003688,ACC00000321,2026-04-15 07:25:00+00:00,2025-09-13 05:38:00+00:00,DEBIT,893.12,GBP,4150,CP3851,POS,REFFZQJ2IA809,2024-12-07 00:19:00+00:00
TXN0000003689,ACC00000624,2024-10-31 11:02:00+00:00,2026-04-26 17:29:00+00:00,DEBIT,880.13,USD,1243,CP2519,BRANCH,REF5J5M8O9R2I,2026-04-03 11:43:00+00:00
TXN0000003690,ACC00000561,2025-11-26 04:35:00+00:00,2026-03-13 21:14:00+00:00,DEBIT,2430.52,GBP,7813,CP2808,POS,REFLD5VRIEFD4,2025-07-22 23:21:00+00:00
TXN0000003691,ACC00000729,2024-06-28 23:15:00+00:00,2025-10-22 16:27:00+00:00,DEBIT,1751.48,GBP,4417,CP7311,BRANCH,REF8VM1TE37SA,2025-03-04 18:55:00+00:00
TXN0000003692,ACC00000289,2024-04-19 07:16:00+00:00,2026-03-14 21:17:00+00:00,CREDIT,1108.19,USD,5533,CP5696,POS,REFBQDKNN3S1N,2025-11-11 05:47:00+00:00
TXN0000003693,ACC00000765,2024-05-15 15:23:00+00:00,2024-02-05 01:24:00+00:00,DEBIT,540.03,GBP,5837,CP4035,POS,REF6TDUY18QDD,2026-03-14 01:47:00+00:00
TXN0000003694,ACC00000601,2026-02-24 11:28:00+00:00,2026-03-30 15:08:00+00:00,CREDIT,1731.12,GBP,4275,CP4082,ATM,REFVFYPA4TQ23,2024-08-31 00:33:00+00:00
TXN0000003695,ACC00000397,2025-01-22 14:11:00+00:00,2024-11-08 13:55:00+00:00,DEBIT,401.07,USD,9027,CP4492,POS,REFY9S0WJMHMA,2025-07-09 20:11:00+00:00
TXN0000003696,ACC00000210,2025-09-12 19:04:00+00:00,2025-03-18 06:37:00+00:00,DEBIT,780.65,GBP,2684,CP3844,ONLINE,REFSKOZVRHYPB,2024-10-22 18:43:00+00:00
TXN0000003697,ACC00000494,2024-04-22 22:21:00+00:00,2024-02-08 07:10:00+00:00,DEBIT,1091.25,USD,1317,CP1657,ONLINE,REFO7QYI3FFCZ,2024-01-26 08:35:00+00:00
TXN0000003698,ACC00000344,2024-10-26 18:01:00+00:00,2026-03-30 02:16:00+00:00,DEBIT,1657.4,USD,9500,CP6083,ONLINE,REFKWPJ49E1KO,2025-10-31 15:09:00+00:00
TXN0000003699,ACC00000521,2026-02-05 09:40:00+00:00,2024-09-10 01:12:00+00:00,DEBIT,963.04,EUR,5197,CP7086,ONLINE,REF78J9TVEKTI,2024-12-01 16:50:00+00:00
TXN0000003700,ACC00000699,2024-09-21 06:57:00+00:00,2024-04-01 17:44:00+00:00,CREDIT,597.6,USD,3737,CP5442,POS,REF7AYOKVNCA1,2025-05-20 16:11:00+00:00
TXN0000003701,ACC00000558,2024-03-28 16:54:00+00:00,2024-07-13 18:52:00+00:00,CREDIT,1672.52,USD,6434,CP8690,ONLINE,REFP5JRF0GRL4,2025-01-25 13:48:00+00:00
TXN0000003702,ACC00000219,2025-12-25 06:41:00+00:00,2024-09-01 07:52:00+00:00,DEBIT,102.2,GBP,8280,CP3707,ONLINE,REFWD2SH55GV4,2025-05-25 10:11:00+00:00
TXN0000003703,ACC00000631,2024-11-02 07:27:00+00:00,2024-01-21 02:06:00+00:00,DEBIT,806.05,GBP,6666,,ONLINE,REFZ7OFAVJ4V2,2024-08-22 04:40:00+00:00
TXN0000003704,ACC00000334,2025-09-21 11:14:00+00:00,2024-04-24 16:16:00+00:00,CREDIT,913.92,GBP,5416,CP2444,POS,REFQ630RJN3RB,2024-12-17 22:22:00+00:00
TXN0000003705,ACC00000677,2026-03-25 02:56:00+00:00,2025-11-15 00:25:00+00:00,CREDIT,48.33,GBP,4035,CP1698,BRANCH,REFPAOWB3X765,2024-09-26 14:16:00+00:00
TXN0000003706,ACC00000377,2024-02-09 21:41:00+00:00,2024-12-28 08:32:00+00:00,DEBIT,123.5,GBP,4753,CP7236,POS,REF411OKHKNN7,2026-03-01 14:16:00+00:00
TXN0000003707,ACC00000593,2024-06-09 21:37:00+00:00,2025-06-28 10:21:00+00:00,DEBIT,425.54,GBP,8539,CP3969,POS,REF5JFM67AOBJ,2025-08-22 00:39:00+00:00
TXN0000003708,ACC00000718,2025-05-10 15:07:00+00:00,2025-06-19 15:20:00+00:00,DEBIT,77.33,USD,4904,CP5017,ONLINE,REF74Q8GK7M2X,2025-04-09 18:17:00+00:00
TXN0000003709,ACC00000746,2025-11-25 20:06:00+00:00,2025-01-15 04:44:00+00:00,DEBIT,1291.48,USD,6531,CP8765,POS,REFWO0D3IV8OY,2024-02-02 11:55:00+00:00
TXN0000003710,ACC00000053,2024-11-24 00:26:00+00:00,2024-10-23 11:09:00+00:00,CREDIT,602.8,GBP,4452,CP7418,POS,REFST0QBT34YB,2025-07-30 02:16:00+00:00
TXN0000003711,ACC00000413,2024-05-30 21:37:00+00:00,2025-08-06 12:06:00+00:00,CREDIT,537.3,GBP,5228,CP6241,ONLINE,REFGVL3FW80VR,2025-05-02 17:08:00+00:00
TXN0000003712,ACC00000561,2024-04-27 21:59:00+00:00,2024-12-17 02:17:00+00:00,DEBIT,402.34,GBP,8475,CP9788,BRANCH,REF002V4AVJO5,2024-12-17 03:37:00+00:00
TXN0000003713,ACC00000476,2025-04-23 19:08:00+00:00,2024-07-16 13:38:00+00:00,CREDIT,636.98,GBP,3057,CP2656,POS,REFUQ4HMWTHL5,2025-08-28 21:37:00+00:00
TXN0000003714,ACC00000459,2025-02-03 10:51:00+00:00,2025-04-13 08:22:00+00:00,DEBIT,1738.82,EUR,6103,CP6579,POS,REFFTGLN1UR07,2024-03-15 23:15:00+00:00
TXN0000003715,ACC00000438,2024-03-06 14:13:00+00:00,2025-04-10 22:33:00+00:00,DEBIT,250.4,GBP,9545,CP1839,ATM,REF3S7BZ5OU70,2026-03-22 23:32:00+00:00
TXN0000003716,ACC00000034,2024-06-14 16:07:00+00:00,2024-08-04 10:04:00+00:00,DEBIT,594.37,GBP,7871,CP9674,POS,REF7GD8R31FJ1,2026-02-20 12:52:00+00:00
TXN0000003717,ACC00000433,2025-03-13 04:43:00+00:00,2025-04-08 18:56:00+00:00,CREDIT,759.16,EUR,9522,CP2918,ONLINE,REFYMMWMC7JH5,2026-03-09 15:16:00+00:00
TXN0000003718,ACC00000727,2025-09-21 02:47:00+00:00,2025-07-13 06:41:00+00:00,DEBIT,236.28,GBP,9350,CP6076,ONLINE,REFZZAQXHIJHP,2025-04-11 23:41:00+00:00
TXN0000003719,ACC00000003,2024-02-24 23:32:00+00:00,2025-05-28 14:45:00+00:00,DEBIT,138.83,GBP,4175,CP5516,POS,REF6E30130X30,2024-04-20 13:23:00+00:00
TXN0000003720,ACC00000321,2025-05-15 07:52:00+00:00,2024-04-01 21:15:00+00:00,DEBIT,886.11,USD,3717,CP5842,POS,REFW3OQ5H98CH,2026-03-30 07:48:00+00:00
TXN0000003721,ACC00000667,2025-09-25 04:10:00+00:00,2024-12-02 11:25:00+00:00,CREDIT,2156.12,GBP,3642,CP2888,ONLINE,REF48RPBB4GRI,2025-06-29 00:32:00+00:00
TXN0000003722,ACC00000117,2024-04-10 18:35:00+00:00,2025-03-10 19:27:00+00:00,DEBIT,937.58,GBP,6447,,ONLINE,REFJYAH9MCK3D,2024-12-09 19:03:00+00:00
TXN0000003723,ACC00000218,2024-09-09 12:36:00+00:00,2024-09-10 21:13:00+00:00,DEBIT,678.02,GBP,4623,CP1065,POS,REFGMJOWG5O8W,2026-01-29 08:04:00+00:00
TXN0000003724,ACC00000355,2024-03-18 10:28:00+00:00,2026-04-07 17:45:00+00:00,DEBIT,29.58,GBP,6515,CP5417,ATM,REFSM67HIWPWU,2025-08-30 10:23:00+00:00
TXN0000003725,ACC00000331,2024-08-11 21:29:00+00:00,2026-04-04 18:22:00+00:00,DEBIT,223.73,GBP,1430,CP1748,POS,REF29PUGR5DCG,2026-02-10 14:49:00+00:00
TXN0000003726,ACC00000679,2025-03-21 15:07:00+00:00,2025-12-28 23:34:00+00:00,DEBIT,1243.59,USD,4018,CP7924,ATM,REFAES1O4JH9U,2024-08-10 13:36:00+00:00
TXN0000003727,ACC00000084,2026-03-02 00:22:00+00:00,2025-03-23 21:16:00+00:00,DEBIT,949.96,USD,3981,CP7922,POS,REF55MW08FY5D,2025-05-22 02:33:00+00:00
TXN0000003728,ACC00000182,2024-05-20 18:32:00+00:00,2024-03-10 14:41:00+00:00,DEBIT,231.74,USD,8328,CP9845,ONLINE,REF3JGQEPC00H,2024-02-18 02:43:00+00:00
TXN0000003729,ACC00000262,2025-11-29 14:31:00+00:00,2025-06-30 04:20:00+00:00,CREDIT,216.81,GBP,8306,CP9034,POS,REFZICJYH5VYS,2025-12-26 17:57:00+00:00
TXN0000003730,ACC00000148,2024-01-02 14:41:00+00:00,2025-11-29 12:57:00+00:00,DEBIT,1048.48,USD,5285,CP2195,ATM,REFWTHKPBM4UB,2025-02-02 00:43:00+00:00
TXN0000003731,ACC00000316,2024-10-26 11:54:00+00:00,2024-02-17 22:07:00+00:00,CREDIT,715.89,GBP,7480,,POS,REF10LU04VH8Q,2025-11-18 15:06:00+00:00
TXN0000003732,ACC00000302,2025-09-01 23:39:00+00:00,2025-09-06 19:47:00+00:00,CREDIT,421.26,USD,1120,CP5019,BRANCH,REFHUA8STDYOX,2024-08-06 21:33:00+00:00
TXN0000003733,ACC00000213,2026-01-16 02:23:00+00:00,2025-08-20 03:49:00+00:00,DEBIT,1075.85,GBP,4153,CP1073,POS,REFEHWRH7AOCV,2024-12-11 22:55:00+00:00
TXN0000003734,ACC00000338,2024-07-20 01:16:00+00:00,2026-04-21 23:27:00+00:00,DEBIT,439.26,GBP,4769,CP8196,ATM,REFB026MKT5PK,2024-05-10 00:18:00+00:00
TXN0000003735,ACC00000531,2024-10-07 10:03:00+00:00,2024-05-12 08:55:00+00:00,CREDIT,85.95,EUR,9484,CP7096,ONLINE,REF6SMJ3H9B6S,2025-04-06 21:29:00+00:00
TXN0000003736,ACC00000494,2024-01-11 05:00:00+00:00,2025-03-10 19:19:00+00:00,CREDIT,497.97,GBP,5174,,ONLINE,REFMN1M9Q0IC5,2024-06-22 05:36:00+00:00
TXN0000003737,ACC00000733,2024-05-14 20:24:00+00:00,2025-10-11 15:26:00+00:00,DEBIT,516.18,GBP,9063,CP7443,ONLINE,REFGL9B0C07LG,2025-04-25 11:44:00+00:00
TXN0000003738,ACC00000560,2026-01-30 16:15:00+00:00,2025-12-21 05:37:00+00:00,DEBIT,619.68,EUR,2813,,POS,REFTIOGYD11HD,2026-01-29 14:39:00+00:00
TXN0000003739,ACC00000466,2025-07-27 15:35:00+00:00,2024-07-19 12:51:00+00:00,CREDIT,1187.78,GBP,4599,CP1753,POS,REFW0EKS0YDA4,2025-02-08 05:11:00+00:00
TXN0000003740,ACC00000558,2025-09-19 01:56:00+00:00,2025-12-01 17:18:00+00:00,CREDIT,426.13,GBP,8812,CP7385,BRANCH,REFK40HNZ6QXV,2024-11-01 10:42:00+00:00
TXN0000003741,ACC00000440,2024-08-06 23:19:00+00:00,2024-05-20 13:33:00+00:00,CREDIT,115.85,USD,1155,CP9312,ONLINE,REFGGB6C3UK17,2025-11-13 22:23:00+00:00
TXN0000003742,ACC00000250,2025-10-15 11:56:00+00:00,2025-01-05 03:31:00+00:00,DEBIT,1480.54,GBP,6562,CP1332,ATM,REFDB20H2KPSC,2025-12-20 17:54:00+00:00
TXN0000003743,ACC00000406,2024-02-26 05:38:00+00:00,2025-08-27 14:12:00+00:00,CREDIT,641.66,EUR,9648,CP8799,ONLINE,REFJ21ZJ9LLEC,2024-08-31 19:56:00+00:00
TXN0000003744,ACC00000454,2024-11-19 16:25:00+00:00,2025-03-20 15:36:00+00:00,DEBIT,360.74,GBP,9095,CP3793,ONLINE,REFIDI4JC4MST,2025-08-26 17:21:00+00:00
TXN0000003745,ACC00000551,2025-04-08 12:03:00+00:00,2026-01-14 19:56:00+00:00,DEBIT,1137.2,GBP,9045,CP2003,POS,REFTW30ENRE2Q,2025-03-17 09:05:00+00:00
TXN0000003746,ACC00000694,2024-08-31 20:49:00+00:00,2024-02-19 02:52:00+00:00,CREDIT,1630.7,GBP,6488,CP1128,ONLINE,REF2Z6JMU25K2,2025-08-18 02:13:00+00:00
TXN0000003747,ACC00000262,2024-02-18 08:00:00+00:00,2024-01-05 04:41:00+00:00,CREDIT,514.0,GBP,3300,,BRANCH,REF1VX7NL7FYG,2024-08-27 18:09:00+00:00
TXN0000003748,ACC00000471,2025-09-11 23:50:00+00:00,2026-04-16 15:52:00+00:00,DEBIT,900.46,GBP,3664,CP1402,POS,REFPEHGFGI2BV,2025-01-24 08:10:00+00:00
TXN0000003749,ACC00000784,2024-07-29 08:26:00+00:00,2024-03-19 19:48:00+00:00,DEBIT,1359.52,USD,3988,CP4901,POS,REFOPACS9M4AG,2025-02-08 17:27:00+00:00
TXN0000003750,ACC00000643,2025-12-02 22:29:00+00:00,2024-02-29 21:50:00+00:00,DEBIT,546.52,USD,2351,CP9981,ATM,REFATOXAYKTMJ,2024-01-16 08:52:00+00:00
TXN0000003751,ACC00000040,2025-11-26 11:19:00+00:00,2025-09-27 10:54:00+00:00,DEBIT,541.94,USD,3624,CP2533,ATM,REF1EUQO7GO8F,2024-05-17 07:56:00+00:00
TXN0000003752,ACC00000100,2025-10-02 02:34:00+00:00,2026-01-07 23:43:00+00:00,DEBIT,52.7,GBP,1739,CP8729,POS,REFJ6B370GUNI,2026-01-13 19:49:00+00:00
TXN0000003753,ACC00000108,2025-12-29 23:09:00+00:00,2024-05-10 00:12:00+00:00,CREDIT,400.86,GBP,1549,CP1391,ONLINE,REFX5KD7926PW,2025-06-14 21:41:00+00:00
TXN0000003754,ACC00000480,2024-09-02 13:34:00+00:00,2025-07-06 21:29:00+00:00,CREDIT,1378.42,GBP,6003,,POS,REFBAG6ZHSXI5,2025-09-19 18:50:00+00:00
TXN0000003755,ACC00000145,2025-06-01 03:02:00+00:00,2024-06-11 03:58:00+00:00,CREDIT,935.8,EUR,1200,CP6910,ONLINE,REF7OZJ5D6451,2024-04-29 08:15:00+00:00
TXN0000003756,ACC00000676,2024-03-18 07:53:00+00:00,2024-05-11 03:49:00+00:00,CREDIT,563.47,GBP,3462,CP9533,ONLINE,REFPMB3TJVRQ2,2026-03-04 09:33:00+00:00
TXN0000003757,ACC00000625,2025-07-16 21:08:00+00:00,2026-03-31 11:40:00+00:00,DEBIT,1167.47,GBP,4519,CP3214,ATM,REFRYK4EXK6EW,2024-01-06 18:59:00+00:00
TXN0000003758,ACC00000796,2025-04-02 05:04:00+00:00,2024-03-18 18:02:00+00:00,CREDIT,467.47,EUR,5607,CP4911,ONLINE,REFFGHAD2OMWP,2024-12-11 08:21:00+00:00
TXN0000003759,ACC00000198,2024-02-19 10:06:00+00:00,2025-10-11 08:57:00+00:00,DEBIT,691.63,USD,3176,CP3759,ONLINE,REFZYMH8M583X,2025-12-19 03:21:00+00:00
TXN0000003760,ACC00000743,2024-09-06 07:17:00+00:00,2024-12-26 23:50:00+00:00,CREDIT,563.81,GBP,1773,CP3524,ONLINE,REF9R8C5E3Z19,2025-02-27 10:44:00+00:00
TXN0000003761,ACC00000712,2025-01-19 01:06:00+00:00,2025-01-26 05:52:00+00:00,CREDIT,513.82,GBP,4075,CP9228,BRANCH,REFC575DI7VYO,2025-06-14 09:14:00+00:00
TXN0000003762,ACC00000036,2025-07-12 09:10:00+00:00,2024-11-08 23:17:00+00:00,DEBIT,153.68,GBP,4704,CP2316,POS,REFB4WEYYLS2K,2025-06-08 17:45:00+00:00
TXN0000003763,ACC00000091,2024-06-01 00:06:00+00:00,2025-03-03 22:11:00+00:00,CREDIT,801.63,USD,9929,CP9033,ONLINE,REF3XAOHYT4SZ,2024-10-17 02:00:00+00:00
TXN0000003764,ACC00000380,2024-08-28 17:42:00+00:00,2024-06-03 01:06:00+00:00,DEBIT,52.7,EUR,8840,CP1741,POS,REFGI5877O7ZP,2025-01-03 10:19:00+00:00
TXN0000003765,ACC00000338,2025-07-14 05:23:00+00:00,2025-02-04 10:27:00+00:00,DEBIT,456.12,USD,4453,,ONLINE,REFZRUG8JN57K,2025-11-02 01:35:00+00:00
TXN0000003766,ACC00000583,2026-03-26 07:11:00+00:00,2025-02-21 06:40:00+00:00,CREDIT,1051.2,GBP,5943,CP4661,ONLINE,REFE95FLHTA43,2026-04-08 14:57:00+00:00
TXN0000003767,ACC00000182,2024-02-02 17:47:00+00:00,2026-03-21 07:38:00+00:00,DEBIT,579.49,GBP,7110,CP7335,POS,REFVJK8FL2OFW,2026-01-14 13:49:00+00:00
TXN0000003768,ACC00000477,2024-07-20 21:46:00+00:00,2024-08-05 21:22:00+00:00,DEBIT,626.38,USD,4443,CP5136,POS,REFVRTD888W0J,2025-05-15 08:45:00+00:00
TXN0000003769,ACC00000603,2024-03-19 21:24:00+00:00,2024-02-07 16:09:00+00:00,CREDIT,1532.58,USD,6880,CP4664,POS,REF3SO4ASLRTJ,2025-01-01 18:39:00+00:00
TXN0000003770,ACC00000445,2025-06-19 03:46:00+00:00,2024-10-21 06:46:00+00:00,CREDIT,836.47,GBP,1538,CP7298,POS,REFA3YSIM53VV,2025-08-24 00:10:00+00:00
TXN0000003771,ACC00000316,2026-03-09 20:26:00+00:00,2024-05-14 12:08:00+00:00,DEBIT,1206.1,EUR,1890,,ONLINE,REFGVVS3ORVF3,2025-04-19 01:52:00+00:00
TXN0000003772,ACC00000337,2024-08-15 13:53:00+00:00,2024-11-26 07:43:00+00:00,CREDIT,679.52,USD,3052,CP4489,ATM,REFZVA3TPPZMJ,2024-05-18 09:40:00+00:00
TXN0000003773,ACC00000199,2024-01-10 07:34:00+00:00,2025-07-05 02:17:00+00:00,CREDIT,1479.05,GBP,2588,CP8764,BRANCH,REFAR1PG7PDGP,2024-12-21 12:09:00+00:00
TXN0000003774,ACC00000781,2025-08-01 21:42:00+00:00,2024-01-15 07:03:00+00:00,CREDIT,885.88,EUR,6142,CP5575,ATM,REFGGBKV1RTT0,2024-06-08 22:21:00+00:00
TXN0000003775,ACC00000519,2025-11-27 02:41:00+00:00,2025-10-20 15:20:00+00:00,DEBIT,743.97,EUR,7739,CP3384,ONLINE,REF97OQ3Q9628,2025-08-24 20:09:00+00:00
TXN0000003776,ACC00000081,2025-12-19 15:15:00+00:00,2024-11-16 19:48:00+00:00,DEBIT,1381.95,GBP,4930,CP8884,POS,REFCJ1NT8X9M3,2025-03-05 23:54:00+00:00
TXN0000003777,ACC00000464,2026-01-25 12:38:00+00:00,2025-06-23 09:04:00+00:00,DEBIT,751.68,EUR,9897,CP3267,ATM,REFL57DJ1XCPX,2026-04-04 23:53:00+00:00
TXN0000003778,ACC00000263,2024-01-13 14:47:00+00:00,2025-11-19 08:57:00+00:00,CREDIT,247.85,USD,4248,CP7943,POS,REFBLCI0ETN83,2026-02-04 07:59:00+00:00
TXN0000003779,ACC00000480,2025-06-06 18:45:00+00:00,2024-06-12 01:09:00+00:00,DEBIT,1005.93,GBP,7601,CP8845,BRANCH,REFDO9KL0NQ4Z,2024-11-05 19:31:00+00:00
TXN0000003780,ACC00000304,2024-11-09 20:31:00+00:00,2024-10-16 16:19:00+00:00,DEBIT,266.0,USD,7186,CP5053,ONLINE,REFO7NPLGIHJF,2024-03-29 10:21:00+00:00
TXN0000003781,ACC00000007,2025-03-14 15:11:00+00:00,2024-07-13 11:03:00+00:00,DEBIT,1124.09,EUR,7807,CP4592,ONLINE,REFMTX1JOVDKQ,2025-12-11 02:12:00+00:00
TXN0000003782,ACC00000020,2024-02-17 01:01:00+00:00,2025-05-14 08:23:00+00:00,DEBIT,1370.72,GBP,5584,CP4867,BRANCH,REFMS1XWKZ2IE,2024-10-03 10:05:00+00:00
TXN0000003783,ACC00000525,2024-12-28 04:05:00+00:00,2024-01-15 23:38:00+00:00,CREDIT,564.09,GBP,4092,CP7205,ATM,REFUJKA6HPC3L,2025-06-05 00:31:00+00:00
TXN0000003784,ACC00000458,2024-09-20 22:45:00+00:00,2024-08-05 23:55:00+00:00,DEBIT,464.69,GBP,7669,,POS,REF86E95NM3M6,2025-03-01 02:51:00+00:00
TXN0000003785,ACC00000646,2024-04-12 01:30:00+00:00,2024-09-09 05:32:00+00:00,DEBIT,962.43,GBP,6551,CP4552,ONLINE,REFFFN60A5GW7,2025-05-21 15:38:00+00:00
TXN0000003786,ACC00000239,2024-01-10 14:07:00+00:00,2024-02-25 18:40:00+00:00,CREDIT,472.46,GBP,9319,CP3456,POS,REFFXZ6KN9C04,2025-03-02 16:41:00+00:00
TXN0000003787,ACC00000778,2025-03-20 07:17:00+00:00,2025-08-01 19:50:00+00:00,CREDIT,616.63,USD,7148,CP6411,ONLINE,REFEDDHO0E7FR,2024-02-08 01:01:00+00:00
TXN0000003788,ACC00000201,2025-07-28 11:55:00+00:00,2025-04-21 00:08:00+00:00,CREDIT,300.25,USD,5983,CP9173,ONLINE,REF6GKD451KDG,2024-05-22 10:58:00+00:00
TXN0000003789,ACC00000038,2026-03-24 00:50:00+00:00,2024-09-28 08:00:00+00:00,DEBIT,460.89,USD,2161,CP6798,ONLINE,REFUUQE5QH4PC,2024-06-04 04:56:00+00:00
TXN0000003790,ACC00000737,2025-10-31 21:34:00+00:00,2024-11-05 06:05:00+00:00,CREDIT,542.14,GBP,8858,CP6000,POS,REFY8MIBFWT16,2024-05-28 13:26:00+00:00
TXN0000003791,ACC00000799,2025-09-13 10:06:00+00:00,2024-01-25 19:00:00+00:00,CREDIT,197.87,USD,9880,CP2173,ATM,REFOO44TIS30W,2024-09-25 18:31:00+00:00
TXN0000003792,ACC00000546,2024-07-03 06:29:00+00:00,2025-04-24 15:06:00+00:00,DEBIT,705.34,GBP,6260,CP4587,ONLINE,REFJ2ZKL7KVUJ,2025-10-01 16:26:00+00:00
TXN0000003793,ACC00000220,2024-01-07 16:23:00+00:00,2025-11-16 17:11:00+00:00,DEBIT,1603.28,USD,2871,,ATM,REFNH46RLF4XG,2026-05-03 23:19:00+00:00
TXN0000003794,ACC00000723,2024-03-23 03:56:00+00:00,2024-08-29 21:21:00+00:00,CREDIT,335.84,EUR,4602,CP9310,ONLINE,REF33I9WD6T7O,2025-08-04 04:19:00+00:00
TXN0000003795,ACC00000690,2026-03-10 18:48:00+00:00,2025-12-20 22:15:00+00:00,DEBIT,1363.77,GBP,6072,CP2371,ATM,REF4HJ0FTQY76,2025-03-11 10:59:00+00:00
TXN0000003796,ACC00000491,2024-03-23 19:16:00+00:00,2024-05-12 15:30:00+00:00,CREDIT,159.47,GBP,5812,CP9446,POS,REF3W9FQ4N84U,2025-10-01 21:26:00+00:00
TXN0000003797,ACC00000346,2026-03-28 20:19:00+00:00,2025-10-06 20:14:00+00:00,DEBIT,263.16,USD,6164,CP3348,ATM,REF27IAE2PTUE,2024-10-19 10:26:00+00:00
TXN0000003798,ACC00000329,2025-01-05 08:59:00+00:00,2025-05-16 13:22:00+00:00,CREDIT,883.96,GBP,6255,CP3330,ONLINE,REF45MKH33P9A,2026-03-08 01:00:00+00:00
TXN0000003799,ACC00000262,2025-01-07 13:38:00+00:00,2024-12-17 08:28:00+00:00,DEBIT,782.76,USD,5057,CP3794,ONLINE,REFYXCW8L398H,2024-03-12 10:59:00+00:00
TXN0000003800,ACC00000349,2025-04-28 04:39:00+00:00,2025-02-11 02:28:00+00:00,DEBIT,477.95,USD,3647,CP4709,ONLINE,REFDKY5M610GQ,2025-01-01 17:06:00+00:00
TXN0000003801,ACC00000130,2025-02-08 11:21:00+00:00,2024-05-10 14:22:00+00:00,CREDIT,49.9,GBP,7387,CP9065,ONLINE,REFWXQ825X87K,2025-01-12 10:26:00+00:00
TXN0000003802,ACC00000657,2025-02-02 03:38:00+00:00,2025-05-02 07:21:00+00:00,CREDIT,71.52,GBP,9159,CP3250,POS,REFBTCXFRAIH0,2026-04-03 00:02:00+00:00
TXN0000003803,ACC00000746,2024-07-09 14:27:00+00:00,2024-11-24 09:35:00+00:00,CREDIT,1075.37,USD,9148,CP9327,ONLINE,REFN4WX9C9GOV,2025-05-03 18:00:00+00:00
TXN0000003804,ACC00000252,2025-05-25 02:15:00+00:00,2024-04-19 09:29:00+00:00,DEBIT,626.48,GBP,4111,CP1510,ONLINE,REFHSTYH1SS9R,2025-03-23 12:39:00+00:00
TXN0000003805,ACC00000693,2025-03-25 14:46:00+00:00,2024-04-09 05:58:00+00:00,CREDIT,273.34,USD,9054,CP4610,ONLINE,REF4RNAMATO1Q,2025-08-04 22:42:00+00:00
TXN0000003806,ACC00000393,2025-12-01 03:44:00+00:00,2025-02-02 13:27:00+00:00,DEBIT,2440.45,USD,6165,CP5288,ATM,REFRYE76VOJI9,2025-01-24 22:38:00+00:00
TXN0000003807,ACC00000355,2026-02-12 21:32:00+00:00,2024-04-18 10:57:00+00:00,DEBIT,2069.45,EUR,6105,CP1591,ONLINE,REFRXW6R2K5GV,2025-01-01 14:41:00+00:00
TXN0000003808,ACC00000431,2025-05-27 13:48:00+00:00,2025-11-30 07:37:00+00:00,DEBIT,807.61,USD,3558,CP3886,ATM,REFBNVJ25V6O0,2025-05-30 05:53:00+00:00
TXN0000003809,ACC00000024,2024-05-24 13:15:00+00:00,2024-08-10 18:47:00+00:00,DEBIT,558.49,USD,9873,CP7676,POS,REFKXI49DAC25,2025-08-14 11:06:00+00:00
TXN0000003810,ACC00000361,2025-08-21 11:25:00+00:00,2024-05-10 19:17:00+00:00,CREDIT,2522.72,GBP,4424,CP9742,BRANCH,REFYAXFP64NIR,2024-07-14 07:16:00+00:00
TXN0000003811,ACC00000763,2024-04-19 04:47:00+00:00,2024-07-02 14:45:00+00:00,CREDIT,394.87,USD,2453,CP2359,ONLINE,REF9KIYPRHG6P,2025-08-29 02:26:00+00:00
TXN0000003812,ACC00000615,2025-02-15 12:59:00+00:00,2024-02-22 04:04:00+00:00,DEBIT,1328.41,GBP,9249,CP6726,BRANCH,REF61VDSUNTTH,2025-12-12 17:20:00+00:00
TXN0000003813,ACC00000772,2026-03-05 14:34:00+00:00,2024-12-20 01:59:00+00:00,CREDIT,1935.77,USD,9906,CP6106,POS,REFRHBTBPM32H,2024-07-21 17:34:00+00:00
TXN0000003814,ACC00000154,2024-08-12 00:23:00+00:00,2025-10-19 03:13:00+00:00,CREDIT,653.45,GBP,9607,CP6012,ONLINE,REFNRFHTHSUFJ,2024-05-29 16:02:00+00:00
TXN0000003815,ACC00000406,2025-01-07 15:13:00+00:00,2024-09-17 07:40:00+00:00,CREDIT,547.33,GBP,7453,CP8590,POS,REF7ED9ADK6H6,2025-06-10 05:06:00+00:00
TXN0000003816,ACC00000487,2025-04-14 03:12:00+00:00,2024-09-12 18:03:00+00:00,CREDIT,100.98,GBP,2782,CP9015,ONLINE,REFUMG0LZBWRV,2024-09-14 03:57:00+00:00
TXN0000003817,ACC00000341,2025-07-11 16:30:00+00:00,2025-03-23 05:30:00+00:00,DEBIT,936.04,USD,7513,CP4082,POS,REFN84XYBH02A,2025-03-20 16:32:00+00:00
TXN0000003818,ACC00000195,2026-02-04 09:52:00+00:00,2025-09-25 23:34:00+00:00,DEBIT,30.85,GBP,7861,CP4786,ONLINE,REFQBEFP58K1U,2025-10-20 11:34:00+00:00
TXN0000003819,ACC00000626,2024-02-17 05:46:00+00:00,2025-09-19 20:56:00+00:00,DEBIT,1221.46,GBP,7554,CP5157,ONLINE,REFQ37G8OIP8C,2025-06-30 07:49:00+00:00
TXN0000003820,ACC00000207,2024-05-23 06:43:00+00:00,2024-12-04 16:11:00+00:00,CREDIT,89.41,GBP,4761,CP4322,POS,REFQSJMUVK2HZ,2025-04-04 13:13:00+00:00
TXN0000003821,ACC00000324,2025-11-02 22:48:00+00:00,2024-10-21 14:30:00+00:00,DEBIT,1305.42,GBP,4995,CP6783,POS,REFP0CD46XTSP,2026-02-07 13:49:00+00:00
TXN0000003822,ACC00000306,2024-10-22 21:24:00+00:00,2024-07-12 06:45:00+00:00,CREDIT,28.56,USD,5905,CP8330,ATM,REF10O8QLG4KJ,2025-04-11 05:52:00+00:00
TXN0000003823,ACC00000105,2024-03-11 09:19:00+00:00,2026-05-02 18:04:00+00:00,DEBIT,623.67,GBP,4027,CP4586,POS,REFM3ORL26GWH,2025-12-08 07:57:00+00:00
TXN0000003824,ACC00000507,2026-03-17 12:56:00+00:00,2026-05-01 04:38:00+00:00,DEBIT,850.6,EUR,9391,CP6575,ATM,REFNX88W12LSA,2024-11-20 06:06:00+00:00
TXN0000003825,ACC00000617,2025-01-25 05:31:00+00:00,2025-09-10 01:14:00+00:00,DEBIT,798.57,EUR,1568,,ONLINE,REFKLCZF28XEH,2025-05-12 04:04:00+00:00
TXN0000003826,ACC00000270,2025-03-10 06:46:00+00:00,2025-04-05 03:44:00+00:00,DEBIT,227.84,USD,2338,CP4209,ONLINE,REFZ4X4Q1QA95,2026-01-09 20:15:00+00:00
TXN0000003827,ACC00000232,2024-08-11 00:18:00+00:00,2025-09-06 03:09:00+00:00,DEBIT,1126.72,USD,2595,CP2250,ONLINE,REFW0WFUHW24D,2024-03-15 02:00:00+00:00
TXN0000003828,ACC00000087,2025-11-27 03:04:00+00:00,2025-03-28 11:38:00+00:00,DEBIT,443.75,GBP,6556,CP7379,ONLINE,REFP6ROZWSUXH,2025-04-05 14:03:00+00:00
TXN0000003829,ACC00000507,2026-04-04 14:26:00+00:00,2024-09-05 18:44:00+00:00,CREDIT,59.18,GBP,5253,CP2865,ONLINE,REFYHQQOCSWY7,2024-03-23 07:38:00+00:00
TXN0000003830,ACC00000483,2026-03-08 03:43:00+00:00,2026-03-17 11:20:00+00:00,CREDIT,1482.17,GBP,2841,CP7883,ATM,REFXWRSL3HS1G,2024-03-26 01:04:00+00:00
TXN0000003831,ACC00000278,2024-11-01 05:40:00+00:00,2025-04-18 21:58:00+00:00,DEBIT,124.7,USD,7211,CP7246,POS,REF35IJO6WVBM,2024-09-08 08:58:00+00:00
TXN0000003832,ACC00000741,2025-11-18 03:23:00+00:00,2024-03-30 09:51:00+00:00,DEBIT,427.08,GBP,9366,CP7196,POS,REF3AM59MUQKS,2025-11-28 04:53:00+00:00
TXN0000003833,ACC00000008,2024-07-09 09:32:00+00:00,2024-07-04 02:50:00+00:00,CREDIT,690.29,USD,3821,CP6767,ONLINE,REFDNIDFV4C46,2026-01-08 08:59:00+00:00
TXN0000003834,ACC00000746,2024-08-20 03:38:00+00:00,2026-01-27 02:26:00+00:00,DEBIT,134.31,GBP,5838,CP1572,ATM,REFMW5VWZKL8R,2025-06-25 22:16:00+00:00
TXN0000003835,ACC00000341,2025-02-10 17:47:00+00:00,2025-11-20 05:11:00+00:00,DEBIT,787.14,GBP,8608,CP2754,POS,REFJHJSKJE6AY,2025-03-23 01:11:00+00:00
TXN0000003836,ACC00000685,2025-03-07 06:56:00+00:00,2024-02-04 22:25:00+00:00,DEBIT,712.36,GBP,8476,CP8845,ONLINE,REF2RSFY87PUF,2025-12-17 20:12:00+00:00
TXN0000003837,ACC00000095,2025-03-01 08:30:00+00:00,2025-10-31 23:43:00+00:00,CREDIT,1108.56,GBP,1093,,POS,REFKUW5CK3H76,2025-05-30 04:16:00+00:00
TXN0000003838,ACC00000122,2024-01-28 08:24:00+00:00,2024-11-29 19:05:00+00:00,DEBIT,989.21,GBP,6836,CP2422,ONLINE,REFMRYFV3SGNQ,2024-11-20 05:45:00+00:00
TXN0000003839,ACC00000145,2024-11-16 12:34:00+00:00,2024-02-16 00:45:00+00:00,DEBIT,2161.9,USD,5245,CP4655,POS,REFS3NF68VLTJ,2024-05-17 07:51:00+00:00
TXN0000003840,ACC00000610,2025-08-01 12:37:00+00:00,2024-10-09 08:12:00+00:00,DEBIT,407.93,GBP,2864,CP4711,ONLINE,REF4VNU5TD9UB,2025-02-27 17:48:00+00:00
TXN0000003841,ACC00000362,2025-06-06 15:59:00+00:00,2025-02-07 08:56:00+00:00,CREDIT,575.86,USD,2157,CP7479,ONLINE,REFW6GZTAQ6GL,2025-03-18 19:00:00+00:00
TXN0000003842,ACC00000772,2024-01-23 06:24:00+00:00,2024-08-08 12:17:00+00:00,DEBIT,263.1,USD,5270,CP7093,POS,REFPGUT1PV0BS,2025-11-14 20:42:00+00:00
TXN0000003843,ACC00000383,2025-07-18 17:49:00+00:00,2024-10-24 08:13:00+00:00,CREDIT,885.21,GBP,1517,CP3005,BRANCH,REFE8RZ9JA9JD,2024-02-25 10:57:00+00:00
TXN0000003844,ACC00000526,2024-08-24 00:01:00+00:00,2026-04-23 05:47:00+00:00,CREDIT,59.08,GBP,8022,CP5998,ONLINE,REFZ5VC8Z1A8W,2026-01-03 11:21:00+00:00
TXN0000003845,ACC00000249,2024-10-11 17:14:00+00:00,2026-03-07 18:51:00+00:00,DEBIT,253.35,GBP,7082,CP1901,ONLINE,REFI09UQGOMHR,2025-01-17 22:12:00+00:00
TXN0000003846,ACC00000108,2025-05-13 21:38:00+00:00,2026-03-24 13:37:00+00:00,DEBIT,1395.16,EUR,5428,CP4977,ONLINE,REFCQB2HUHR0E,2025-10-11 15:40:00+00:00
TXN0000003847,ACC00000253,2025-10-18 07:25:00+00:00,2024-04-05 08:09:00+00:00,DEBIT,1218.58,USD,9094,CP2362,ONLINE,REF2J2LYHHE9A,2025-09-30 21:19:00+00:00
TXN0000003848,ACC00000054,2026-01-16 07:44:00+00:00,2024-06-09 22:48:00+00:00,DEBIT,1497.55,USD,7500,,ATM,REFGF4333W35D,2025-05-29 21:39:00+00:00
TXN0000003849,ACC00000023,2024-03-21 11:36:00+00:00,2025-12-25 00:40:00+00:00,DEBIT,361.35,GBP,6789,CP4154,ONLINE,REFUL1IIYL5R5,2025-03-23 19:51:00+00:00
TXN0000003850,ACC00000064,2024-07-04 23:09:00+00:00,2024-02-27 14:40:00+00:00,DEBIT,435.84,USD,2566,CP3275,ONLINE,REFIZWJR4RD66,2025-08-13 07:00:00+00:00
TXN0000003851,ACC00000225,2026-03-09 22:38:00+00:00,2024-06-02 05:58:00+00:00,DEBIT,914.85,EUR,3973,,POS,REFGSQ16TKQ4H,2024-11-23 13:33:00+00:00
TXN0000003852,ACC00000787,2024-04-26 21:41:00+00:00,2025-03-28 12:45:00+00:00,DEBIT,145.37,GBP,7947,CP3098,ATM,REFFW1ADQDYR7,2025-06-06 04:52:00+00:00
TXN0000003853,ACC00000074,2024-06-20 15:59:00+00:00,2025-05-27 07:20:00+00:00,DEBIT,393.83,GBP,8904,CP2360,ONLINE,REFT27RGVEL3F,2024-04-05 13:50:00+00:00
TXN0000003854,ACC00000729,2024-02-29 12:21:00+00:00,2024-06-09 14:32:00+00:00,CREDIT,52.01,EUR,5481,CP8456,ONLINE,REF0HBSKMW7ZM,2025-06-13 00:51:00+00:00
TXN0000003855,ACC00000682,2025-09-04 07:17:00+00:00,2024-02-18 20:32:00+00:00,DEBIT,729.76,GBP,1287,CP9848,ONLINE,REFHGHWF3SJ8W,2025-07-01 03:56:00+00:00
TXN0000003856,ACC00000653,2024-03-06 01:58:00+00:00,2025-04-01 17:20:00+00:00,CREDIT,1272.42,USD,8504,CP3065,POS,REF0RO60ILKTZ,2025-11-11 09:24:00+00:00
TXN0000003857,ACC00000201,2024-09-27 01:24:00+00:00,2025-11-15 15:06:00+00:00,DEBIT,2475.13,GBP,6840,CP1644,ONLINE,REFZ1XEYRPZ9R,2025-12-30 10:53:00+00:00
TXN0000003858,ACC00000638,2026-01-30 21:09:00+00:00,2024-02-27 19:58:00+00:00,DEBIT,915.35,GBP,4696,CP7501,ONLINE,REF36NCCD13RA,2025-07-26 02:00:00+00:00
TXN0000003859,ACC00000512,2025-08-15 03:05:00+00:00,2024-08-11 06:34:00+00:00,CREDIT,2316.07,GBP,6708,CP7780,ONLINE,REFC2Q8K52DY5,2024-03-07 13:47:00+00:00
TXN0000003860,ACC00000795,2025-07-10 14:10:00+00:00,2026-02-07 11:13:00+00:00,CREDIT,1005.2,USD,2660,CP1012,ONLINE,REF2TYU2OZW9A,2026-02-24 14:35:00+00:00
TXN0000003861,ACC00000005,2024-05-11 16:10:00+00:00,2024-02-10 00:02:00+00:00,DEBIT,350.78,USD,4281,CP1270,BRANCH,REF9LCFZY1VL5,2024-06-22 23:10:00+00:00
TXN0000003862,ACC00000724,2024-10-14 15:07:00+00:00,2025-08-25 01:57:00+00:00,DEBIT,963.93,GBP,9413,CP7769,BRANCH,REFZ22SRCVRLS,2024-05-31 18:30:00+00:00
TXN0000003863,ACC00000430,2025-06-15 06:01:00+00:00,2024-03-02 21:27:00+00:00,DEBIT,758.59,USD,5067,CP9911,POS,REFLMA1DB9XLU,2024-07-12 14:13:00+00:00
TXN0000003864,ACC00000087,2024-03-30 17:07:00+00:00,2024-08-04 20:08:00+00:00,DEBIT,706.94,EUR,5271,CP7677,ATM,REFKW5NS9PONM,2025-03-21 15:18:00+00:00
TXN0000003865,ACC00000472,2025-04-02 22:37:00+00:00,2024-12-16 16:46:00+00:00,DEBIT,1671.98,USD,6991,CP9349,POS,REF8DSBQVND9Y,2026-04-28 07:41:00+00:00
TXN0000003866,ACC00000786,2026-03-02 12:41:00+00:00,2025-03-10 20:30:00+00:00,CREDIT,422.77,USD,7770,CP6124,POS,REFY0VS80K8FY,2026-03-06 13:24:00+00:00
TXN0000003867,ACC00000385,2024-02-24 15:21:00+00:00,2025-04-01 10:18:00+00:00,DEBIT,773.57,EUR,3691,CP2615,ONLINE,REFM3XMLTKA72,2024-11-27 03:54:00+00:00
TXN0000003868,ACC00000396,2025-11-24 14:33:00+00:00,2025-02-16 11:35:00+00:00,DEBIT,1787.93,USD,4541,CP6439,ATM,REF6ZXI9QISNF,2024-07-10 04:23:00+00:00
TXN0000003869,ACC00000448,2025-09-19 23:50:00+00:00,2025-02-27 03:30:00+00:00,CREDIT,1283.77,GBP,4621,CP2325,POS,REFDMOV2HJ1KA,2024-02-09 12:26:00+00:00
TXN0000003870,ACC00000157,2026-05-06 23:33:00+00:00,2024-06-18 17:42:00+00:00,DEBIT,589.24,GBP,5947,,ATM,REF14Y8AFEFK9,2025-07-02 22:18:00+00:00
TXN0000003871,ACC00000064,2025-11-02 08:53:00+00:00,2024-11-12 14:41:00+00:00,CREDIT,666.96,GBP,6328,,ATM,REFIA6O015O85,2024-09-19 11:28:00+00:00
TXN0000003872,ACC00000463,2025-08-13 15:57:00+00:00,2024-01-29 07:18:00+00:00,CREDIT,1153.87,GBP,7913,CP9609,ATM,REFFT29AQGYAT,2024-09-11 21:16:00+00:00
TXN0000003873,ACC00000706,2024-10-18 18:39:00+00:00,2024-10-07 13:40:00+00:00,DEBIT,1046.32,USD,6418,CP4401,ATM,REFNYC2Y0XTQZ,2024-11-05 21:43:00+00:00
TXN0000003874,ACC00000287,2025-04-04 19:38:00+00:00,2024-08-09 07:11:00+00:00,CREDIT,1181.62,GBP,2779,CP4113,POS,REF88LEGDMGCO,2024-10-19 05:06:00+00:00
TXN0000003875,ACC00000745,2024-02-28 10:10:00+00:00,2025-12-29 09:52:00+00:00,DEBIT,452.45,GBP,6483,CP5011,BRANCH,REF3TOFV7ACF8,2024-07-26 22:25:00+00:00
TXN0000003876,ACC00000718,2024-05-18 03:31:00+00:00,2025-01-22 11:41:00+00:00,CREDIT,905.7,GBP,9714,CP8262,ATM,REF77W5VJV5LE,2025-05-08 03:58:00+00:00
TXN0000003877,ACC00000745,2024-05-07 03:17:00+00:00,2026-03-18 21:26:00+00:00,DEBIT,85.05,USD,3515,CP3105,POS,REF8INJUI1KAV,2025-05-05 00:06:00+00:00
TXN0000003878,ACC00000219,2025-07-13 13:50:00+00:00,2025-06-25 09:52:00+00:00,CREDIT,518.52,GBP,3537,CP7366,ATM,REFNJZO0POPKN,2025-05-28 20:15:00+00:00
TXN0000003879,ACC00000108,2024-12-09 13:22:00+00:00,2026-02-28 02:21:00+00:00,DEBIT,1558.48,GBP,4500,CP9202,ONLINE,REFUY9PJ7FQSC,2025-01-25 12:47:00+00:00
TXN0000003880,ACC00000575,2025-06-13 23:06:00+00:00,2024-10-30 23:26:00+00:00,CREDIT,519.84,GBP,1863,CP4131,ONLINE,REF6V0NBX2N02,2025-01-22 12:40:00+00:00
TXN0000003881,ACC00000635,2025-07-20 19:34:00+00:00,2026-01-22 06:21:00+00:00,DEBIT,889.53,USD,5904,CP3056,POS,REFWNPQF4EGYJ,2024-02-09 21:37:00+00:00
TXN0000003882,ACC00000683,2025-11-09 03:57:00+00:00,2024-05-03 14:20:00+00:00,CREDIT,582.9,GBP,8978,,ONLINE,REF756H9X0MA8,2025-03-09 16:15:00+00:00
TXN0000003883,ACC00000511,2024-01-10 13:04:00+00:00,2025-05-21 06:20:00+00:00,DEBIT,677.18,USD,7571,CP4973,ATM,REFFBBC38HHK8,2026-01-09 18:03:00+00:00
TXN0000003884,ACC00000340,2025-05-19 06:40:00+00:00,2026-02-13 02:52:00+00:00,DEBIT,1006.53,GBP,1595,CP1214,POS,REFU0S5A0DSSA,2026-03-11 03:16:00+00:00
TXN0000003885,ACC00000118,2026-03-31 21:54:00+00:00,2025-06-11 11:06:00+00:00,DEBIT,977.01,GBP,6605,CP6290,ONLINE,REFJTNNZX3IHR,2025-11-09 15:51:00+00:00
TXN0000003886,ACC00000089,2025-12-24 10:26:00+00:00,2026-03-17 23:53:00+00:00,DEBIT,1086.95,EUR,7994,CP4302,POS,REFP2E7H2HNL1,2024-01-11 13:45:00+00:00
TXN0000003887,ACC00000132,2024-09-06 03:26:00+00:00,2025-05-26 12:36:00+00:00,CREDIT,1055.25,GBP,8331,CP7422,POS,REFMC5FVTEC90,2025-07-01 16:15:00+00:00
TXN0000003888,ACC00000164,2024-07-23 03:10:00+00:00,2025-11-21 12:22:00+00:00,CREDIT,602.22,GBP,7689,CP2159,ATM,REFKB3LSZXQS5,2025-09-12 01:13:00+00:00
TXN0000003889,ACC00000201,2025-09-02 14:23:00+00:00,2025-12-21 18:23:00+00:00,CREDIT,702.19,GBP,6964,CP7181,ONLINE,REFXK871LAVRF,2024-05-16 01:51:00+00:00
TXN0000003890,ACC00000589,2026-05-02 11:28:00+00:00,2025-08-16 13:20:00+00:00,CREDIT,206.08,GBP,8090,CP2816,POS,REFVRI0ZXOQUU,2026-01-13 06:57:00+00:00
TXN0000003891,ACC00000708,2026-04-17 05:47:00+00:00,2026-03-19 13:00:00+00:00,DEBIT,51.48,GBP,2372,CP6553,POS,REFX9G1PMVTTY,2025-04-05 08:43:00+00:00
TXN0000003892,ACC00000274,2026-02-10 13:06:00+00:00,2024-02-12 20:58:00+00:00,CREDIT,704.05,GBP,3748,,ONLINE,REFFQW970SQ9P,2024-07-22 10:51:00+00:00
TXN0000003893,ACC00000345,2025-03-04 19:19:00+00:00,2026-02-26 07:45:00+00:00,DEBIT,357.09,GBP,5475,CP5807,POS,REF7Y6SOVS2SL,2024-07-27 19:17:00+00:00
TXN0000003894,ACC00000558,2025-09-15 13:13:00+00:00,2024-08-12 14:47:00+00:00,DEBIT,2735.69,GBP,9981,CP5130,ONLINE,REFZZ4NVKVYLK,2025-06-10 04:43:00+00:00
TXN0000003895,ACC00000584,2025-05-14 17:32:00+00:00,2024-11-18 04:11:00+00:00,DEBIT,722.75,USD,4579,CP6459,POS,REFBZBHWRL4PW,2024-09-17 12:48:00+00:00
TXN0000003896,ACC00000694,2024-03-13 02:36:00+00:00,2025-08-06 12:47:00+00:00,CREDIT,10.61,GBP,4770,CP3412,ONLINE,REF93Y1O8S2AX,2026-04-01 12:28:00+00:00
TXN0000003897,ACC00000426,2024-08-04 16:54:00+00:00,2024-10-05 16:16:00+00:00,DEBIT,1428.36,GBP,5891,CP7805,BRANCH,REFVHIUN28UW5,2025-07-29 15:54:00+00:00
TXN0000003898,ACC00000369,2025-12-07 22:37:00+00:00,2025-10-14 04:05:00+00:00,DEBIT,286.36,GBP,5231,CP8739,POS,REFXXMH1HSU0U,2024-05-12 20:08:00+00:00
TXN0000003899,ACC00000281,2025-10-25 18:56:00+00:00,2024-01-09 18:10:00+00:00,DEBIT,925.09,GBP,2599,CP8086,ATM,REFIXGPJ05GQZ,2025-08-17 14:31:00+00:00
TXN0000003900,ACC00000656,2025-08-22 01:25:00+00:00,2024-07-07 04:20:00+00:00,CREDIT,401.03,USD,6116,CP1848,ONLINE,REFCLQMGU3S9L,2024-10-05 03:35:00+00:00
TXN0000003901,ACC00000136,2025-06-27 05:44:00+00:00,2024-04-04 23:16:00+00:00,DEBIT,944.52,USD,7256,CP1058,ONLINE,REFFBRAHUNFCI,2024-07-26 23:22:00+00:00
TXN0000003902,ACC00000787,2024-02-18 03:48:00+00:00,2024-12-12 11:30:00+00:00,DEBIT,9.65,GBP,8958,CP1050,ONLINE,REFO3TES8RUQU,2024-07-10 11:40:00+00:00
TXN0000003903,ACC00000759,2024-07-31 20:52:00+00:00,2025-08-24 20:23:00+00:00,DEBIT,304.12,USD,7298,CP3625,ONLINE,REFWLT15PPN11,2026-04-05 08:13:00+00:00
TXN0000003904,ACC00000140,2024-01-14 15:04:00+00:00,2026-01-07 06:29:00+00:00,DEBIT,365.19,EUR,4353,CP1210,ONLINE,REFJM8W5LA8PR,2026-04-06 19:55:00+00:00
TXN0000003905,ACC00000103,2025-03-12 15:22:00+00:00,2025-10-18 04:14:00+00:00,CREDIT,361.32,GBP,9343,CP9256,BRANCH,REFYWNYUVW9NR,2024-11-20 16:29:00+00:00
TXN0000003906,ACC00000538,2024-07-12 21:44:00+00:00,2025-05-11 12:26:00+00:00,DEBIT,1033.03,USD,3453,CP9705,POS,REF9QTW3JKI14,2024-01-05 18:47:00+00:00
TXN0000003907,ACC00000556,2024-06-24 03:24:00+00:00,2024-02-16 08:04:00+00:00,DEBIT,285.93,GBP,7088,CP4109,POS,REF3CTJM5O43R,2025-09-05 17:59:00+00:00
TXN0000003908,ACC00000187,2024-08-15 22:12:00+00:00,2024-10-18 04:59:00+00:00,DEBIT,172.99,GBP,3703,CP2324,POS,REFQCU9LI66N4,2024-04-07 00:57:00+00:00
TXN0000003909,ACC00000260,2025-03-07 03:51:00+00:00,2025-03-15 09:13:00+00:00,DEBIT,859.49,GBP,2653,CP5380,BRANCH,REF3ROGLF1S04,2026-01-08 19:08:00+00:00
TXN0000003910,ACC00000203,2026-05-07 07:04:00+00:00,2024-02-28 05:39:00+00:00,DEBIT,458.21,GBP,5690,CP5016,POS,REFG466SJQFNH,2025-09-17 14:54:00+00:00
TXN0000003911,ACC00000638,2025-04-26 19:55:00+00:00,2025-04-28 01:34:00+00:00,DEBIT,571.9,EUR,4665,CP1351,ONLINE,REFI3D0R5DXED,2024-04-24 04:33:00+00:00
TXN0000003912,ACC00000784,2025-06-23 10:17:00+00:00,2024-03-20 07:50:00+00:00,CREDIT,1233.18,EUR,8756,CP4484,ONLINE,REFLIYDZZCKGK,2025-12-12 20:00:00+00:00
TXN0000003913,ACC00000215,2025-08-15 01:48:00+00:00,2025-05-13 04:11:00+00:00,CREDIT,839.14,USD,4493,CP9666,POS,REFWGRTAHSNC4,2025-09-22 23:17:00+00:00
TXN0000003914,ACC00000026,2024-02-16 09:44:00+00:00,2025-08-27 17:09:00+00:00,CREDIT,1057.21,GBP,6551,CP4631,ONLINE,REFPTK3TEWQ2B,2024-12-20 11:05:00+00:00
TXN0000003915,ACC00000756,2025-09-08 01:15:00+00:00,2024-05-04 00:39:00+00:00,CREDIT,1435.07,GBP,3614,CP3637,POS,REFV94WM3BK6C,2026-04-28 15:11:00+00:00
TXN0000003916,ACC00000204,2025-05-02 21:10:00+00:00,2026-03-08 06:23:00+00:00,DEBIT,906.25,GBP,1781,CP1133,ATM,REFWV2GPSCPK3,2024-09-10 11:14:00+00:00
TXN0000003917,ACC00000523,2025-09-07 11:47:00+00:00,2025-10-15 04:19:00+00:00,DEBIT,63.81,GBP,9507,CP5462,POS,REFHNCDVLQUIE,2025-12-04 15:44:00+00:00
TXN0000003918,ACC00000229,2024-10-29 11:33:00+00:00,2025-11-18 06:38:00+00:00,DEBIT,169.66,GBP,4681,CP3372,ATM,REFU638VQNUBB,2024-01-18 19:16:00+00:00
TXN0000003919,ACC00000374,2026-03-06 10:32:00+00:00,2024-06-05 05:38:00+00:00,DEBIT,1026.74,USD,2376,CP7896,POS,REFWCTNU007I1,2024-11-12 10:52:00+00:00
TXN0000003920,ACC00000592,2024-08-18 10:44:00+00:00,2025-10-15 11:02:00+00:00,DEBIT,1409.85,USD,2315,CP1544,POS,REF4HBHTPAK0W,2024-06-16 11:50:00+00:00
TXN0000003921,ACC00000696,2025-03-07 07:43:00+00:00,2024-03-30 22:43:00+00:00,CREDIT,420.05,USD,7402,CP1341,ONLINE,REF7RHYWX09JV,2024-07-22 20:45:00+00:00
TXN0000003922,ACC00000677,2025-09-04 18:35:00+00:00,2025-11-14 09:36:00+00:00,CREDIT,817.97,USD,9432,CP9061,POS,REFADGC9B7XKX,2024-06-22 16:18:00+00:00
TXN0000003923,ACC00000062,2026-02-15 03:09:00+00:00,2025-02-07 04:35:00+00:00,DEBIT,155.24,GBP,7910,CP4388,ONLINE,REFAY7U5EOS86,2025-11-29 17:59:00+00:00
TXN0000003924,ACC00000112,2025-05-08 08:46:00+00:00,2024-09-23 00:29:00+00:00,DEBIT,82.21,GBP,8334,CP3808,POS,REFQFQWNAU2IP,2025-05-19 23:43:00+00:00
TXN0000003925,ACC00000155,2024-08-11 19:40:00+00:00,2026-04-04 13:43:00+00:00,DEBIT,614.48,USD,5324,,POS,REFXBRJ7KUC8R,2025-12-17 20:41:00+00:00
TXN0000003926,ACC00000748,2024-06-06 04:58:00+00:00,2025-10-23 21:37:00+00:00,DEBIT,845.14,USD,5318,CP2548,BRANCH,REFF71PZ17H5J,2024-09-12 23:56:00+00:00
TXN0000003927,ACC00000788,2024-11-25 10:06:00+00:00,2026-04-09 10:12:00+00:00,CREDIT,1459.75,GBP,8340,,POS,REFJNQPT136WC,2025-08-26 17:43:00+00:00
TXN0000003928,ACC00000229,2025-03-24 08:04:00+00:00,2025-09-09 01:58:00+00:00,CREDIT,508.87,GBP,9588,CP2631,ONLINE,REFE3XXQNXKXK,2025-12-14 08:46:00+00:00
TXN0000003929,ACC00000430,2026-05-03 19:44:00+00:00,2025-07-12 14:34:00+00:00,DEBIT,551.08,GBP,8157,,ONLINE,REF8BGEKY0RXP,2025-05-22 08:12:00+00:00
TXN0000003930,ACC00000613,2026-01-27 05:20:00+00:00,2024-08-05 21:42:00+00:00,DEBIT,191.39,USD,9613,CP1771,ONLINE,REF8694NR4HEP,2025-07-01 04:48:00+00:00
TXN0000003931,ACC00000585,2025-07-25 02:40:00+00:00,2024-10-28 15:25:00+00:00,DEBIT,590.02,GBP,8379,CP9030,ONLINE,REF6K3LCGPNMI,2024-10-20 11:10:00+00:00
TXN0000003932,ACC00000394,2026-01-26 08:53:00+00:00,2025-04-13 21:39:00+00:00,CREDIT,1329.71,GBP,4267,CP5955,ONLINE,REFTHVWZN078C,2024-12-18 01:47:00+00:00
TXN0000003933,ACC00000753,2025-05-20 13:57:00+00:00,2024-01-25 01:28:00+00:00,DEBIT,719.57,GBP,3148,CP1428,POS,REF74TULAOJQY,2025-05-11 00:51:00+00:00
TXN0000003934,ACC00000587,2024-07-02 03:52:00+00:00,2025-06-01 04:19:00+00:00,DEBIT,518.29,GBP,1053,CP3530,ONLINE,REFO7RW5NYNYS,2024-11-27 18:30:00+00:00
TXN0000003935,ACC00000787,2025-12-21 05:45:00+00:00,2024-11-06 12:27:00+00:00,DEBIT,354.57,USD,8495,CP8169,ONLINE,REFY6EM6TBNF0,2025-09-14 05:59:00+00:00
TXN0000003936,ACC00000361,2024-07-11 12:51:00+00:00,2025-02-05 12:38:00+00:00,CREDIT,348.9,USD,2037,CP8501,BRANCH,REFDH1VG86NXB,2025-07-27 17:51:00+00:00
TXN0000003937,ACC00000721,2024-02-08 03:44:00+00:00,2024-11-12 22:35:00+00:00,DEBIT,301.74,USD,9714,CP7641,POS,REFAO5Y9ETF7I,2024-04-18 23:10:00+00:00
TXN0000003938,ACC00000319,2025-07-09 12:14:00+00:00,2024-08-15 13:59:00+00:00,CREDIT,738.82,USD,2419,CP7991,ONLINE,REFJB7WM5CD4D,2026-01-09 05:06:00+00:00
TXN0000003939,ACC00000166,2025-08-08 19:16:00+00:00,2025-12-01 00:43:00+00:00,CREDIT,1010.57,USD,2591,CP4949,ATM,REFTACGTA4NMF,2025-01-13 10:08:00+00:00
TXN0000003940,ACC00000532,2025-01-01 08:06:00+00:00,2025-08-01 20:19:00+00:00,DEBIT,430.09,GBP,7617,CP1543,POS,REFPMLYL4UJL7,2025-11-07 14:58:00+00:00
TXN0000003941,ACC00000517,2026-04-24 06:46:00+00:00,2024-08-03 16:26:00+00:00,DEBIT,195.37,GBP,5149,,POS,REFCT1IT7H6HV,2024-08-29 13:06:00+00:00
TXN0000003942,ACC00000543,2026-03-02 17:16:00+00:00,2025-06-01 05:56:00+00:00,DEBIT,896.07,GBP,5112,CP6473,BRANCH,REFL3HMQKV5RX,2024-03-17 18:57:00+00:00
TXN0000003943,ACC00000134,2024-11-21 07:06:00+00:00,2025-11-29 23:22:00+00:00,DEBIT,681.08,GBP,2878,CP5562,ONLINE,REFVAHG5NHKNV,2024-12-02 13:38:00+00:00
TXN0000003944,ACC00000136,2024-11-17 12:13:00+00:00,2026-01-16 00:33:00+00:00,CREDIT,1626.95,USD,9987,CP4517,ONLINE,REF5QWU2TTI7P,2024-03-17 10:45:00+00:00
TXN0000003945,ACC00000154,2026-03-05 01:38:00+00:00,2024-11-30 10:37:00+00:00,DEBIT,1688.52,GBP,3344,CP4905,ONLINE,REF7O5JO426D1,2026-01-11 18:20:00+00:00
TXN0000003946,ACC00000667,2024-09-05 00:57:00+00:00,2024-07-04 10:50:00+00:00,CREDIT,827.89,GBP,7453,CP2302,ONLINE,REFK4QBZHCAOD,2025-07-30 03:51:00+00:00
TXN0000003947,ACC00000432,2026-03-01 15:38:00+00:00,2025-10-10 13:10:00+00:00,DEBIT,731.89,GBP,9160,CP8890,ONLINE,REFSA27TE2QR8,2025-07-17 08:42:00+00:00
TXN0000003948,ACC00000549,2025-02-13 16:42:00+00:00,2025-08-07 15:50:00+00:00,DEBIT,1076.53,GBP,2345,CP3926,ONLINE,REFXDGYC91YHX,2024-01-13 16:22:00+00:00
TXN0000003949,ACC00000656,2026-01-24 10:49:00+00:00,2024-07-07 12:24:00+00:00,DEBIT,325.74,GBP,9263,CP6670,ONLINE,REFU3ACODWVL7,2024-06-14 21:28:00+00:00
TXN0000003950,ACC00000719,2025-09-28 01:41:00+00:00,2025-08-02 04:13:00+00:00,CREDIT,389.54,EUR,8650,,POS,REFCM30OGZJYC,2024-02-02 09:22:00+00:00
TXN0000003951,ACC00000283,2025-08-24 13:44:00+00:00,2026-04-06 04:20:00+00:00,DEBIT,820.24,GBP,1931,CP3497,POS,REF3X4ULF1BSG,2026-01-18 16:16:00+00:00
TXN0000003952,ACC00000011,2025-11-08 09:23:00+00:00,2025-04-03 23:52:00+00:00,DEBIT,659.12,GBP,2866,CP3087,ATM,REFDYEL02X03Z,2025-08-27 04:34:00+00:00
TXN0000003953,ACC00000435,2026-03-18 18:34:00+00:00,2024-06-11 15:15:00+00:00,DEBIT,1814.73,GBP,6616,CP8509,ONLINE,REFBY1OFMS2VG,2025-02-27 07:48:00+00:00
TXN0000003954,ACC00000641,2025-04-20 04:40:00+00:00,2025-10-09 09:45:00+00:00,CREDIT,42.01,GBP,4740,CP7102,POS,REFRLHRMBSKIN,2025-02-01 00:49:00+00:00
TXN0000003955,ACC00000054,2024-10-11 23:02:00+00:00,2026-04-27 13:58:00+00:00,CREDIT,315.45,USD,8574,,ONLINE,REFLL4KSVTL6M,2024-11-10 06:02:00+00:00
TXN0000003956,ACC00000628,2025-07-29 23:39:00+00:00,2025-07-07 22:38:00+00:00,DEBIT,2062.31,GBP,5393,CP6056,BRANCH,REF7H8K6DMQEU,2024-10-25 14:21:00+00:00
TXN0000003957,ACC00000770,2025-09-11 05:44:00+00:00,2025-12-29 05:30:00+00:00,DEBIT,599.57,EUR,1343,CP5251,ONLINE,REFVHZTOJCZ7U,2025-06-09 07:32:00+00:00
TXN0000003958,ACC00000662,2024-04-20 14:30:00+00:00,2024-02-26 23:43:00+00:00,DEBIT,218.93,USD,6746,CP2362,ONLINE,REF449MALU246,2025-11-02 19:52:00+00:00
TXN0000003959,ACC00000204,2025-10-13 06:21:00+00:00,2024-10-03 14:11:00+00:00,CREDIT,907.95,USD,5454,CP5693,BRANCH,REFL7LUJLR0TZ,2025-08-14 01:19:00+00:00
TXN0000003960,ACC00000572,2025-10-28 02:26:00+00:00,2024-07-16 21:43:00+00:00,CREDIT,641.41,GBP,2265,CP4508,POS,REFKT7HK2ECKO,2025-12-24 20:35:00+00:00
TXN0000003961,ACC00000156,2025-02-14 16:04:00+00:00,2024-09-03 08:40:00+00:00,DEBIT,646.93,GBP,2058,CP1148,POS,REFDY3GIVCEM2,2025-02-10 13:46:00+00:00
TXN0000003962,ACC00000310,2024-03-09 06:13:00+00:00,2024-09-14 13:26:00+00:00,DEBIT,433.62,GBP,5902,CP2204,BRANCH,REFMMXFKD2R43,2024-05-16 15:04:00+00:00
TXN0000003963,ACC00000796,2025-09-28 15:12:00+00:00,2025-02-11 03:02:00+00:00,DEBIT,1.86,USD,9752,CP8147,ONLINE,REFSFFPPSI5LW,2025-04-24 15:41:00+00:00
TXN0000003964,ACC00000784,2025-03-15 14:01:00+00:00,2024-12-27 03:59:00+00:00,CREDIT,356.48,EUR,6216,CP8772,POS,REFSLFE16UGOM,2025-07-26 12:50:00+00:00
TXN0000003965,ACC00000260,2025-05-04 22:08:00+00:00,2024-11-01 19:46:00+00:00,CREDIT,1367.98,EUR,2988,CP7282,ONLINE,REFY9ZQD7QDB7,2024-02-19 07:34:00+00:00
TXN0000003966,ACC00000437,2024-05-03 15:42:00+00:00,2026-01-31 12:05:00+00:00,CREDIT,630.26,USD,3001,CP1507,ONLINE,REF8PKDZ6QXM5,2024-03-17 15:26:00+00:00
TXN0000003967,ACC00000664,2024-08-19 22:18:00+00:00,2025-07-13 01:24:00+00:00,DEBIT,590.34,GBP,8881,CP4278,ONLINE,REFPH4MVII4GB,2024-12-23 22:42:00+00:00
TXN0000003968,ACC00000214,2024-01-12 22:58:00+00:00,2025-06-09 12:10:00+00:00,CREDIT,819.56,EUR,5729,CP3490,ONLINE,REF3Q5FBOU5O7,2024-10-20 04:15:00+00:00
TXN0000003969,ACC00000716,2024-07-03 09:08:00+00:00,2025-05-29 17:24:00+00:00,CREDIT,2481.56,GBP,3763,CP6179,ONLINE,REF2RW3Q46M6S,2025-10-29 15:29:00+00:00
TXN0000003970,ACC00000265,2025-10-28 05:41:00+00:00,2026-02-14 23:47:00+00:00,DEBIT,1167.93,GBP,7397,CP9933,POS,REFYVU4QPTX2D,2026-04-11 14:36:00+00:00
TXN0000003971,ACC00000184,2024-06-23 23:54:00+00:00,2025-06-16 22:33:00+00:00,CREDIT,704.77,GBP,2309,CP4948,POS,REFO0KDSQGDNQ,2024-07-29 14:27:00+00:00
TXN0000003972,ACC00000245,2024-10-03 03:44:00+00:00,2025-04-27 19:10:00+00:00,DEBIT,295.23,USD,6103,CP2948,ONLINE,REFLBAVYC87HU,2024-04-24 08:41:00+00:00
TXN0000003973,ACC00000029,2025-09-23 16:56:00+00:00,2024-10-05 08:38:00+00:00,DEBIT,72.44,GBP,3146,CP1534,POS,REFWXGHS2W75D,2025-03-13 16:49:00+00:00
TXN0000003974,ACC00000737,2026-03-21 23:14:00+00:00,2024-09-17 00:48:00+00:00,DEBIT,33.4,USD,3324,CP4468,POS,REFJ72LRXV7N5,2026-01-24 04:48:00+00:00
TXN0000003975,ACC00000561,2026-04-10 01:26:00+00:00,2024-09-08 21:59:00+00:00,CREDIT,251.03,GBP,8272,CP9933,ATM,REFUNADW39QQU,2024-08-10 06:57:00+00:00
TXN0000003976,ACC00000508,2025-11-20 07:11:00+00:00,2026-03-26 20:43:00+00:00,CREDIT,1471.06,GBP,6083,CP3352,POS,REFOVCJ90OU4U,2024-11-27 00:17:00+00:00
TXN0000003977,ACC00000084,2026-01-21 07:27:00+00:00,2025-09-29 11:05:00+00:00,CREDIT,434.63,USD,1466,CP8236,ONLINE,REF1PT5N71EIU,2024-05-16 08:44:00+00:00
TXN0000003978,ACC00000056,2024-11-16 09:57:00+00:00,2025-06-16 13:39:00+00:00,DEBIT,759.4,EUR,5860,CP3072,POS,REFM4CCEVE2JW,2024-06-15 20:53:00+00:00
TXN0000003979,ACC00000699,2024-01-15 03:57:00+00:00,2025-12-25 10:26:00+00:00,DEBIT,804.21,GBP,6863,CP4418,ATM,REFWD947WKG4S,2024-10-01 21:34:00+00:00
TXN0000003980,ACC00000353,2025-07-11 03:41:00+00:00,2026-03-30 02:14:00+00:00,DEBIT,395.55,GBP,2341,CP4802,POS,REFKGPAX7DRJ9,2026-03-21 07:44:00+00:00
TXN0000003981,ACC00000405,2026-03-20 09:18:00+00:00,2025-11-14 09:17:00+00:00,DEBIT,1314.53,EUR,3749,CP6516,ONLINE,REFNISVG0LOSU,2024-12-22 02:34:00+00:00
TXN0000003982,ACC00000412,2024-10-01 05:18:00+00:00,2024-02-18 17:34:00+00:00,DEBIT,2515.22,USD,3726,CP3232,ONLINE,REFUMYSIGMG55,2024-05-02 10:39:00+00:00
TXN0000003983,ACC00000054,2026-02-18 17:55:00+00:00,2024-08-21 22:41:00+00:00,DEBIT,373.95,USD,9582,CP3320,ONLINE,REFCT9DNGUJ7X,2025-08-30 09:16:00+00:00
TXN0000003984,ACC00000340,2024-10-04 04:42:00+00:00,2024-08-28 03:34:00+00:00,CREDIT,230.54,GBP,6391,CP4730,BRANCH,REF9RU7GTNTXL,2024-10-12 18:21:00+00:00
TXN0000003985,ACC00000792,2025-11-15 00:10:00+00:00,2024-09-10 17:01:00+00:00,DEBIT,532.4,USD,9215,CP3148,ONLINE,REFRZ2GW8VTDJ,2024-07-09 19:50:00+00:00
TXN0000003986,ACC00000224,2025-12-10 08:15:00+00:00,2024-05-04 12:37:00+00:00,DEBIT,995.37,GBP,4582,CP5949,ATM,REF91HFHFB5RD,2024-08-24 09:38:00+00:00
TXN0000003987,ACC00000204,2026-04-07 11:00:00+00:00,2026-01-28 06:17:00+00:00,CREDIT,773.71,GBP,8539,,ONLINE,REFP8RYGH0SE3,2025-05-18 13:23:00+00:00
TXN0000003988,ACC00000537,2025-12-15 19:19:00+00:00,2025-04-25 13:37:00+00:00,CREDIT,524.59,GBP,1490,CP5500,ONLINE,REFIJ5MW0D50K,2025-06-04 10:57:00+00:00
TXN0000003989,ACC00000288,2025-03-25 13:22:00+00:00,2024-03-10 04:41:00+00:00,DEBIT,832.1,USD,2888,CP3312,ONLINE,REF7JRJ12PLFS,2026-05-04 01:04:00+00:00
TXN0000003990,ACC00000210,2025-12-19 02:07:00+00:00,2026-05-02 06:31:00+00:00,DEBIT,661.13,GBP,1810,CP1088,ONLINE,REFHTCWGG7UA6,2024-10-09 02:12:00+00:00
TXN0000003991,ACC00000043,2025-11-15 23:32:00+00:00,2025-05-20 19:50:00+00:00,DEBIT,190.38,GBP,4864,CP7397,POS,REF6JJ36ASJGL,2024-09-19 00:03:00+00:00
TXN0000003992,ACC00000426,2025-03-12 21:04:00+00:00,2024-09-10 20:39:00+00:00,DEBIT,719.16,USD,6663,CP8175,BRANCH,REFSV0FI26S7O,2025-10-20 20:27:00+00:00
TXN0000003993,ACC00000656,2024-12-10 13:17:00+00:00,2025-07-18 00:05:00+00:00,CREDIT,1964.11,GBP,8420,CP1205,ONLINE,REFPJECSU85TP,2024-04-26 17:54:00+00:00
TXN0000003994,ACC00000704,2024-01-09 19:51:00+00:00,2026-03-05 21:56:00+00:00,CREDIT,1245.6,GBP,5523,CP7616,ATM,REF5NYKIQ1PTF,2024-06-24 13:56:00+00:00
TXN0000003995,ACC00000551,2025-08-12 09:06:00+00:00,2024-06-10 05:59:00+00:00,DEBIT,2602.03,GBP,4666,CP3479,BRANCH,REF2H2R918B9Y,2025-03-11 11:59:00+00:00
TXN0000003996,ACC00000381,2024-11-12 15:22:00+00:00,2026-03-29 00:04:00+00:00,DEBIT,531.11,USD,2430,CP3035,ONLINE,REF2N70MO0EOU,2025-11-09 13:35:00+00:00
TXN0000003997,ACC00000496,2024-07-16 19:34:00+00:00,2025-01-29 06:06:00+00:00,CREDIT,249.71,EUR,2910,CP4901,ONLINE,REFV7EVJUB9S5,2026-01-06 01:53:00+00:00
TXN0000003998,ACC00000361,2025-09-26 22:04:00+00:00,2025-05-28 11:11:00+00:00,CREDIT,430.53,USD,1606,CP3043,ONLINE,REFQR0JYAF2BW,2025-04-07 11:44:00+00:00
TXN0000003999,ACC00000628,2024-07-16 14:02:00+00:00,2024-02-01 00:40:00+00:00,DEBIT,447.37,GBP,1484,,ONLINE,REFI7K3Y529U5,2024-04-19 01:27:00+00:00
TXN0000004000,ACC00000086,2024-11-23 09:53:00+00:00,2024-06-05 07:37:00+00:00,DEBIT,118.97,GBP,6101,CP9790,ATM,REF50B4IMIFMZ,2024-06-24 16:52:00+00:00
TXN0000004001,ACC00000514,2025-10-13 04:19:00+00:00,2024-04-11 11:09:00+00:00,DEBIT,1723.66,GBP,3939,CP4275,POS,REFXH9FPTLLJZ,2024-12-06 14:18:00+00:00
TXN0000004002,ACC00000521,2024-11-28 02:43:00+00:00,2024-08-09 02:59:00+00:00,DEBIT,1176.88,GBP,5181,CP1437,POS,REF41DHFPJDNK,2026-04-22 14:23:00+00:00
TXN0000004003,ACC00000729,2025-10-10 19:03:00+00:00,2024-07-18 07:52:00+00:00,DEBIT,845.36,GBP,7586,CP2642,ATM,REF5DCYM9OEXL,2025-09-21 10:40:00+00:00
TXN0000004004,ACC00000581,2025-06-04 05:24:00+00:00,2026-04-25 12:40:00+00:00,CREDIT,892.55,EUR,1598,CP7748,POS,REFXXE0KV868W,2026-03-02 01:17:00+00:00
TXN0000004005,ACC00000257,2024-03-18 21:57:00+00:00,2026-02-17 21:13:00+00:00,DEBIT,490.42,GBP,2974,CP8076,ONLINE,REF6NP8B01RJZ,2024-08-02 04:22:00+00:00
TXN0000004006,ACC00000515,2026-04-21 02:01:00+00:00,2025-11-26 02:18:00+00:00,CREDIT,2321.97,USD,3469,CP1170,ONLINE,REFX5RYR2JOIY,2026-02-23 04:27:00+00:00
TXN0000004007,ACC00000099,2025-10-20 06:20:00+00:00,2026-02-25 00:37:00+00:00,DEBIT,1783.94,GBP,9881,CP3457,ONLINE,REFS2845CCZ5Z,2024-03-02 04:12:00+00:00
TXN0000004008,ACC00000430,2025-01-27 10:39:00+00:00,2025-07-20 05:05:00+00:00,DEBIT,567.77,GBP,6878,CP7429,POS,REF6GCP4PLPJ7,2026-02-09 06:54:00+00:00
TXN0000004009,ACC00000769,2024-09-30 05:47:00+00:00,2024-06-20 15:02:00+00:00,CREDIT,347.68,GBP,5252,CP8790,POS,REFYXGVAON0OO,2024-11-19 04:14:00+00:00
TXN0000004010,ACC00000410,2025-08-14 18:11:00+00:00,2024-07-06 07:07:00+00:00,DEBIT,1193.23,EUR,8496,CP6661,ATM,REFJBJ2HMWVK6,2025-03-07 05:12:00+00:00
TXN0000004011,ACC00000205,2024-02-06 20:11:00+00:00,2025-07-16 19:58:00+00:00,CREDIT,191.3,GBP,3927,CP2683,ONLINE,REFRXNF0CS5P6,2025-10-30 01:24:00+00:00
TXN0000004012,ACC00000432,2024-09-04 15:24:00+00:00,2025-03-12 15:11:00+00:00,CREDIT,2010.1,USD,7559,CP7949,POS,REFVQZVEVC7IC,2025-05-09 11:58:00+00:00
TXN0000004013,ACC00000309,2025-12-29 12:27:00+00:00,2024-02-05 03:11:00+00:00,DEBIT,254.83,GBP,4735,CP7996,ONLINE,REF1377L6FGMF,2024-08-14 22:22:00+00:00
TXN0000004014,ACC00000498,2025-08-20 21:59:00+00:00,2025-09-29 11:38:00+00:00,CREDIT,250.02,GBP,2641,CP5592,ONLINE,REF992RFSTY5P,2025-10-06 08:24:00+00:00
TXN0000004015,ACC00000464,2025-03-09 19:11:00+00:00,2024-01-19 07:06:00+00:00,DEBIT,163.87,USD,6487,CP7154,ONLINE,REFHOYXLFGOHO,2024-06-27 00:13:00+00:00
TXN0000004016,ACC00000791,2026-03-04 05:36:00+00:00,2025-11-10 14:31:00+00:00,DEBIT,1178.64,GBP,1861,CP6341,POS,REFBMSJ9ISBBL,2024-08-31 03:43:00+00:00
TXN0000004017,ACC00000423,2024-12-21 07:14:00+00:00,2025-10-12 10:25:00+00:00,DEBIT,1058.08,EUR,9388,CP8473,BRANCH,REFHXHI06U090,2025-08-28 00:49:00+00:00
TXN0000004018,ACC00000622,2025-07-04 12:05:00+00:00,2025-08-12 22:44:00+00:00,CREDIT,799.17,USD,2168,CP5949,ATM,REF4AVA9XKYWA,2026-04-16 03:24:00+00:00
TXN0000004019,ACC00000708,2025-08-05 08:05:00+00:00,2024-01-15 00:44:00+00:00,DEBIT,1588.26,GBP,1129,CP3582,ONLINE,REFL0X0DAWHG2,2025-02-12 13:37:00+00:00
TXN0000004020,ACC00000612,2026-05-04 02:40:00+00:00,2024-01-06 22:06:00+00:00,DEBIT,43.35,GBP,8124,CP7022,ONLINE,REFCQJ7O1PMDO,2026-02-21 12:36:00+00:00
TXN0000004021,ACC00000480,2026-04-22 17:50:00+00:00,2025-11-02 18:40:00+00:00,CREDIT,243.4,USD,8167,CP1657,ATM,REFRH8GQ0D43S,2025-01-15 14:42:00+00:00
TXN0000004022,ACC00000245,2026-02-11 06:38:00+00:00,2026-02-08 23:05:00+00:00,CREDIT,701.31,GBP,8247,CP3622,POS,REFECGWFIFNU7,2025-02-21 08:36:00+00:00
TXN0000004023,ACC00000789,2025-11-24 00:53:00+00:00,2025-04-19 12:55:00+00:00,CREDIT,393.62,GBP,1864,CP8453,ONLINE,REFYUSEDMDV7B,2025-05-18 18:05:00+00:00
TXN0000004024,ACC00000385,2025-09-28 07:50:00+00:00,2024-12-16 06:52:00+00:00,CREDIT,525.27,GBP,5399,CP7727,ONLINE,REFV5VDEOUDIV,2025-10-26 00:51:00+00:00
TXN0000004025,ACC00000563,2026-03-24 09:08:00+00:00,2026-02-14 05:18:00+00:00,DEBIT,228.94,USD,3118,CP5550,ONLINE,REFQNYHDBL0H3,2026-01-09 04:22:00+00:00
TXN0000004026,ACC00000671,2024-10-14 20:40:00+00:00,2024-11-12 16:15:00+00:00,DEBIT,596.72,GBP,6882,CP9925,ONLINE,REFYV9SVLP8PX,2024-05-06 21:56:00+00:00
TXN0000004027,ACC00000084,2024-06-01 09:00:00+00:00,2024-09-20 06:50:00+00:00,DEBIT,1092.0,USD,8355,CP5766,ONLINE,REFDDUCM1EWLN,2024-01-01 11:24:00+00:00
TXN0000004028,ACC00000672,2025-01-22 13:43:00+00:00,2025-06-06 15:07:00+00:00,CREDIT,428.37,GBP,1302,CP8664,ONLINE,REFD7HOQYQYYH,2024-08-24 04:22:00+00:00
TXN0000004029,ACC00000545,2024-06-30 16:47:00+00:00,2025-01-16 02:20:00+00:00,CREDIT,285.04,GBP,4488,CP5824,POS,REF84DXEUZFL4,2024-10-19 23:42:00+00:00
TXN0000004030,ACC00000204,2024-07-11 08:26:00+00:00,2024-10-18 23:31:00+00:00,DEBIT,154.89,USD,6278,CP8408,POS,REFJXIDXIGPBK,2024-06-06 18:15:00+00:00
TXN0000004031,ACC00000187,2024-07-14 06:51:00+00:00,2024-11-07 13:39:00+00:00,DEBIT,874.88,GBP,5566,CP3807,ATM,REFFXD09WUAU2,2024-07-09 10:37:00+00:00
TXN0000004032,ACC00000649,2024-11-03 21:33:00+00:00,2024-04-28 03:29:00+00:00,DEBIT,987.39,GBP,1754,,ONLINE,REFZ73APMRASJ,2024-10-10 11:49:00+00:00
TXN0000004033,ACC00000690,2025-07-05 19:14:00+00:00,2025-10-03 01:57:00+00:00,DEBIT,349.75,USD,7346,CP9034,ONLINE,REFYXNBWXWBTF,2024-12-29 02:48:00+00:00
TXN0000004034,ACC00000790,2024-08-31 08:13:00+00:00,2026-01-02 22:35:00+00:00,DEBIT,520.01,GBP,5437,CP9383,ATM,REFJDMLWV7QNL,2024-07-17 02:00:00+00:00
TXN0000004035,ACC00000433,2025-04-28 11:06:00+00:00,2025-04-08 00:08:00+00:00,DEBIT,1777.0,EUR,3452,CP3608,POS,REFORTM1FERVR,2026-01-09 21:34:00+00:00
TXN0000004036,ACC00000771,2026-01-25 16:24:00+00:00,2025-05-09 04:34:00+00:00,DEBIT,1565.69,GBP,9654,CP9556,ATM,REF22O4KP8KH5,2024-10-20 11:31:00+00:00
TXN0000004037,ACC00000569,2025-03-22 19:16:00+00:00,2024-07-09 01:54:00+00:00,CREDIT,252.19,EUR,3600,,POS,REFB66IVH23I3,2024-08-02 04:36:00+00:00
TXN0000004038,ACC00000141,2026-01-19 01:32:00+00:00,2024-09-17 01:02:00+00:00,CREDIT,2475.44,USD,4640,CP5324,POS,REFNYDQTIXN9I,2025-02-27 04:53:00+00:00
TXN0000004039,ACC00000106,2025-03-21 11:51:00+00:00,2025-09-30 07:42:00+00:00,CREDIT,1231.14,USD,6896,CP1757,ATM,REF18LH2KMSP5,2026-02-28 10:04:00+00:00
TXN0000004040,ACC00000163,2024-10-21 05:18:00+00:00,2026-01-20 23:33:00+00:00,CREDIT,1613.82,USD,9205,CP7873,ATM,REFKW9U47XG19,2025-11-14 01:50:00+00:00
TXN0000004041,ACC00000446,2024-09-12 23:35:00+00:00,2024-01-10 17:59:00+00:00,DEBIT,1293.91,USD,5585,CP4724,ONLINE,REFN7EBYY86NZ,2025-11-04 17:40:00+00:00
TXN0000004042,ACC00000182,2024-06-29 12:39:00+00:00,2026-01-14 06:18:00+00:00,DEBIT,692.1,EUR,9729,CP6129,POS,REFB1FU8A5W5N,2026-03-04 23:27:00+00:00
TXN0000004043,ACC00000360,2024-05-16 17:21:00+00:00,2025-10-04 22:36:00+00:00,CREDIT,240.97,GBP,9236,CP9069,POS,REFJLM0T2QUSV,2025-01-21 03:52:00+00:00
TXN0000004044,ACC00000418,2024-12-17 00:28:00+00:00,2025-10-18 03:11:00+00:00,DEBIT,1623.6,USD,8950,CP6528,ONLINE,REF9UGVYBQSJZ,2024-05-09 02:08:00+00:00
TXN0000004045,ACC00000191,2024-10-02 06:21:00+00:00,2026-05-07 06:10:00+00:00,DEBIT,1248.28,USD,7527,CP8786,POS,REFKGULBGTUJS,2025-10-17 20:41:00+00:00
TXN0000004046,ACC00000634,2026-04-20 00:36:00+00:00,2024-04-25 12:42:00+00:00,DEBIT,156.01,USD,2289,CP9109,ONLINE,REF8O3P5UMKUA,2024-02-21 18:25:00+00:00
TXN0000004047,ACC00000121,2024-12-21 05:48:00+00:00,2025-11-28 00:01:00+00:00,DEBIT,864.27,USD,9810,CP4160,ATM,REFAWAW62VGEW,2025-04-20 13:52:00+00:00
TXN0000004048,ACC00000091,2025-07-26 20:57:00+00:00,2025-01-18 19:55:00+00:00,DEBIT,689.64,USD,7859,CP1777,ONLINE,REFB5XV5SIOQ4,2024-08-08 04:13:00+00:00
TXN0000004049,ACC00000517,2025-06-19 19:23:00+00:00,2025-12-28 06:11:00+00:00,DEBIT,841.22,GBP,5629,CP1802,ONLINE,REFYGARFP7EES,2026-01-18 00:46:00+00:00
TXN0000004050,ACC00000440,2025-09-15 08:56:00+00:00,2024-09-28 22:04:00+00:00,DEBIT,251.87,GBP,9493,CP5398,POS,REFPKYA2I37FJ,2024-10-04 23:37:00+00:00
TXN0000004051,ACC00000025,2025-05-06 20:55:00+00:00,2025-07-13 07:08:00+00:00,DEBIT,350.36,EUR,5627,CP1798,ONLINE,REF72KPT65MAY,2025-08-07 09:02:00+00:00
TXN0000004052,ACC00000736,2024-01-09 07:36:00+00:00,2025-11-30 23:48:00+00:00,CREDIT,156.92,USD,2242,CP8959,ONLINE,REFQ4S3G4I7D3,2025-10-26 17:36:00+00:00
TXN0000004053,ACC00000126,2025-03-13 19:55:00+00:00,2024-12-24 05:45:00+00:00,CREDIT,1560.21,GBP,3879,CP1290,ATM,REFYW5CUEYP52,2025-04-11 19:56:00+00:00
TXN0000004054,ACC00000706,2025-03-08 09:20:00+00:00,2025-04-06 12:10:00+00:00,CREDIT,1154.67,GBP,2318,CP2508,POS,REFOGX2CGLR9R,2025-05-21 14:17:00+00:00
TXN0000004055,ACC00000169,2024-08-02 10:38:00+00:00,2025-01-04 04:41:00+00:00,CREDIT,468.33,GBP,3434,CP2457,ATM,REFS1T4P36YV7,2025-04-15 21:31:00+00:00
TXN0000004056,ACC00000138,2024-04-08 15:25:00+00:00,2024-02-13 05:05:00+00:00,DEBIT,463.1,GBP,4897,CP4196,ONLINE,REFHTFT5BLEOI,2025-11-22 00:39:00+00:00
TXN0000004057,ACC00000694,2024-12-02 01:16:00+00:00,2024-08-13 03:06:00+00:00,DEBIT,1656.85,USD,5615,CP9234,ATM,REF2OFUNLLCRZ,2025-02-28 03:14:00+00:00
TXN0000004058,ACC00000740,2025-04-13 03:51:00+00:00,2025-03-23 14:36:00+00:00,CREDIT,994.42,GBP,7219,CP2021,BRANCH,REF5FJ0ENSIL0,2026-02-01 03:26:00+00:00
TXN0000004059,ACC00000570,2025-07-16 16:12:00+00:00,2024-12-20 23:18:00+00:00,CREDIT,737.04,GBP,1572,CP6551,ONLINE,REFRTGYJVKJCL,2025-06-01 02:35:00+00:00
TXN0000004060,ACC00000446,2024-01-05 01:48:00+00:00,2024-06-18 16:57:00+00:00,DEBIT,1711.58,USD,6737,CP1160,ATM,REFGRP1OKP92A,2025-11-10 07:10:00+00:00
TXN0000004061,ACC00000170,2025-08-29 18:21:00+00:00,2026-02-01 06:10:00+00:00,DEBIT,1132.51,EUR,4346,CP8033,ONLINE,REFRWKUWGYIZ0,2026-02-18 13:54:00+00:00
TXN0000004062,ACC00000117,2024-10-07 04:35:00+00:00,2025-01-30 15:43:00+00:00,DEBIT,1113.42,GBP,9187,CP8954,ATM,REF7VVQIMAY97,2025-02-01 18:39:00+00:00
TXN0000004063,ACC00000036,2025-06-04 14:13:00+00:00,2024-01-28 03:47:00+00:00,CREDIT,831.84,GBP,1693,CP3022,POS,REFDT6V9N3SDS,2024-12-27 20:22:00+00:00
TXN0000004064,ACC00000094,2024-10-08 09:47:00+00:00,2026-02-14 02:25:00+00:00,DEBIT,145.32,GBP,7420,,POS,REFKE6C8EGHNN,2025-01-30 20:19:00+00:00
TXN0000004065,ACC00000149,2026-01-17 19:41:00+00:00,2025-04-01 16:07:00+00:00,DEBIT,1098.9,USD,3395,CP9757,BRANCH,REF4KH4TEGDSK,2025-09-03 20:36:00+00:00
TXN0000004066,ACC00000141,2025-02-15 21:24:00+00:00,2024-04-25 13:59:00+00:00,DEBIT,2231.24,EUR,8599,CP5517,ATM,REF82U33FNSGX,2025-04-03 01:08:00+00:00
TXN0000004067,ACC00000002,2025-06-12 13:27:00+00:00,2025-04-24 23:34:00+00:00,CREDIT,517.07,GBP,3346,CP1882,POS,REFLQYZ4A92QK,2024-07-12 21:34:00+00:00
TXN0000004068,ACC00000051,2025-04-05 18:34:00+00:00,2025-02-25 23:08:00+00:00,DEBIT,909.89,USD,4699,CP8372,ONLINE,REFEW1X3FZVCY,2026-04-28 13:44:00+00:00
TXN0000004069,ACC00000418,2025-09-17 18:16:00+00:00,2025-09-04 00:11:00+00:00,DEBIT,890.33,USD,6473,CP7248,ATM,REFCJTFSBMHOG,2024-12-23 07:29:00+00:00
TXN0000004070,ACC00000370,2025-04-12 00:26:00+00:00,2024-11-23 03:21:00+00:00,CREDIT,1430.08,GBP,3281,CP8092,POS,REFR9HP0TU7X7,2024-05-15 21:09:00+00:00
TXN0000004071,ACC00000304,2025-12-18 03:29:00+00:00,2024-07-12 16:25:00+00:00,DEBIT,889.2,GBP,7411,CP1539,POS,REFFV5DJRQWW9,2024-03-07 17:18:00+00:00
TXN0000004072,ACC00000037,2025-12-18 20:01:00+00:00,2024-09-19 05:27:00+00:00,DEBIT,1341.42,GBP,5429,CP7911,ONLINE,REF0OAZKH1XT8,2024-11-25 17:24:00+00:00
TXN0000004073,ACC00000024,2025-03-19 18:03:00+00:00,2025-03-29 07:49:00+00:00,CREDIT,837.22,GBP,4436,CP7537,ONLINE,REFWCTRJHKD8N,2024-07-19 18:18:00+00:00
TXN0000004074,ACC00000674,2024-03-28 08:39:00+00:00,2024-01-17 05:10:00+00:00,DEBIT,1386.69,GBP,7251,CP3168,ATM,REFCPLN7BJ2X2,2024-11-17 09:56:00+00:00
TXN0000004075,ACC00000478,2025-03-26 02:05:00+00:00,2024-02-11 19:36:00+00:00,DEBIT,981.69,GBP,2460,CP6230,ONLINE,REF5M5K9QSUUS,2024-07-10 18:33:00+00:00
TXN0000004076,ACC00000695,2024-01-27 06:51:00+00:00,2024-11-02 02:30:00+00:00,CREDIT,847.39,GBP,2816,CP5097,POS,REFNM43IJ0WQ3,2025-11-28 12:22:00+00:00
TXN0000004077,ACC00000736,2025-06-20 08:50:00+00:00,2025-12-03 10:13:00+00:00,CREDIT,168.33,GBP,5026,CP4226,ONLINE,REFFPV54EF1JM,2025-06-16 12:27:00+00:00
TXN0000004078,ACC00000542,2026-01-03 14:06:00+00:00,2025-10-18 00:18:00+00:00,DEBIT,2151.11,GBP,9491,CP5465,ONLINE,REFQFFL9X2MF0,2025-04-09 12:32:00+00:00
TXN0000004079,ACC00000572,2024-12-10 12:30:00+00:00,2025-11-20 00:23:00+00:00,DEBIT,929.76,GBP,9744,CP2059,ONLINE,REFF20380FAVP,2025-04-01 19:31:00+00:00
TXN0000004080,ACC00000098,2026-04-29 11:26:00+00:00,2026-03-21 06:04:00+00:00,CREDIT,1346.28,USD,8769,CP2954,ONLINE,REFL4RWI6F5HW,2024-10-30 18:56:00+00:00
TXN0000004081,ACC00000439,2025-03-18 23:20:00+00:00,2025-09-14 16:17:00+00:00,DEBIT,499.87,GBP,1946,CP4859,ONLINE,REFD7VUOPJWU7,2025-02-19 10:23:00+00:00
TXN0000004082,ACC00000655,2024-01-01 20:21:00+00:00,2026-03-09 02:03:00+00:00,DEBIT,126.16,GBP,6248,CP8184,ONLINE,REF7HR9ESZFSE,2025-12-29 14:27:00+00:00
TXN0000004083,ACC00000152,2024-03-19 17:46:00+00:00,2025-11-11 10:01:00+00:00,DEBIT,283.5,GBP,8688,CP9660,ATM,REFAGJ84EZ1D5,2025-11-11 11:21:00+00:00
TXN0000004084,ACC00000307,2025-06-01 13:01:00+00:00,2025-04-03 10:50:00+00:00,DEBIT,336.91,USD,2681,CP1974,ONLINE,REFE5A65RX590,2025-12-10 16:06:00+00:00
TXN0000004085,ACC00000075,2025-12-03 03:24:00+00:00,2024-11-23 00:33:00+00:00,DEBIT,1452.35,USD,8085,CP1102,ATM,REF5HA7VTD7N1,2024-12-02 02:52:00+00:00
TXN0000004086,ACC00000050,2025-05-18 21:18:00+00:00,2024-09-22 16:20:00+00:00,DEBIT,388.21,EUR,3649,CP6588,ONLINE,REFK7RTINXTRF,2026-04-27 18:46:00+00:00
TXN0000004087,ACC00000580,2024-09-24 18:56:00+00:00,2024-06-16 17:18:00+00:00,CREDIT,1794.84,GBP,9305,CP6667,ONLINE,REFK7GWLWVG73,2025-03-19 03:13:00+00:00
TXN0000004088,ACC00000719,2026-01-10 21:11:00+00:00,2025-02-26 15:28:00+00:00,DEBIT,465.83,USD,5590,,ONLINE,REF6DIMUD48OH,2024-06-09 09:40:00+00:00
TXN0000004089,ACC00000232,2024-07-28 09:44:00+00:00,2024-03-04 07:50:00+00:00,DEBIT,523.75,GBP,9150,CP4361,ONLINE,REF9DQ52TWRQW,2026-03-07 23:49:00+00:00
TXN0000004090,ACC00000256,2024-07-31 11:39:00+00:00,2025-05-23 16:16:00+00:00,CREDIT,369.7,EUR,7123,CP8779,POS,REFKDC1KQNJ8A,2024-09-02 22:35:00+00:00
TXN0000004091,ACC00000196,2025-10-17 13:36:00+00:00,2025-03-22 14:39:00+00:00,DEBIT,404.65,GBP,5953,CP4390,ATM,REFKCEL35Y5Y1,2025-01-15 07:22:00+00:00
TXN0000004092,ACC00000755,2025-06-13 10:01:00+00:00,2025-05-18 01:46:00+00:00,CREDIT,259.38,GBP,9253,CP2919,ONLINE,REF7EO5LMZVTH,2024-02-09 01:43:00+00:00
TXN0000004093,ACC00000472,2024-10-11 10:48:00+00:00,2024-01-08 17:41:00+00:00,DEBIT,799.58,USD,9075,CP6307,ATM,REFUWDHD8MLAF,2024-11-23 09:17:00+00:00
TXN0000004094,ACC00000605,2024-01-18 20:21:00+00:00,2026-01-13 07:01:00+00:00,DEBIT,642.26,USD,1732,CP4171,POS,REFP5G0GQYPJR,2025-09-01 12:48:00+00:00
TXN0000004095,ACC00000629,2026-03-11 13:26:00+00:00,2025-10-28 14:25:00+00:00,DEBIT,418.05,GBP,1863,CP4508,POS,REFEPM59T5BRT,2025-10-12 23:49:00+00:00
TXN0000004096,ACC00000222,2025-12-25 18:50:00+00:00,2024-10-06 21:18:00+00:00,DEBIT,129.83,GBP,8055,CP7435,ONLINE,REFA67J5L3Q4T,2024-08-17 09:07:00+00:00
TXN0000004097,ACC00000627,2024-08-22 15:21:00+00:00,2026-04-30 01:21:00+00:00,DEBIT,201.83,USD,5177,CP4384,ONLINE,REFF6PAGABKNE,2025-05-15 09:58:00+00:00
TXN0000004098,ACC00000614,2024-11-14 01:08:00+00:00,2025-06-06 07:20:00+00:00,DEBIT,453.33,USD,7747,CP7764,POS,REFGJYD5EJEJO,2025-03-14 01:38:00+00:00
TXN0000004099,ACC00000441,2026-04-24 22:47:00+00:00,2024-12-01 22:57:00+00:00,CREDIT,275.25,USD,2931,,ATM,REF23839Z01PM,2025-12-06 14:25:00+00:00
TXN0000004100,ACC00000111,2024-09-27 05:50:00+00:00,2024-01-08 02:31:00+00:00,DEBIT,283.2,GBP,5373,CP1639,ONLINE,REFZPOK6VWEFJ,2025-12-22 12:12:00+00:00
TXN0000004101,ACC00000252,2025-07-28 13:04:00+00:00,2024-06-16 14:10:00+00:00,CREDIT,74.9,EUR,7149,CP1525,BRANCH,REFQBV8KAJ0IR,2024-02-16 05:22:00+00:00
TXN0000004102,ACC00000327,2025-04-27 22:34:00+00:00,2025-04-10 20:38:00+00:00,CREDIT,1257.86,EUR,5580,CP8697,ONLINE,REFL4YZ1IV9H5,2024-02-09 06:22:00+00:00
TXN0000004103,ACC00000786,2025-08-24 05:57:00+00:00,2025-03-29 07:59:00+00:00,DEBIT,579.52,GBP,9428,CP7481,POS,REFWY1ZPL7PSY,2026-02-01 17:25:00+00:00
TXN0000004104,ACC00000254,2024-12-05 14:07:00+00:00,2026-01-12 04:35:00+00:00,CREDIT,666.62,GBP,5010,CP9799,BRANCH,REFQ2VQTNHJ47,2025-10-12 13:07:00+00:00
TXN0000004105,ACC00000542,2024-11-03 01:54:00+00:00,2024-07-10 18:01:00+00:00,DEBIT,11.71,GBP,9397,,ONLINE,REF9J1ULV8ALO,2025-08-13 08:05:00+00:00
TXN0000004106,ACC00000079,2024-05-13 10:03:00+00:00,2024-04-30 22:35:00+00:00,CREDIT,493.81,EUR,6774,,POS,REFJU6B73L91P,2024-02-25 21:55:00+00:00
TXN0000004107,ACC00000003,2025-11-29 07:34:00+00:00,2024-08-29 04:00:00+00:00,DEBIT,84.71,GBP,7634,CP8245,ONLINE,REFQ3C4R1OBE0,2024-03-23 09:48:00+00:00
TXN0000004108,ACC00000587,2024-11-27 22:31:00+00:00,2025-01-04 03:05:00+00:00,CREDIT,2269.64,USD,1723,CP8353,POS,REFE9BGZMHPIO,2025-04-27 17:13:00+00:00
TXN0000004109,ACC00000796,2025-03-14 23:11:00+00:00,2026-02-08 05:04:00+00:00,DEBIT,1948.44,USD,3005,CP1231,ATM,REFGL5XV9CPY7,2024-06-02 22:11:00+00:00
TXN0000004110,ACC00000366,2026-02-12 12:55:00+00:00,2026-04-26 06:16:00+00:00,DEBIT,63.6,USD,8120,CP7299,ATM,REFQ586GN1HSE,2025-07-02 22:44:00+00:00
TXN0000004111,ACC00000602,2026-04-30 09:32:00+00:00,2024-01-29 13:57:00+00:00,DEBIT,273.02,GBP,7925,CP1357,BRANCH,REFRD876D73MP,2026-03-04 22:33:00+00:00
TXN0000004112,ACC00000733,2026-03-19 02:40:00+00:00,2024-07-19 12:34:00+00:00,DEBIT,733.69,USD,9242,,ONLINE,REF2JS5G1R3CY,2024-05-01 03:45:00+00:00
TXN0000004113,ACC00000003,2025-02-25 07:33:00+00:00,2024-02-01 02:56:00+00:00,DEBIT,1216.0,USD,6547,CP4874,ONLINE,REF43JVWT9T72,2025-06-06 04:27:00+00:00
TXN0000004114,ACC00000654,2025-10-24 09:36:00+00:00,2025-09-24 19:02:00+00:00,DEBIT,304.01,USD,7777,CP5563,POS,REFMT9GKS873P,2026-01-08 07:17:00+00:00
TXN0000004115,ACC00000224,2024-09-07 23:26:00+00:00,2025-01-07 00:11:00+00:00,DEBIT,1064.39,GBP,8446,CP4082,ONLINE,REFZ181AVCG21,2024-07-22 13:12:00+00:00
TXN0000004116,ACC00000264,2025-07-26 01:42:00+00:00,2024-11-06 01:25:00+00:00,CREDIT,895.71,GBP,8200,CP5395,POS,REFFOGSPEGRM2,2025-09-27 07:49:00+00:00
TXN0000004117,ACC00000594,2025-01-29 06:20:00+00:00,2024-11-18 02:04:00+00:00,DEBIT,1022.16,GBP,9629,CP2106,ONLINE,REF17W7C969OC,2025-02-26 10:55:00+00:00
TXN0000004118,ACC00000304,2025-06-08 11:14:00+00:00,2025-11-21 15:40:00+00:00,CREDIT,414.46,GBP,6454,CP7369,POS,REF3KF5PDDW2Q,2025-07-02 18:33:00+00:00
TXN0000004119,ACC00000668,2024-01-20 23:53:00+00:00,2025-12-31 08:54:00+00:00,DEBIT,1047.59,GBP,4781,,POS,REFUPUUDJU63O,2026-04-27 01:16:00+00:00
TXN0000004120,ACC00000266,2024-03-27 00:49:00+00:00,2025-05-01 02:46:00+00:00,CREDIT,45.82,GBP,3246,CP4059,ONLINE,REF9LQHF2S5S6,2024-08-22 14:14:00+00:00
TXN0000004121,ACC00000723,2024-03-22 04:28:00+00:00,2024-03-31 14:03:00+00:00,DEBIT,22.23,USD,6028,CP8187,BRANCH,REF4QEQI27XE4,2025-01-21 14:56:00+00:00
TXN0000004122,ACC00000037,2025-07-16 18:24:00+00:00,2025-11-15 12:17:00+00:00,DEBIT,1368.63,GBP,8381,CP3492,BRANCH,REF6BLJWHB2JS,2025-08-16 02:33:00+00:00
TXN0000004123,ACC00000347,2025-09-07 10:05:00+00:00,2025-07-07 11:51:00+00:00,CREDIT,562.17,USD,6506,CP3832,ONLINE,REF1J1VCCWHLX,2025-12-27 22:06:00+00:00
TXN0000004124,ACC00000718,2026-04-05 19:41:00+00:00,2025-03-26 18:27:00+00:00,DEBIT,202.08,GBP,4528,CP6315,POS,REFKG9XRED32X,2024-04-13 01:59:00+00:00
TXN0000004125,ACC00000312,2024-08-01 00:48:00+00:00,2025-06-06 17:25:00+00:00,DEBIT,620.62,GBP,4427,CP6458,ONLINE,REFE97YT6JBA8,2024-01-30 03:50:00+00:00
TXN0000004126,ACC00000215,2024-10-28 20:58:00+00:00,2024-07-18 20:42:00+00:00,DEBIT,30.9,GBP,1675,CP5991,POS,REFEN4AO8E3LJ,2026-01-20 10:45:00+00:00
TXN0000004127,ACC00000060,2025-05-30 11:09:00+00:00,2024-04-01 05:57:00+00:00,CREDIT,35.27,USD,4718,CP2758,BRANCH,REFE00K27JN4A,2025-10-22 16:17:00+00:00
TXN0000004128,ACC00000724,2025-12-26 15:29:00+00:00,2026-03-15 08:53:00+00:00,CREDIT,776.23,GBP,7401,CP5274,ATM,REFF0QQO9A9KF,2025-12-18 16:33:00+00:00
TXN0000004129,ACC00000315,2024-12-24 16:24:00+00:00,2024-02-27 14:47:00+00:00,DEBIT,320.95,GBP,2242,CP1712,BRANCH,REFKMZO990UCY,2024-11-07 15:29:00+00:00
TXN0000004130,ACC00000297,2026-02-16 15:03:00+00:00,2025-11-07 19:01:00+00:00,CREDIT,897.01,GBP,4416,CP1625,POS,REFK3G9OQU8CF,2026-03-24 18:57:00+00:00
TXN0000004131,ACC00000695,2024-08-09 12:20:00+00:00,2024-11-11 20:19:00+00:00,DEBIT,83.05,GBP,3062,CP1410,POS,REFJE8CCICWWJ,2025-02-25 05:55:00+00:00
TXN0000004132,ACC00000568,2025-02-28 04:03:00+00:00,2025-07-10 21:05:00+00:00,CREDIT,542.29,GBP,7194,CP4816,ATM,REFFT73ZGDV44,2026-02-15 19:25:00+00:00
TXN0000004133,ACC00000564,2024-07-17 23:27:00+00:00,2024-09-09 17:42:00+00:00,DEBIT,285.79,USD,1353,CP2443,ONLINE,REFCM63Z4SE4N,2025-08-13 00:24:00+00:00
TXN0000004134,ACC00000714,2024-08-08 08:19:00+00:00,2025-06-17 03:36:00+00:00,DEBIT,1089.34,GBP,5061,CP7237,POS,REFXZL364VJAO,2025-07-16 10:33:00+00:00
TXN0000004135,ACC00000755,2025-11-27 09:13:00+00:00,2024-03-04 03:06:00+00:00,DEBIT,1304.86,GBP,9876,CP2280,ONLINE,REFT4S8OC70YP,2025-04-14 20:35:00+00:00
TXN0000004136,ACC00000790,2025-10-05 19:16:00+00:00,2026-02-10 08:52:00+00:00,CREDIT,220.03,GBP,7505,CP4575,POS,REFIFOLM1V7NX,2025-02-10 02:50:00+00:00
TXN0000004137,ACC00000002,2025-02-16 16:49:00+00:00,2024-12-09 22:26:00+00:00,CREDIT,1.66,GBP,2829,CP4238,ATM,REFRMSNINW8AZ,2025-06-29 21:43:00+00:00
TXN0000004138,ACC00000358,2025-09-04 12:47:00+00:00,2025-05-26 22:25:00+00:00,CREDIT,406.44,USD,7080,CP4288,POS,REF1XUPWHZZA6,2026-01-01 02:59:00+00:00
TXN0000004139,ACC00000260,2026-01-26 22:15:00+00:00,2025-04-20 14:26:00+00:00,DEBIT,942.69,GBP,8182,CP3827,ONLINE,REFQEAN4RSRZR,2024-12-17 09:59:00+00:00
TXN0000004140,ACC00000320,2024-08-26 03:34:00+00:00,2024-03-13 18:55:00+00:00,DEBIT,674.37,GBP,5675,CP5403,ONLINE,REF8YHWAJGP51,2025-01-25 07:45:00+00:00
TXN0000004141,ACC00000655,2024-03-14 21:09:00+00:00,2024-12-12 04:17:00+00:00,DEBIT,1359.21,USD,3170,CP4094,POS,REFCLC0E58DBV,2024-05-25 19:12:00+00:00
TXN0000004142,ACC00000734,2024-07-19 07:23:00+00:00,2025-08-01 12:47:00+00:00,CREDIT,200.67,GBP,4101,CP7328,ATM,REFKFZYRJ33ES,2024-06-25 10:33:00+00:00
TXN0000004143,ACC00000216,2025-03-26 21:26:00+00:00,2024-01-30 03:30:00+00:00,DEBIT,49.82,GBP,7438,CP5372,ONLINE,REFR0CIZZBV6X,2026-04-13 21:52:00+00:00
TXN0000004144,ACC00000495,2024-03-31 15:45:00+00:00,2024-02-09 18:09:00+00:00,CREDIT,195.66,GBP,9766,CP9367,ONLINE,REFA60AWBLBGP,2026-04-30 16:16:00+00:00
TXN0000004145,ACC00000034,2026-01-30 01:28:00+00:00,2026-03-20 03:28:00+00:00,DEBIT,825.86,GBP,4271,,POS,REFJIGG36Q6NM,2025-04-30 12:02:00+00:00
TXN0000004146,ACC00000493,2024-08-13 03:56:00+00:00,2025-03-08 09:21:00+00:00,DEBIT,1113.91,GBP,8363,CP5478,ONLINE,REFBU04A2XVLV,2025-05-15 18:40:00+00:00
TXN0000004147,ACC00000294,2025-04-02 09:17:00+00:00,2024-03-17 15:55:00+00:00,DEBIT,1407.17,GBP,9593,CP2571,POS,REFXXLXYU6BHD,2025-09-29 17:45:00+00:00
TXN0000004148,ACC00000450,2024-12-31 14:29:00+00:00,2025-04-22 01:08:00+00:00,CREDIT,1216.25,EUR,1140,CP3590,ONLINE,REFX3GCVR5JIX,2026-02-28 22:42:00+00:00
TXN0000004149,ACC00000156,2025-03-14 05:43:00+00:00,2024-06-05 21:13:00+00:00,DEBIT,413.12,GBP,4581,CP7719,POS,REF1EJSHSF2H3,2025-10-17 21:13:00+00:00
TXN0000004150,ACC00000336,2025-02-27 04:24:00+00:00,2025-07-22 00:16:00+00:00,DEBIT,59.68,USD,8407,CP6371,ONLINE,REFZTO2IENKH6,2025-03-31 09:49:00+00:00
TXN0000004151,ACC00000162,2024-09-07 12:28:00+00:00,2025-12-21 11:14:00+00:00,DEBIT,223.7,GBP,2303,CP2790,ONLINE,REFV7L2FLZSZ3,2026-04-04 11:36:00+00:00
TXN0000004152,ACC00000444,2025-07-05 10:44:00+00:00,2024-11-08 14:32:00+00:00,DEBIT,1168.6,GBP,8656,CP8640,POS,REFAJ5IZ1X7U0,2025-04-26 21:18:00+00:00
TXN0000004153,ACC00000303,2024-02-12 16:39:00+00:00,2024-06-15 14:29:00+00:00,CREDIT,836.55,GBP,2192,CP1298,ONLINE,REFPCZ8QJZCSU,2025-01-28 16:15:00+00:00
TXN0000004154,ACC00000581,2025-07-21 19:31:00+00:00,2025-11-03 04:20:00+00:00,DEBIT,578.68,USD,8099,CP5133,POS,REFPAC8OQH3N6,2024-09-08 07:48:00+00:00
TXN0000004155,ACC00000452,2026-04-13 15:16:00+00:00,2024-07-13 23:09:00+00:00,DEBIT,1096.84,GBP,6274,CP8190,POS,REFP68O8Y4U2Y,2025-01-27 17:49:00+00:00
TXN0000004156,ACC00000325,2026-03-13 15:49:00+00:00,2024-03-01 19:58:00+00:00,DEBIT,453.17,EUR,9817,CP1478,ONLINE,REFNBKIGMUYKQ,2025-11-21 05:32:00+00:00
TXN0000004157,ACC00000311,2025-01-18 19:17:00+00:00,2024-12-27 20:37:00+00:00,CREDIT,14.89,USD,9921,CP9891,ONLINE,REF4FT56SADLZ,2024-12-22 00:05:00+00:00
TXN0000004158,ACC00000368,2025-12-01 09:41:00+00:00,2025-10-21 22:11:00+00:00,DEBIT,2453.81,EUR,1349,CP2624,ONLINE,REFQPWIEIVM33,2024-01-22 01:20:00+00:00
TXN0000004159,ACC00000013,2024-09-02 09:53:00+00:00,2025-06-28 08:33:00+00:00,CREDIT,784.03,EUR,8472,CP8203,ONLINE,REFYCDSTWKVBX,2025-12-12 05:17:00+00:00
TXN0000004160,ACC00000188,2025-05-29 22:21:00+00:00,2025-07-31 17:30:00+00:00,CREDIT,171.06,GBP,5667,CP7437,ONLINE,REFXVFUKPTFO6,2025-04-27 09:04:00+00:00
TXN0000004161,ACC00000347,2024-05-21 18:22:00+00:00,2026-03-13 07:23:00+00:00,CREDIT,302.74,GBP,7606,,POS,REF868X49GIKH,2024-09-28 03:33:00+00:00
TXN0000004162,ACC00000445,2024-07-13 14:47:00+00:00,2025-12-26 16:31:00+00:00,CREDIT,702.6,GBP,2904,CP9699,POS,REFJWFN4B9IAA,2025-07-31 02:05:00+00:00
TXN0000004163,ACC00000719,2025-04-15 08:56:00+00:00,2024-06-27 14:10:00+00:00,CREDIT,905.68,GBP,3401,CP3423,ATM,REFAOBENJ8QKK,2025-04-30 17:43:00+00:00
TXN0000004164,ACC00000453,2026-04-25 00:48:00+00:00,2025-09-26 19:56:00+00:00,DEBIT,661.98,USD,1644,CP8174,ONLINE,REFC9G4MKB30S,2024-06-28 06:35:00+00:00
TXN0000004165,ACC00000378,2026-03-13 07:30:00+00:00,2024-07-13 06:40:00+00:00,DEBIT,830.73,GBP,5117,,ONLINE,REFCQQSOM7Z2J,2024-10-25 01:58:00+00:00
TXN0000004166,ACC00000797,2025-02-02 14:26:00+00:00,2026-01-12 10:44:00+00:00,DEBIT,43.93,GBP,7779,CP7713,POS,REF0ZA4PJ0RF1,2025-03-06 05:05:00+00:00
TXN0000004167,ACC00000529,2025-07-24 15:18:00+00:00,2025-04-28 21:40:00+00:00,DEBIT,890.21,GBP,6535,CP7431,BRANCH,REF649QWRFEG7,2025-12-01 19:13:00+00:00
TXN0000004168,ACC00000389,2024-01-26 08:55:00+00:00,2024-01-17 05:44:00+00:00,CREDIT,537.4,GBP,5955,CP1539,POS,REFUA2M8YZM09,2026-04-15 07:56:00+00:00
TXN0000004169,ACC00000492,2024-06-02 00:55:00+00:00,2024-09-18 00:57:00+00:00,CREDIT,1269.62,GBP,6350,CP1299,ATM,REFOP9KUAZ48J,2024-12-05 18:27:00+00:00
TXN0000004170,ACC00000292,2025-05-06 13:29:00+00:00,2026-04-15 19:15:00+00:00,DEBIT,838.29,USD,7190,CP1309,ATM,REFPVYXO8Z38O,2024-05-04 15:04:00+00:00
TXN0000004171,ACC00000297,2024-12-29 02:19:00+00:00,2025-08-12 16:25:00+00:00,CREDIT,754.41,GBP,6202,CP2854,BRANCH,REFT7PJZVQP3P,2024-12-28 06:50:00+00:00
TXN0000004172,ACC00000474,2025-09-03 14:22:00+00:00,2025-11-12 13:12:00+00:00,DEBIT,56.17,GBP,8112,CP8386,ATM,REFWPSWZO0IPG,2025-02-22 06:46:00+00:00
TXN0000004173,ACC00000145,2024-07-23 09:05:00+00:00,2026-01-01 19:51:00+00:00,CREDIT,321.33,GBP,7387,CP7904,POS,REFIK9UAC06XN,2026-05-07 20:50:00+00:00
TXN0000004174,ACC00000363,2024-03-18 10:48:00+00:00,2025-06-25 09:49:00+00:00,CREDIT,1376.72,GBP,4622,CP8289,ONLINE,REFVZESKAE3L1,2025-09-03 16:17:00+00:00
TXN0000004175,ACC00000063,2025-04-27 06:41:00+00:00,2025-01-28 09:34:00+00:00,DEBIT,692.83,USD,7315,,ATM,REFXTRBLWU74P,2025-08-01 04:23:00+00:00
TXN0000004176,ACC00000364,2026-03-06 06:03:00+00:00,2024-10-19 08:08:00+00:00,CREDIT,664.96,GBP,4436,CP7711,ONLINE,REFXMGNDU50UM,2024-05-24 04:06:00+00:00
TXN0000004177,ACC00000302,2025-09-28 18:03:00+00:00,2025-11-24 14:15:00+00:00,DEBIT,415.75,USD,7401,CP2344,BRANCH,REF81ND8A2LIT,2024-01-09 09:47:00+00:00
TXN0000004178,ACC00000555,2026-03-18 01:41:00+00:00,2025-08-22 17:14:00+00:00,CREDIT,1353.43,GBP,4195,CP7526,ONLINE,REFZ9II3KVOVP,2024-01-21 14:34:00+00:00
TXN0000004179,ACC00000190,2026-01-04 01:36:00+00:00,2024-11-22 23:48:00+00:00,DEBIT,315.64,USD,2857,,ATM,REFFE2ATFAMWL,2025-10-07 08:13:00+00:00
TXN0000004180,ACC00000018,2024-10-11 23:02:00+00:00,2025-02-06 21:22:00+00:00,DEBIT,1354.38,USD,4421,CP7745,ATM,REFV9NQHRKFOZ,2024-06-21 00:42:00+00:00
TXN0000004181,ACC00000070,2026-03-26 13:23:00+00:00,2024-05-14 22:15:00+00:00,CREDIT,471.66,GBP,3342,CP7753,ATM,REFIMF6ODSICX,2025-02-16 14:02:00+00:00
TXN0000004182,ACC00000346,2025-02-11 11:46:00+00:00,2025-09-09 02:35:00+00:00,DEBIT,380.43,GBP,3302,CP6682,POS,REFWKBMSZZGNG,2025-12-14 01:18:00+00:00
TXN0000004183,ACC00000562,2025-06-02 04:15:00+00:00,2026-01-20 17:26:00+00:00,CREDIT,2114.41,EUR,3883,,ATM,REF6IL2NM5MU3,2024-03-01 00:23:00+00:00
TXN0000004184,ACC00000791,2026-02-01 09:46:00+00:00,2025-11-08 14:25:00+00:00,CREDIT,809.04,GBP,4453,CP2088,ONLINE,REFVYR3FZKTC1,2024-05-11 21:53:00+00:00
TXN0000004185,ACC00000364,2024-09-26 10:15:00+00:00,2024-06-19 04:30:00+00:00,DEBIT,1663.22,USD,1952,CP3219,ONLINE,REF2JX2B8ELV3,2025-08-11 14:02:00+00:00
TXN0000004186,ACC00000771,2025-06-21 10:41:00+00:00,2024-09-11 10:55:00+00:00,CREDIT,673.29,GBP,5655,CP1481,BRANCH,REFPY3WNUP19W,2025-10-31 15:28:00+00:00
TXN0000004187,ACC00000418,2025-11-03 13:23:00+00:00,2024-08-19 07:54:00+00:00,DEBIT,679.75,GBP,3999,CP2789,POS,REF595LGPPEGT,2025-06-23 11:35:00+00:00
TXN0000004188,ACC00000448,2024-09-08 10:11:00+00:00,2024-11-15 00:24:00+00:00,CREDIT,1078.67,EUR,2586,CP5502,ONLINE,REF6WKR58EJ9X,2026-02-27 14:20:00+00:00
TXN0000004189,ACC00000699,2024-07-24 21:08:00+00:00,2025-10-07 05:03:00+00:00,DEBIT,244.77,EUR,1928,CP3492,ATM,REFD1PN58RKYX,2026-03-24 06:14:00+00:00
TXN0000004190,ACC00000305,2025-02-25 13:02:00+00:00,2024-04-16 13:27:00+00:00,DEBIT,186.76,GBP,4783,CP5790,ONLINE,REFKH01J9CDSI,2024-10-01 12:43:00+00:00
TXN0000004191,ACC00000243,2025-10-08 21:58:00+00:00,2024-07-18 07:17:00+00:00,DEBIT,1331.13,EUR,9062,CP7300,ATM,REFAXDJ0MJ3A6,2025-04-12 21:31:00+00:00
TXN0000004192,ACC00000063,2025-11-18 00:55:00+00:00,2026-03-09 01:07:00+00:00,DEBIT,140.54,EUR,9994,CP9543,ONLINE,REF5F44V1RO71,2025-12-08 01:19:00+00:00
TXN0000004193,ACC00000684,2024-02-07 08:29:00+00:00,2024-09-25 22:56:00+00:00,DEBIT,1300.28,GBP,4047,CP3004,BRANCH,REFENMBM6Y1YJ,2026-01-09 14:36:00+00:00
TXN0000004194,ACC00000609,2024-01-30 18:47:00+00:00,2024-05-16 02:23:00+00:00,CREDIT,545.02,USD,1502,CP9643,ONLINE,REFKZORTSOYOG,2026-03-13 23:32:00+00:00
TXN0000004195,ACC00000785,2024-03-21 02:03:00+00:00,2025-02-11 22:12:00+00:00,DEBIT,1637.44,USD,5951,,POS,REFWQI0OF4HJ0,2024-01-08 19:42:00+00:00
TXN0000004196,ACC00000458,2026-01-23 07:52:00+00:00,2024-09-18 22:21:00+00:00,CREDIT,20.77,GBP,9800,CP9841,ONLINE,REFS55FFR38WS,2025-06-22 07:42:00+00:00
TXN0000004197,ACC00000748,2024-11-11 18:48:00+00:00,2024-06-30 13:13:00+00:00,DEBIT,211.28,USD,8306,,ONLINE,REFUAAEX3KTGY,2025-03-02 23:35:00+00:00
TXN0000004198,ACC00000753,2025-11-12 11:52:00+00:00,2025-02-14 05:51:00+00:00,DEBIT,1459.37,GBP,4521,CP7163,ONLINE,REFVYUXISLZQ5,2025-11-15 18:08:00+00:00
TXN0000004199,ACC00000628,2025-03-07 02:05:00+00:00,2025-06-24 17:26:00+00:00,DEBIT,780.79,GBP,9165,CP6515,ATM,REF3NXBLGRHAX,2024-01-12 21:43:00+00:00
TXN0000004200,ACC00000289,2025-09-06 22:48:00+00:00,2024-07-05 06:12:00+00:00,CREDIT,1044.38,USD,1752,CP1639,ONLINE,REF4WKTHBIZ59,2025-09-09 14:15:00+00:00
TXN0000004201,ACC00000409,2025-09-04 16:36:00+00:00,2025-01-08 14:02:00+00:00,DEBIT,987.07,GBP,2515,CP3196,ONLINE,REFFGNMK8KI2R,2024-01-20 09:30:00+00:00
TXN0000004202,ACC00000778,2025-08-28 23:25:00+00:00,2024-10-17 08:17:00+00:00,CREDIT,759.29,USD,3857,CP8375,ONLINE,REFCD1MCC6K94,2025-01-29 08:29:00+00:00
TXN0000004203,ACC00000095,2026-05-03 10:05:00+00:00,2025-01-07 11:51:00+00:00,CREDIT,1367.81,EUR,4796,CP3245,ONLINE,REFJ2CQ0XN0Z3,2024-10-27 11:49:00+00:00
TXN0000004204,ACC00000390,2024-03-29 17:06:00+00:00,2026-01-03 03:47:00+00:00,DEBIT,584.33,GBP,4291,CP8317,ATM,REFIP8R6BOODW,2025-07-05 00:40:00+00:00
TXN0000004205,ACC00000233,2025-11-30 10:32:00+00:00,2025-10-30 09:13:00+00:00,CREDIT,106.71,GBP,6491,CP3037,ATM,REFZUUZUJHM8U,2024-07-26 07:20:00+00:00
TXN0000004206,ACC00000073,2024-08-08 23:28:00+00:00,2024-10-04 09:59:00+00:00,DEBIT,764.98,GBP,8329,CP2789,ATM,REFW5WWLQPX1K,2024-12-31 22:28:00+00:00
TXN0000004207,ACC00000599,2026-03-17 08:25:00+00:00,2024-05-30 02:04:00+00:00,DEBIT,129.58,GBP,4567,CP1666,ONLINE,REFK71PT3APQN,2024-08-21 14:13:00+00:00
TXN0000004208,ACC00000391,2025-03-12 02:19:00+00:00,2024-04-17 14:21:00+00:00,DEBIT,110.59,GBP,9098,CP6679,POS,REFRVEUHHCTKS,2024-07-07 14:59:00+00:00
TXN0000004209,ACC00000309,2026-01-17 09:30:00+00:00,2024-09-28 18:16:00+00:00,DEBIT,117.23,GBP,8719,CP9246,POS,REFKTNI23X27U,2026-02-09 08:59:00+00:00
TXN0000004210,ACC00000148,2025-04-04 13:59:00+00:00,2024-10-27 18:21:00+00:00,CREDIT,692.82,GBP,6685,CP4211,POS,REFCAQT0TR16J,2025-04-08 08:27:00+00:00
TXN0000004211,ACC00000060,2024-04-05 16:41:00+00:00,2025-05-04 20:18:00+00:00,DEBIT,879.85,GBP,1112,CP3759,ONLINE,REFNHB48OK1FQ,2026-04-22 03:11:00+00:00
TXN0000004212,ACC00000434,2026-02-21 20:26:00+00:00,2024-06-19 02:40:00+00:00,CREDIT,1459.39,EUR,2323,CP4447,ONLINE,REFCWOG1C979Y,2024-02-10 01:13:00+00:00
TXN0000004213,ACC00000638,2025-06-07 15:42:00+00:00,2025-07-21 17:45:00+00:00,DEBIT,1428.87,USD,3928,,POS,REFR1LGE5MCXH,2024-06-13 01:38:00+00:00
TXN0000004214,ACC00000516,2024-01-01 08:46:00+00:00,2024-11-02 05:54:00+00:00,DEBIT,426.89,EUR,3127,CP5938,BRANCH,REFWR7YHENMBL,2024-09-13 09:26:00+00:00
TXN0000004215,ACC00000116,2025-04-17 23:37:00+00:00,2025-10-02 09:24:00+00:00,DEBIT,1146.61,USD,3126,CP7947,ONLINE,REFE515R3ULIA,2025-04-20 16:39:00+00:00
TXN0000004216,ACC00000074,2025-02-25 12:42:00+00:00,2024-08-31 16:07:00+00:00,CREDIT,1117.56,USD,3535,,ATM,REF9LZ9ABLYRF,2024-12-22 01:03:00+00:00
TXN0000004217,ACC00000571,2025-10-28 12:35:00+00:00,2025-01-10 02:10:00+00:00,CREDIT,13.44,GBP,1394,CP9369,ONLINE,REFNZF475TGIY,2024-06-26 16:32:00+00:00
TXN0000004218,ACC00000323,2024-05-30 22:39:00+00:00,2025-10-01 03:07:00+00:00,DEBIT,65.82,GBP,2112,CP6531,POS,REFG9GKEKMDEQ,2024-02-07 06:12:00+00:00
TXN0000004219,ACC00000111,2024-01-17 23:23:00+00:00,2025-02-21 08:48:00+00:00,DEBIT,40.04,USD,4839,CP3097,POS,REFJWWN36PDNN,2026-04-22 08:20:00+00:00
TXN0000004220,ACC00000214,2025-12-30 04:23:00+00:00,2025-05-17 20:39:00+00:00,CREDIT,1578.15,GBP,4426,CP4869,ONLINE,REFEW4OP4D6XU,2024-10-29 19:07:00+00:00
TXN0000004221,ACC00000131,2025-02-17 10:38:00+00:00,2024-06-26 08:42:00+00:00,CREDIT,719.34,GBP,8273,CP6612,POS,REF8T63Z4V7FC,2025-03-20 09:10:00+00:00
TXN0000004222,ACC00000483,2025-08-23 11:01:00+00:00,2025-01-31 09:11:00+00:00,DEBIT,614.42,USD,1237,CP3721,POS,REFBC2RHX5J7W,2026-02-16 10:27:00+00:00
TXN0000004223,ACC00000383,2025-06-23 20:39:00+00:00,2025-08-23 19:56:00+00:00,DEBIT,747.93,USD,5682,CP4575,POS,REFDFP85L1G1D,2025-11-10 14:52:00+00:00
TXN0000004224,ACC00000410,2024-03-10 08:45:00+00:00,2025-05-28 14:11:00+00:00,CREDIT,757.9,USD,6260,CP2073,ONLINE,REF2GQZVZ10ZK,2024-07-11 13:00:00+00:00
TXN0000004225,ACC00000060,2024-06-17 22:14:00+00:00,2024-09-16 14:46:00+00:00,CREDIT,1451.51,GBP,8770,CP4034,ONLINE,REF2EDZUILQ8L,2024-03-25 06:23:00+00:00
TXN0000004226,ACC00000043,2025-12-09 07:00:00+00:00,2024-07-28 10:13:00+00:00,CREDIT,1711.42,EUR,5376,CP2299,ONLINE,REF02I7HJU27Z,2026-03-12 16:52:00+00:00
TXN0000004227,ACC00000566,2026-01-17 05:36:00+00:00,2025-10-29 19:39:00+00:00,CREDIT,1221.16,GBP,1115,,ONLINE,REFTNNG9PCADT,2024-08-27 12:44:00+00:00
TXN0000004228,ACC00000797,2025-12-22 05:31:00+00:00,2025-06-24 15:23:00+00:00,DEBIT,779.36,EUR,6273,CP6092,POS,REFYIVJL1ZFRW,2024-08-07 01:26:00+00:00
TXN0000004229,ACC00000708,2025-03-08 09:54:00+00:00,2026-02-22 20:36:00+00:00,DEBIT,1780.07,GBP,1808,CP8407,POS,REF7X5TEOA491,2025-11-03 00:16:00+00:00
TXN0000004230,ACC00000577,2024-01-18 10:17:00+00:00,2026-04-11 03:23:00+00:00,DEBIT,281.05,USD,8741,CP1139,POS,REF54JRDCORZO,2024-03-13 11:03:00+00:00
TXN0000004231,ACC00000294,2025-05-07 21:15:00+00:00,2024-09-02 00:03:00+00:00,DEBIT,1752.3,GBP,5861,CP9739,POS,REFGL8ZN4ZYK2,2026-03-30 01:58:00+00:00
TXN0000004232,ACC00000733,2025-09-30 17:27:00+00:00,2025-04-20 10:51:00+00:00,DEBIT,2060.89,GBP,2282,CP4730,ONLINE,REFPBCJURGZD2,2024-05-29 09:04:00+00:00
TXN0000004233,ACC00000085,2024-06-27 04:04:00+00:00,2024-05-02 08:23:00+00:00,DEBIT,208.26,GBP,2324,,ATM,REFPDIJQP9VVC,2024-08-30 11:58:00+00:00
TXN0000004234,ACC00000443,2024-09-16 01:22:00+00:00,2025-10-28 02:51:00+00:00,DEBIT,1260.53,GBP,4700,CP3849,POS,REFYJUGHLZZX0,2024-02-01 10:25:00+00:00
TXN0000004235,ACC00000545,2024-03-09 06:56:00+00:00,2025-06-25 07:54:00+00:00,DEBIT,692.57,USD,3546,,POS,REFTGW1Q96J2V,2025-11-28 19:07:00+00:00
TXN0000004236,ACC00000299,2024-03-31 17:24:00+00:00,2024-10-11 15:56:00+00:00,CREDIT,1641.42,EUR,9823,CP6146,ONLINE,REFF9AHANSIFB,2024-03-20 18:05:00+00:00
TXN0000004237,ACC00000667,2025-01-20 01:19:00+00:00,2025-08-05 05:58:00+00:00,DEBIT,963.67,EUR,3203,CP6604,POS,REF4GP65Q7O5Q,2024-09-03 12:00:00+00:00
TXN0000004238,ACC00000037,2025-05-11 09:28:00+00:00,2025-12-04 07:03:00+00:00,CREDIT,204.87,USD,4216,CP6078,POS,REF90PJTP84HV,2025-06-03 02:55:00+00:00
TXN0000004239,ACC00000349,2024-09-06 06:35:00+00:00,2024-12-13 14:52:00+00:00,CREDIT,877.2,GBP,7741,CP3734,ONLINE,REFVZ7WKUJURF,2026-04-30 21:09:00+00:00
TXN0000004240,ACC00000405,2025-08-27 02:16:00+00:00,2025-07-25 05:16:00+00:00,CREDIT,34.2,EUR,7922,CP5536,ONLINE,REFPOXMRWDKCV,2025-01-27 04:30:00+00:00
TXN0000004241,ACC00000003,2025-04-09 23:47:00+00:00,2024-11-28 23:12:00+00:00,DEBIT,543.22,GBP,6114,CP2254,POS,REFCX9N6SFQKS,2024-08-14 20:43:00+00:00
TXN0000004242,ACC00000463,2025-05-27 10:10:00+00:00,2024-03-19 00:46:00+00:00,DEBIT,886.98,GBP,4924,CP4424,ONLINE,REF2ZN6FY2FBL,2024-01-21 02:25:00+00:00
TXN0000004243,ACC00000102,2024-09-24 14:19:00+00:00,2025-05-30 02:08:00+00:00,CREDIT,2047.17,USD,9946,CP9550,POS,REFO77K9LHQ8C,2025-02-26 21:48:00+00:00
TXN0000004244,ACC00000696,2024-11-05 04:00:00+00:00,2024-09-14 12:19:00+00:00,DEBIT,700.27,USD,3421,CP5429,ONLINE,REFRN91S4O312,2025-04-21 07:33:00+00:00
TXN0000004245,ACC00000398,2024-07-11 10:38:00+00:00,2024-09-01 23:30:00+00:00,DEBIT,241.95,USD,8088,CP1054,ONLINE,REF1A2WBZFZJW,2025-11-05 05:08:00+00:00
TXN0000004246,ACC00000001,2024-09-25 09:06:00+00:00,2025-07-01 20:43:00+00:00,CREDIT,841.3,USD,4674,CP2313,ONLINE,REFOMR2DEZ81F,2026-04-06 11:47:00+00:00
TXN0000004247,ACC00000460,2024-01-18 23:55:00+00:00,2026-04-25 12:10:00+00:00,CREDIT,1569.93,GBP,2434,CP9642,ONLINE,REFBNH3IILX2N,2025-10-02 06:01:00+00:00
TXN0000004248,ACC00000751,2025-11-19 05:58:00+00:00,2024-11-11 06:47:00+00:00,DEBIT,751.41,GBP,4908,CP5605,POS,REFHG0QFNU5KU,2025-01-14 11:20:00+00:00
TXN0000004249,ACC00000040,2026-01-09 07:50:00+00:00,2024-02-18 20:04:00+00:00,DEBIT,685.68,GBP,9991,CP4553,ONLINE,REFF8TAEXIBB6,2024-05-28 17:19:00+00:00
TXN0000004250,ACC00000506,2025-05-31 15:41:00+00:00,2024-10-02 20:26:00+00:00,CREDIT,713.32,USD,1227,,ONLINE,REFU2CX4AWCKJ,2024-02-21 10:40:00+00:00
TXN0000004251,ACC00000176,2024-08-19 11:05:00+00:00,2024-01-14 13:26:00+00:00,CREDIT,1200.94,USD,1315,,POS,REF7IPJU60WRL,2025-07-15 09:03:00+00:00
TXN0000004252,ACC00000564,2025-07-04 23:43:00+00:00,2026-01-24 23:37:00+00:00,CREDIT,62.65,USD,4573,CP2660,ATM,REF56SQKLS6DR,2024-10-18 15:12:00+00:00
TXN0000004253,ACC00000274,2025-12-17 13:26:00+00:00,2025-02-02 03:46:00+00:00,DEBIT,422.02,USD,5091,CP8963,ONLINE,REFJ22SCHA50G,2025-05-01 07:57:00+00:00
TXN0000004254,ACC00000221,2024-11-13 15:30:00+00:00,2024-01-28 12:51:00+00:00,CREDIT,578.03,GBP,4239,,ONLINE,REF78A03W5EP7,2024-03-18 14:41:00+00:00
TXN0000004255,ACC00000043,2024-11-05 03:13:00+00:00,2025-09-01 20:26:00+00:00,DEBIT,2527.44,USD,4853,CP9914,POS,REFN2HKIEIX6G,2025-03-22 00:15:00+00:00
TXN0000004256,ACC00000138,2024-04-02 06:58:00+00:00,2024-09-05 23:28:00+00:00,CREDIT,2220.73,GBP,8105,CP3421,ONLINE,REFC16FXZSG72,2026-03-27 20:54:00+00:00
TXN0000004257,ACC00000662,2025-01-10 02:32:00+00:00,2024-11-12 19:06:00+00:00,DEBIT,869.96,GBP,8470,CP1915,BRANCH,REFS8KH0VRKN2,2025-03-18 09:33:00+00:00
TXN0000004258,ACC00000223,2025-11-21 06:00:00+00:00,2026-04-11 04:51:00+00:00,DEBIT,486.74,GBP,4255,,ONLINE,REFSKLS04QLEJ,2026-03-16 03:07:00+00:00
TXN0000004259,ACC00000692,2024-05-24 11:32:00+00:00,2026-03-25 02:33:00+00:00,CREDIT,1633.48,GBP,7628,CP9352,ONLINE,REFDR6LWISO95,2024-04-21 17:45:00+00:00
TXN0000004260,ACC00000794,2025-01-17 06:17:00+00:00,2025-05-17 19:44:00+00:00,DEBIT,350.83,USD,2149,CP2438,ONLINE,REF35I5XGHM6K,2024-01-13 07:02:00+00:00
TXN0000004261,ACC00000403,2025-03-04 10:34:00+00:00,2025-10-05 01:24:00+00:00,DEBIT,1189.94,EUR,5901,CP9858,BRANCH,REF8CRXRHL0IC,2024-12-15 16:01:00+00:00
TXN0000004262,ACC00000736,2026-04-14 02:22:00+00:00,2024-12-12 00:27:00+00:00,DEBIT,1129.42,EUR,2023,CP8607,POS,REF22TDKH2JI7,2024-06-05 06:37:00+00:00
TXN0000004263,ACC00000489,2024-08-03 19:59:00+00:00,2024-03-20 08:28:00+00:00,CREDIT,843.29,GBP,5650,CP3814,POS,REF2MBDT4GFUN,2025-10-06 22:40:00+00:00
TXN0000004264,ACC00000710,2025-06-23 17:23:00+00:00,2024-03-26 11:37:00+00:00,DEBIT,259.11,GBP,9174,CP2715,ONLINE,REFQLOVOA4IYM,2024-06-30 06:23:00+00:00
TXN0000004265,ACC00000709,2025-10-15 05:44:00+00:00,2024-01-10 03:06:00+00:00,DEBIT,1035.31,USD,7783,CP8597,POS,REFPLYDK4IOI0,2026-01-05 12:01:00+00:00
TXN0000004266,ACC00000224,2024-05-01 15:35:00+00:00,2024-06-17 10:00:00+00:00,DEBIT,380.81,USD,2254,CP1524,BRANCH,REFG5TLXGKYA1,2024-07-17 10:49:00+00:00
TXN0000004267,ACC00000047,2025-09-08 10:21:00+00:00,2024-05-22 23:12:00+00:00,CREDIT,204.85,GBP,5727,CP3462,POS,REF64I9EBFRD1,2025-02-25 16:59:00+00:00
TXN0000004268,ACC00000389,2025-09-29 19:03:00+00:00,2024-03-24 13:02:00+00:00,CREDIT,523.4,GBP,6976,,ONLINE,REFPT8M7WUCR1,2024-06-11 11:21:00+00:00
TXN0000004269,ACC00000522,2026-04-08 18:33:00+00:00,2024-01-02 08:48:00+00:00,DEBIT,729.34,GBP,7891,CP1303,POS,REFZ7XLX0AN96,2025-08-09 03:45:00+00:00
TXN0000004270,ACC00000730,2024-11-06 22:56:00+00:00,2024-02-23 05:58:00+00:00,DEBIT,1826.57,GBP,2429,CP6737,ONLINE,REFAY3YPJA15X,2025-06-09 18:34:00+00:00
TXN0000004271,ACC00000414,2025-11-24 02:58:00+00:00,2025-05-07 05:35:00+00:00,DEBIT,88.83,GBP,6235,CP6476,POS,REFSNQBNF996N,2024-12-15 07:38:00+00:00
TXN0000004272,ACC00000129,2024-06-23 17:24:00+00:00,2026-04-10 19:34:00+00:00,CREDIT,796.17,GBP,9780,CP7068,ATM,REFDIUZKOU9RF,2025-09-30 05:55:00+00:00
TXN0000004273,ACC00000210,2024-12-04 11:51:00+00:00,2025-03-01 16:14:00+00:00,CREDIT,325.48,USD,2764,CP1376,ONLINE,REFKJG8JO2VQD,2026-02-11 07:13:00+00:00
TXN0000004274,ACC00000363,2025-06-15 03:24:00+00:00,2025-10-16 04:07:00+00:00,CREDIT,1021.2,USD,9275,,ONLINE,REF9TMTWQ2VZD,2026-02-06 14:30:00+00:00
TXN0000004275,ACC00000073,2025-04-16 11:48:00+00:00,2024-06-25 01:35:00+00:00,DEBIT,1379.05,GBP,2822,CP9078,ONLINE,REFGG877W0L4Z,2026-02-10 03:55:00+00:00
TXN0000004276,ACC00000795,2025-09-27 05:13:00+00:00,2025-02-04 02:16:00+00:00,DEBIT,435.21,EUR,2224,,POS,REFFF0X51TDIM,2025-02-19 08:13:00+00:00
TXN0000004277,ACC00000058,2025-07-04 06:54:00+00:00,2026-02-04 22:39:00+00:00,DEBIT,38.62,USD,1191,,ONLINE,REFM5CCPYQZJC,2025-11-15 14:21:00+00:00
TXN0000004278,ACC00000754,2024-04-09 18:14:00+00:00,2025-07-15 09:09:00+00:00,CREDIT,1852.07,USD,7520,CP8493,POS,REFGEI9MZDKVF,2024-03-17 07:53:00+00:00
TXN0000004279,ACC00000434,2024-11-14 17:48:00+00:00,2025-01-15 01:54:00+00:00,DEBIT,1677.18,GBP,5726,CP4834,ONLINE,REFEJY2YCJJNT,2025-04-23 04:05:00+00:00
TXN0000004280,ACC00000745,2025-08-08 02:35:00+00:00,2025-04-18 19:25:00+00:00,CREDIT,25.95,EUR,3476,CP6423,ATM,REFHMT9LB4I23,2024-02-08 03:15:00+00:00
TXN0000004281,ACC00000618,2026-01-03 01:46:00+00:00,2026-02-20 12:39:00+00:00,CREDIT,183.18,GBP,4021,CP4441,POS,REFECNV5VECXO,2025-09-27 10:15:00+00:00
TXN0000004282,ACC00000005,2024-02-26 06:34:00+00:00,2025-09-11 20:48:00+00:00,CREDIT,775.8,USD,3689,CP8008,ONLINE,REFXRKJH51IL0,2026-01-13 20:33:00+00:00
TXN0000004283,ACC00000053,2024-03-07 08:55:00+00:00,2025-04-08 16:56:00+00:00,CREDIT,1014.02,USD,4865,,POS,REFCH4NDFSQCZ,2025-11-23 21:55:00+00:00
TXN0000004284,ACC00000630,2025-01-29 06:16:00+00:00,2024-09-24 05:02:00+00:00,DEBIT,201.21,GBP,2040,,ONLINE,REFGH9OQ14YC3,2024-10-08 16:57:00+00:00
TXN0000004285,ACC00000755,2024-05-10 22:38:00+00:00,2024-03-04 20:04:00+00:00,CREDIT,840.43,GBP,9035,CP9473,POS,REFJTZW8MBKG0,2025-01-21 09:44:00+00:00
TXN0000004286,ACC00000514,2026-04-16 05:19:00+00:00,2024-10-19 02:17:00+00:00,DEBIT,322.69,GBP,9267,CP5571,ONLINE,REFCDUPE6ZNAK,2024-06-24 00:10:00+00:00
TXN0000004287,ACC00000603,2024-06-09 03:44:00+00:00,2024-10-03 04:16:00+00:00,CREDIT,199.61,USD,6618,CP3820,ONLINE,REFOWWLIJQNN4,2025-12-05 19:01:00+00:00
TXN0000004288,ACC00000048,2025-09-14 11:36:00+00:00,2025-02-05 00:41:00+00:00,CREDIT,265.75,USD,9562,CP2892,ONLINE,REF7Y3Q4I5BH9,2025-07-07 08:11:00+00:00
TXN0000004289,ACC00000093,2025-04-19 23:53:00+00:00,2025-05-02 07:53:00+00:00,DEBIT,1675.72,GBP,4446,CP3953,ONLINE,REFUTDVUX5PMW,2025-09-14 02:49:00+00:00
TXN0000004290,ACC00000298,2024-09-04 01:53:00+00:00,2025-05-15 05:15:00+00:00,DEBIT,692.33,USD,3411,CP4956,ATM,REFTPOZSZN5CT,2024-08-03 08:43:00+00:00
TXN0000004291,ACC00000001,2025-08-24 23:59:00+00:00,2025-12-23 17:58:00+00:00,DEBIT,266.3,GBP,1686,,POS,REFTA54RPOF0M,2025-06-19 04:47:00+00:00
TXN0000004292,ACC00000143,2024-04-14 05:04:00+00:00,2025-03-09 02:45:00+00:00,CREDIT,1462.98,GBP,2052,,POS,REF7KP8PI23B8,2025-01-06 00:18:00+00:00
TXN0000004293,ACC00000372,2025-06-11 10:09:00+00:00,2024-12-28 18:23:00+00:00,DEBIT,291.29,GBP,1635,CP5497,ONLINE,REF78YWBN4SDG,2026-03-31 01:46:00+00:00
TXN0000004294,ACC00000646,2025-04-28 06:18:00+00:00,2024-06-22 16:45:00+00:00,DEBIT,285.78,GBP,9484,CP3568,POS,REFKTPW4UB3Q2,2025-03-22 23:23:00+00:00
TXN0000004295,ACC00000785,2024-04-02 02:18:00+00:00,2024-11-25 23:38:00+00:00,CREDIT,2025.64,GBP,2229,CP5366,POS,REFFAIRO1TAIN,2026-03-23 23:32:00+00:00
TXN0000004296,ACC00000526,2026-01-11 12:05:00+00:00,2025-12-26 19:17:00+00:00,CREDIT,257.43,GBP,1117,CP8670,POS,REFOHT9JXPWFC,2024-09-13 09:15:00+00:00
TXN0000004297,ACC00000252,2024-07-20 07:05:00+00:00,2025-04-12 10:42:00+00:00,DEBIT,613.15,GBP,8877,CP2670,ONLINE,REF8IUILSSREX,2026-04-25 12:01:00+00:00
TXN0000004298,ACC00000342,2024-12-06 20:22:00+00:00,2025-04-26 22:27:00+00:00,DEBIT,297.66,GBP,3593,CP7735,ONLINE,REFZG0W4YCMQ6,2024-02-13 17:09:00+00:00
TXN0000004299,ACC00000599,2025-01-06 06:54:00+00:00,2024-08-06 15:44:00+00:00,DEBIT,448.65,USD,4762,CP2908,ONLINE,REFIR4QG41USV,2024-08-29 21:50:00+00:00
TXN0000004300,ACC00000035,2024-02-25 02:20:00+00:00,2026-02-22 19:32:00+00:00,DEBIT,777.8,GBP,3423,CP8591,ATM,REFOW0B8USIEH,2025-05-09 07:12:00+00:00
TXN0000004301,ACC00000291,2024-08-16 01:12:00+00:00,2024-06-23 18:14:00+00:00,DEBIT,343.46,GBP,3321,,POS,REF8A7TOTEQAI,2025-12-12 07:07:00+00:00
TXN0000004302,ACC00000758,2024-03-01 09:18:00+00:00,2024-01-30 10:20:00+00:00,DEBIT,986.17,USD,9154,,POS,REFW54AK9LENG,2024-01-23 01:48:00+00:00
TXN0000004303,ACC00000690,2024-01-11 14:28:00+00:00,2025-05-25 15:36:00+00:00,DEBIT,662.32,EUR,5915,CP3570,ATM,REFP9QDA2H3FI,2024-06-27 11:51:00+00:00
TXN0000004304,ACC00000353,2025-06-29 02:42:00+00:00,2025-04-25 21:52:00+00:00,CREDIT,574.31,USD,8205,,POS,REFZ5ME1T315M,2025-05-26 23:32:00+00:00
TXN0000004305,ACC00000657,2025-12-30 03:57:00+00:00,2025-09-07 20:34:00+00:00,CREDIT,830.02,USD,9500,CP8785,POS,REFG5M9J7677J,2024-03-29 15:47:00+00:00
TXN0000004306,ACC00000109,2024-02-18 19:56:00+00:00,2026-05-01 06:24:00+00:00,DEBIT,1100.17,GBP,4883,CP8154,POS,REFTLVIZU4H6P,2026-01-14 09:09:00+00:00
TXN0000004307,ACC00000036,2026-01-28 13:23:00+00:00,2025-03-30 13:01:00+00:00,CREDIT,629.89,USD,1567,CP6882,ONLINE,REF3PNX1OWVRZ,2024-10-23 18:56:00+00:00
TXN0000004308,ACC00000370,2025-09-20 17:19:00+00:00,2025-04-25 09:46:00+00:00,CREDIT,1586.27,GBP,2485,CP8755,ONLINE,REF1H48F6A17J,2025-03-13 06:11:00+00:00
TXN0000004309,ACC00000648,2025-11-10 10:20:00+00:00,2025-10-02 03:02:00+00:00,DEBIT,722.35,GBP,6062,CP6504,ONLINE,REF6ZN3YMJDWD,2024-07-17 23:12:00+00:00
TXN0000004310,ACC00000475,2025-04-12 13:47:00+00:00,2025-01-12 18:13:00+00:00,DEBIT,1263.34,GBP,5382,CP6428,POS,REFS1PSHJJW1M,2025-01-29 06:56:00+00:00
TXN0000004311,ACC00000545,2025-12-25 13:15:00+00:00,2025-09-11 08:46:00+00:00,DEBIT,1133.49,GBP,3025,CP1701,ONLINE,REFT5UEF2H8VM,2024-11-01 18:21:00+00:00
TXN0000004312,ACC00000004,2026-02-06 09:20:00+00:00,2025-11-19 17:06:00+00:00,CREDIT,324.06,USD,1096,CP2133,POS,REFTKIZW540MH,2024-05-22 05:13:00+00:00
TXN0000004313,ACC00000388,2024-11-06 03:50:00+00:00,2024-11-20 00:49:00+00:00,CREDIT,281.25,GBP,9338,CP9952,ONLINE,REFNWIVB4Y6DD,2026-04-23 08:39:00+00:00
TXN0000004314,ACC00000725,2025-07-25 23:11:00+00:00,2024-10-14 07:36:00+00:00,CREDIT,306.02,GBP,9781,CP6137,ONLINE,REFVQ5MPZZJPX,2025-09-11 07:25:00+00:00
TXN0000004315,ACC00000664,2025-09-03 18:06:00+00:00,2024-02-27 07:21:00+00:00,DEBIT,1386.09,USD,4333,,BRANCH,REF63J2E1R2BZ,2025-04-29 20:11:00+00:00
TXN0000004316,ACC00000523,2024-05-24 13:39:00+00:00,2026-04-07 13:47:00+00:00,DEBIT,490.41,USD,6030,CP9134,ONLINE,REF7BHT5JXFZK,2025-07-16 20:41:00+00:00
TXN0000004317,ACC00000702,2025-09-04 08:21:00+00:00,2024-01-27 04:33:00+00:00,DEBIT,1212.58,GBP,5414,CP4769,POS,REF6L0ZQXOR8H,2026-01-13 11:33:00+00:00
TXN0000004318,ACC00000460,2024-06-05 01:26:00+00:00,2024-12-30 17:40:00+00:00,CREDIT,1165.2,USD,5102,CP3435,POS,REFI2HMJ1JHR3,2026-04-14 12:37:00+00:00
TXN0000004319,ACC00000250,2024-11-10 21:05:00+00:00,2025-02-23 19:40:00+00:00,DEBIT,315.84,USD,3481,CP3790,POS,REFZZMXRO1WL5,2026-01-03 22:42:00+00:00
TXN0000004320,ACC00000570,2025-09-24 23:51:00+00:00,2025-01-27 13:45:00+00:00,DEBIT,1038.71,GBP,6558,CP1465,POS,REFZV0E25W6XN,2025-01-07 15:40:00+00:00
TXN0000004321,ACC00000560,2024-04-15 00:26:00+00:00,2024-01-16 19:26:00+00:00,DEBIT,418.82,EUR,5065,CP4134,ATM,REFAA06ETNP4A,2024-06-18 11:11:00+00:00
TXN0000004322,ACC00000182,2024-04-17 22:47:00+00:00,2024-08-04 11:19:00+00:00,DEBIT,768.26,USD,8958,CP4588,ATM,REFGTRLO7YEZY,2025-10-17 19:40:00+00:00
TXN0000004323,ACC00000517,2025-01-26 20:24:00+00:00,2025-11-23 14:58:00+00:00,DEBIT,88.04,GBP,5777,CP2921,ONLINE,REFZ3FW127XK4,2024-10-29 23:11:00+00:00
TXN0000004324,ACC00000638,2025-12-07 19:05:00+00:00,2025-02-06 00:58:00+00:00,CREDIT,28.46,GBP,3271,CP2217,POS,REFDOETQIKL7I,2026-01-09 12:24:00+00:00
TXN0000004325,ACC00000418,2024-01-18 01:57:00+00:00,2025-05-12 10:54:00+00:00,DEBIT,121.25,GBP,5369,CP1762,ONLINE,REFEOO3T7WYV5,2025-09-30 04:17:00+00:00
TXN0000004326,ACC00000331,2026-02-10 22:46:00+00:00,2024-03-24 05:05:00+00:00,DEBIT,721.9,USD,5916,,ONLINE,REFJVFVP2YKMY,2025-06-16 02:33:00+00:00
TXN0000004327,ACC00000445,2025-06-23 20:08:00+00:00,2024-02-28 02:32:00+00:00,DEBIT,1362.67,GBP,2509,CP2773,BRANCH,REFC1LP3OEIVE,2024-06-04 03:05:00+00:00
TXN0000004328,ACC00000171,2024-06-12 21:16:00+00:00,2024-10-24 04:24:00+00:00,CREDIT,1560.57,GBP,9125,CP9635,POS,REFGR0QQ0NAS3,2024-01-02 20:54:00+00:00
TXN0000004329,ACC00000686,2024-05-17 23:07:00+00:00,2024-06-18 21:08:00+00:00,DEBIT,455.46,GBP,9211,CP5478,ONLINE,REFYSF922D6M1,2024-08-08 03:40:00+00:00
TXN0000004330,ACC00000276,2025-02-18 17:09:00+00:00,2025-01-23 09:53:00+00:00,DEBIT,274.22,GBP,6432,CP8086,ONLINE,REFVWK4ZO3NQN,2026-02-23 11:38:00+00:00
TXN0000004331,ACC00000477,2025-03-03 16:59:00+00:00,2025-11-02 09:58:00+00:00,DEBIT,1700.27,USD,9993,,ONLINE,REF41UK7Z9G86,2025-10-07 14:00:00+00:00
TXN0000004332,ACC00000224,2024-05-08 04:43:00+00:00,2024-04-16 16:01:00+00:00,DEBIT,1706.73,USD,5307,CP2588,ATM,REFBNJYN2FFDM,2025-06-03 17:59:00+00:00
TXN0000004333,ACC00000378,2024-03-26 20:51:00+00:00,2026-03-14 04:54:00+00:00,DEBIT,286.21,GBP,8791,,ONLINE,REFEXND740988,2024-07-05 01:14:00+00:00
TXN0000004334,ACC00000093,2025-05-26 11:59:00+00:00,2024-10-11 11:37:00+00:00,CREDIT,56.37,GBP,9182,CP9517,ONLINE,REFYEKUJIIDEA,2025-04-28 16:10:00+00:00
TXN0000004335,ACC00000670,2025-10-15 12:10:00+00:00,2024-10-27 01:32:00+00:00,DEBIT,252.42,USD,1709,,ATM,REF18D8EQM6IU,2024-01-27 17:05:00+00:00
TXN0000004336,ACC00000071,2025-10-27 12:53:00+00:00,2024-12-23 19:40:00+00:00,CREDIT,222.68,GBP,3544,CP2401,POS,REFXK2T69U9AV,2025-12-07 23:26:00+00:00
TXN0000004337,ACC00000500,2025-09-25 18:49:00+00:00,2024-08-27 10:25:00+00:00,DEBIT,934.71,GBP,4524,,ONLINE,REF3D1SKUW0JR,2024-09-06 02:09:00+00:00
TXN0000004338,ACC00000577,2025-01-25 04:01:00+00:00,2025-01-17 07:21:00+00:00,CREDIT,350.85,GBP,3139,CP3721,ATM,REFP49NKRINI7,2025-01-16 18:55:00+00:00
TXN0000004339,ACC00000741,2025-06-25 06:40:00+00:00,2024-06-10 08:41:00+00:00,CREDIT,193.95,EUR,9304,,POS,REF2YCNR9HN2A,2024-01-21 16:56:00+00:00
TXN0000004340,ACC00000782,2024-10-04 15:36:00+00:00,2024-09-07 15:49:00+00:00,DEBIT,412.47,GBP,4109,CP6594,ONLINE,REFGYDUVOIW4Y,2024-06-05 16:06:00+00:00
TXN0000004341,ACC00000162,2026-03-29 22:05:00+00:00,2025-04-09 23:37:00+00:00,DEBIT,1071.43,USD,2336,CP4761,ATM,REF6UHOVZ1B9G,2024-02-04 16:23:00+00:00
TXN0000004342,ACC00000249,2026-02-02 00:00:00+00:00,2024-12-04 01:52:00+00:00,DEBIT,544.37,GBP,1905,CP6897,ONLINE,REFWW582Z95S8,2026-04-21 13:15:00+00:00
TXN0000004343,ACC00000431,2024-12-19 18:14:00+00:00,2025-04-02 23:57:00+00:00,CREDIT,902.13,GBP,2077,CP7170,ONLINE,REFKN67YBX982,2026-02-03 13:26:00+00:00
TXN0000004344,ACC00000171,2024-05-22 21:51:00+00:00,2025-03-03 21:59:00+00:00,DEBIT,881.97,EUR,7130,CP5957,ATM,REF4RINUJ1YNJ,2024-08-29 00:00:00+00:00
TXN0000004345,ACC00000617,2025-10-11 20:59:00+00:00,2025-01-06 10:29:00+00:00,CREDIT,73.34,USD,8195,CP6336,ONLINE,REFCC17VQPCDQ,2025-12-13 23:46:00+00:00
TXN0000004346,ACC00000619,2025-10-10 11:31:00+00:00,2024-08-16 15:56:00+00:00,DEBIT,1467.77,GBP,2122,CP7405,POS,REFNQ0ECIBTPO,2025-04-24 16:59:00+00:00
TXN0000004347,ACC00000029,2024-05-12 04:35:00+00:00,2024-09-15 17:51:00+00:00,DEBIT,1025.13,USD,2535,CP2859,POS,REFBIPYBR83F5,2024-06-28 14:14:00+00:00
TXN0000004348,ACC00000266,2025-10-04 14:03:00+00:00,2026-02-06 23:22:00+00:00,CREDIT,28.57,GBP,1173,CP7295,BRANCH,REFL5POF1L44P,2024-10-24 19:09:00+00:00
TXN0000004349,ACC00000123,2025-12-21 06:10:00+00:00,2026-01-14 23:09:00+00:00,CREDIT,67.28,GBP,5786,CP4148,ONLINE,REF0Z4O2NW31W,2025-11-24 02:07:00+00:00
TXN0000004350,ACC00000620,2024-05-29 00:02:00+00:00,2024-12-04 02:10:00+00:00,DEBIT,417.62,USD,4932,CP1774,BRANCH,REFADUI20UNQK,2024-04-02 05:55:00+00:00
TXN0000004351,ACC00000532,2025-10-22 21:29:00+00:00,2024-06-23 10:52:00+00:00,DEBIT,371.3,USD,8284,,POS,REFTXS36LWI77,2024-01-09 04:58:00+00:00
TXN0000004352,ACC00000323,2024-09-30 17:21:00+00:00,2026-02-01 17:53:00+00:00,CREDIT,350.7,USD,3866,CP4818,ONLINE,REFH4UNF8P7HL,2025-05-13 03:21:00+00:00
TXN0000004353,ACC00000548,2025-09-22 15:47:00+00:00,2024-10-24 13:29:00+00:00,DEBIT,856.53,EUR,4929,CP8627,POS,REF18F1V3ZIHU,2024-02-24 14:18:00+00:00
TXN0000004354,ACC00000055,2024-05-11 08:51:00+00:00,2026-03-23 18:54:00+00:00,DEBIT,845.74,USD,6083,CP6637,POS,REFNSQEXRR858,2024-07-31 04:33:00+00:00
TXN0000004355,ACC00000714,2024-07-14 17:29:00+00:00,2025-10-17 01:05:00+00:00,CREDIT,2069.97,USD,2486,CP1586,POS,REFF0G80TR4QW,2024-04-17 06:00:00+00:00
TXN0000004356,ACC00000171,2024-05-05 04:39:00+00:00,2025-11-06 15:51:00+00:00,DEBIT,1133.36,USD,1461,CP6426,ATM,REFYB3XR7L9K6,2026-05-07 17:32:00+00:00
TXN0000004357,ACC00000706,2024-12-24 02:18:00+00:00,2024-11-28 05:54:00+00:00,DEBIT,449.62,GBP,3499,,ATM,REFNZEP7PYEAV,2024-01-28 22:28:00+00:00
TXN0000004358,ACC00000633,2024-12-08 05:57:00+00:00,2024-06-10 15:37:00+00:00,CREDIT,676.74,GBP,5928,CP1201,ONLINE,REFU5YCCN164C,2024-07-06 14:08:00+00:00
TXN0000004359,ACC00000288,2026-01-04 01:21:00+00:00,2026-02-08 20:58:00+00:00,DEBIT,26.16,GBP,3364,CP8461,POS,REF0AY7O2TAHS,2026-01-23 08:29:00+00:00
TXN0000004360,ACC00000205,2025-11-24 16:56:00+00:00,2024-06-28 19:17:00+00:00,DEBIT,66.78,USD,6704,CP9861,ONLINE,REFJ0SWBCTMTF,2024-07-22 18:20:00+00:00
TXN0000004361,ACC00000612,2026-04-02 20:01:00+00:00,2025-07-30 21:48:00+00:00,DEBIT,682.88,EUR,1754,CP7992,ONLINE,REFY719S8EEU4,2024-06-13 07:06:00+00:00
TXN0000004362,ACC00000660,2025-12-24 04:58:00+00:00,2025-03-14 10:56:00+00:00,DEBIT,463.58,GBP,6276,CP7725,ONLINE,REF7DB362I8MH,2025-03-16 23:28:00+00:00
TXN0000004363,ACC00000270,2025-10-08 16:25:00+00:00,2024-06-14 06:50:00+00:00,DEBIT,1414.48,GBP,7390,,ATM,REF6JJR2XBH0J,2025-03-17 03:10:00+00:00
TXN0000004364,ACC00000735,2024-01-17 12:02:00+00:00,2025-10-01 12:31:00+00:00,DEBIT,613.82,USD,4331,CP5961,POS,REF2PQGY6TXTU,2026-03-06 13:37:00+00:00
TXN0000004365,ACC00000337,2024-10-21 17:01:00+00:00,2024-09-17 21:55:00+00:00,CREDIT,1958.34,GBP,2743,CP6822,ATM,REFD7D5TVC9XU,2024-03-24 14:42:00+00:00
TXN0000004366,ACC00000049,2024-06-26 05:16:00+00:00,2025-08-21 18:39:00+00:00,CREDIT,1614.86,GBP,1917,CP8343,POS,REFKXY7FAHV5T,2025-07-08 12:42:00+00:00
TXN0000004367,ACC00000690,2024-01-14 13:50:00+00:00,2024-02-24 04:03:00+00:00,CREDIT,1215.42,GBP,7169,CP4639,POS,REF3VR5TLE7X5,2025-10-19 23:26:00+00:00
TXN0000004368,ACC00000784,2025-01-02 09:56:00+00:00,2026-04-19 07:42:00+00:00,DEBIT,1050.13,GBP,3583,,ONLINE,REF2X924WTFK0,2024-07-13 07:29:00+00:00
TXN0000004369,ACC00000349,2025-05-03 08:28:00+00:00,2025-06-13 10:17:00+00:00,CREDIT,1534.06,GBP,7943,CP3226,ONLINE,REFV3ARI6DH21,2024-12-04 20:11:00+00:00
TXN0000004370,ACC00000597,2026-04-03 12:44:00+00:00,2024-02-08 14:00:00+00:00,DEBIT,245.13,USD,5807,CP8010,ATM,REF0G75MF1O2M,2024-03-08 04:17:00+00:00
TXN0000004371,ACC00000359,2025-09-13 10:02:00+00:00,2024-03-01 17:16:00+00:00,DEBIT,895.59,GBP,5613,CP8265,ATM,REFLSYRV0C73Q,2024-07-22 04:45:00+00:00
TXN0000004372,ACC00000471,2026-01-05 18:01:00+00:00,2026-02-16 02:21:00+00:00,DEBIT,820.79,GBP,2085,CP3992,ONLINE,REFH3C86UGX0M,2024-09-16 19:45:00+00:00
TXN0000004373,ACC00000176,2024-09-20 02:40:00+00:00,2025-08-07 22:05:00+00:00,CREDIT,27.43,GBP,9981,CP8282,ONLINE,REFL6F15USIMM,2024-05-06 19:15:00+00:00
TXN0000004374,ACC00000575,2025-05-29 23:37:00+00:00,2024-05-11 09:09:00+00:00,DEBIT,36.5,EUR,8676,CP5479,POS,REFTH2PN0KCH2,2026-01-13 08:58:00+00:00
TXN0000004375,ACC00000202,2025-06-01 10:27:00+00:00,2025-02-28 18:47:00+00:00,DEBIT,104.98,GBP,8668,CP2028,POS,REF3UGDHA4A3J,2025-09-19 15:58:00+00:00
TXN0000004376,ACC00000240,2025-02-05 22:16:00+00:00,2024-11-23 15:56:00+00:00,DEBIT,634.42,GBP,8076,CP7109,POS,REFU52F1AILKT,2025-06-14 09:54:00+00:00
TXN0000004377,ACC00000434,2024-07-28 01:06:00+00:00,2024-11-23 07:53:00+00:00,CREDIT,1222.96,GBP,9847,CP2600,ATM,REFGFTCZEZ2B1,2025-08-03 14:35:00+00:00
TXN0000004378,ACC00000157,2025-02-02 10:40:00+00:00,2025-12-12 17:21:00+00:00,CREDIT,746.34,GBP,7799,CP6654,ONLINE,REF9Q7H3I5JEY,2024-02-15 17:40:00+00:00
TXN0000004379,ACC00000243,2024-12-28 13:51:00+00:00,2024-03-11 22:12:00+00:00,CREDIT,921.49,GBP,2432,CP9119,ONLINE,REFRVIGFTPBGG,2026-04-20 12:10:00+00:00
TXN0000004380,ACC00000142,2024-05-17 07:32:00+00:00,2025-11-22 19:55:00+00:00,DEBIT,1226.05,USD,8684,CP5515,ATM,REF42MFTHGNRK,2024-07-28 17:57:00+00:00
TXN0000004381,ACC00000641,2025-07-26 15:33:00+00:00,2025-05-08 12:45:00+00:00,DEBIT,1315.34,GBP,8006,CP1159,POS,REFNS0KMV7TU2,2025-11-15 15:35:00+00:00
TXN0000004382,ACC00000307,2025-06-04 16:28:00+00:00,2024-09-10 10:10:00+00:00,DEBIT,1832.07,USD,9736,,BRANCH,REFAMEPZIHIKW,2024-11-16 01:49:00+00:00
TXN0000004383,ACC00000786,2026-01-15 12:22:00+00:00,2025-09-21 09:26:00+00:00,CREDIT,1212.76,USD,8174,CP6468,ONLINE,REFEPDMI0ZPDH,2024-11-04 14:32:00+00:00
TXN0000004384,ACC00000727,2025-03-11 22:58:00+00:00,2024-03-13 09:08:00+00:00,DEBIT,1050.05,USD,4063,CP7764,ATM,REFT9KLJ96DGI,2024-02-18 15:33:00+00:00
TXN0000004385,ACC00000776,2025-09-20 19:53:00+00:00,2026-01-10 13:47:00+00:00,CREDIT,3.14,USD,7832,CP7833,POS,REFMQ1OWGQ9C1,2024-09-11 01:36:00+00:00
TXN0000004386,ACC00000239,2024-08-31 02:13:00+00:00,2024-06-20 00:17:00+00:00,DEBIT,61.11,GBP,3053,CP5629,ONLINE,REFJH83A6F2CN,2025-02-26 05:45:00+00:00
TXN0000004387,ACC00000733,2025-02-02 21:03:00+00:00,2024-03-01 16:22:00+00:00,DEBIT,278.91,USD,1325,CP3813,ONLINE,REF9UZO75074J,2025-01-29 07:36:00+00:00
TXN0000004388,ACC00000433,2025-03-02 20:08:00+00:00,2024-05-24 00:25:00+00:00,DEBIT,2136.1,EUR,5937,CP3616,ONLINE,REF55HDL7OEUY,2025-04-27 17:19:00+00:00
TXN0000004389,ACC00000265,2024-05-21 18:01:00+00:00,2026-03-20 07:13:00+00:00,CREDIT,951.54,GBP,3787,CP6422,ONLINE,REFI4Y2B75Y2I,2024-03-19 13:40:00+00:00
TXN0000004390,ACC00000043,2024-03-31 03:51:00+00:00,2024-09-26 13:04:00+00:00,DEBIT,1505.86,EUR,9067,CP3772,POS,REFRCLNZ7AU0Q,2025-10-20 12:00:00+00:00
TXN0000004391,ACC00000654,2026-01-14 06:35:00+00:00,2024-03-11 16:38:00+00:00,CREDIT,577.66,USD,7012,CP4101,ATM,REFGQ5DYY265Y,2026-03-05 20:36:00+00:00
TXN0000004392,ACC00000742,2025-01-26 00:59:00+00:00,2025-05-25 16:31:00+00:00,DEBIT,827.62,USD,9946,CP3441,POS,REFBIZ8EWV6SK,2025-11-24 00:58:00+00:00
TXN0000004393,ACC00000564,2024-10-13 15:53:00+00:00,2024-07-12 14:09:00+00:00,DEBIT,645.37,GBP,2443,CP3265,POS,REFW7P43LXQQ6,2025-07-23 16:49:00+00:00
TXN0000004394,ACC00000315,2025-08-26 08:42:00+00:00,2025-06-17 05:41:00+00:00,DEBIT,1170.64,USD,1951,CP9543,ONLINE,REFHZOJXZKY50,2024-08-31 19:54:00+00:00
TXN0000004395,ACC00000360,2026-02-10 14:57:00+00:00,2025-01-26 11:38:00+00:00,DEBIT,68.96,GBP,2531,CP2196,POS,REFZ8A175CF07,2024-09-26 23:04:00+00:00
TXN0000004396,ACC00000269,2024-03-22 18:39:00+00:00,2026-04-30 06:42:00+00:00,DEBIT,485.68,GBP,6056,CP5621,POS,REFTBDI4WNMR5,2024-03-15 18:34:00+00:00
TXN0000004397,ACC00000065,2024-01-16 06:32:00+00:00,2024-08-11 22:32:00+00:00,DEBIT,790.32,GBP,2038,CP8209,ONLINE,REFX0648NL2GH,2024-04-05 12:51:00+00:00
TXN0000004398,ACC00000769,2024-01-18 06:21:00+00:00,2024-02-12 09:06:00+00:00,DEBIT,921.07,GBP,1769,CP6127,ATM,REFN9CHXP7G8L,2025-12-27 04:20:00+00:00
TXN0000004399,ACC00000128,2024-05-04 23:46:00+00:00,2025-12-29 19:04:00+00:00,CREDIT,795.13,EUR,1476,CP2753,ONLINE,REFVOF37VM704,2026-01-11 23:02:00+00:00
TXN0000004400,ACC00000452,2024-09-19 16:37:00+00:00,2025-05-07 02:51:00+00:00,CREDIT,598.54,USD,9636,,ONLINE,REFEFFCIJ4ZJG,2024-08-23 08:32:00+00:00
TXN0000004401,ACC00000584,2026-03-27 10:46:00+00:00,2026-04-04 12:03:00+00:00,CREDIT,1010.91,GBP,3458,CP5044,POS,REFI36KE94JIV,2024-09-01 18:07:00+00:00
TXN0000004402,ACC00000008,2024-09-08 17:10:00+00:00,2024-09-08 06:53:00+00:00,CREDIT,1350.66,USD,6637,CP2902,ATM,REF17X84T97WT,2024-09-23 19:50:00+00:00
TXN0000004403,ACC00000028,2026-01-05 18:18:00+00:00,2026-01-25 21:14:00+00:00,CREDIT,234.44,GBP,3932,CP3136,ONLINE,REFWX32OYYSGC,2024-03-15 09:13:00+00:00
TXN0000004404,ACC00000750,2024-11-11 02:37:00+00:00,2024-03-03 16:52:00+00:00,DEBIT,993.63,GBP,4466,CP1919,ONLINE,REF2HUYBBTRLG,2026-04-23 14:50:00+00:00
TXN0000004405,ACC00000722,2025-12-29 03:16:00+00:00,2025-01-17 09:18:00+00:00,DEBIT,168.05,USD,1775,,POS,REFI3BE4C7S42,2024-01-22 08:01:00+00:00
TXN0000004406,ACC00000260,2025-04-15 18:46:00+00:00,2024-03-29 16:41:00+00:00,DEBIT,827.84,USD,7339,CP1663,ONLINE,REF4XNLS0RN7H,2025-11-16 17:19:00+00:00
TXN0000004407,ACC00000035,2024-02-18 11:14:00+00:00,2024-11-04 07:26:00+00:00,DEBIT,1891.09,USD,6644,CP8911,ONLINE,REFL8Z6PS7EL6,2024-05-14 12:31:00+00:00
TXN0000004408,ACC00000504,2024-11-11 14:08:00+00:00,2025-10-30 13:03:00+00:00,CREDIT,1068.04,USD,2584,CP5263,POS,REF4DF0MBLTZS,2025-12-08 17:02:00+00:00
TXN0000004409,ACC00000248,2025-07-28 07:37:00+00:00,2025-11-11 05:43:00+00:00,DEBIT,1.7,GBP,2897,CP2599,ONLINE,REFTI3F3JNZQF,2024-10-22 21:48:00+00:00
TXN0000004410,ACC00000023,2025-01-02 02:47:00+00:00,2024-01-17 20:38:00+00:00,CREDIT,683.36,EUR,8843,CP9346,ATM,REF0Y3WHTEEPF,2024-02-28 08:41:00+00:00
TXN0000004411,ACC00000793,2025-02-22 15:13:00+00:00,2024-07-22 02:14:00+00:00,DEBIT,331.17,USD,7775,CP5845,ATM,REF0PT0A9D425,2024-04-11 01:09:00+00:00
TXN0000004412,ACC00000082,2025-10-16 01:52:00+00:00,2025-04-27 17:34:00+00:00,DEBIT,429.08,GBP,3638,CP2587,BRANCH,REF4RT9NH0AT6,2026-01-13 04:39:00+00:00
TXN0000004413,ACC00000187,2025-07-31 10:46:00+00:00,2024-02-19 23:10:00+00:00,DEBIT,127.98,USD,6324,CP7991,POS,REFY8OHNUN0FN,2025-10-26 12:04:00+00:00
TXN0000004414,ACC00000761,2024-08-14 04:42:00+00:00,2025-12-01 02:02:00+00:00,CREDIT,111.69,GBP,2947,CP8396,ONLINE,REFHSUHIZLJHU,2025-10-11 19:53:00+00:00
TXN0000004415,ACC00000798,2026-01-17 12:31:00+00:00,2025-08-17 07:59:00+00:00,DEBIT,555.55,USD,6242,,ONLINE,REF5YZUIT943F,2024-07-25 18:49:00+00:00
TXN0000004416,ACC00000371,2024-01-09 17:16:00+00:00,2025-03-01 15:46:00+00:00,CREDIT,985.58,GBP,3490,CP5851,ONLINE,REFHPNFLZJBZO,2025-04-24 06:04:00+00:00
TXN0000004417,ACC00000407,2025-06-06 16:25:00+00:00,2026-01-10 13:31:00+00:00,DEBIT,1521.38,GBP,9274,CP2200,POS,REFEK8YLDM3W9,2025-12-20 09:49:00+00:00
TXN0000004418,ACC00000311,2026-04-14 20:33:00+00:00,2025-04-13 14:29:00+00:00,DEBIT,718.55,GBP,9418,CP4657,POS,REFB0OQ004G4J,2026-04-17 08:30:00+00:00
TXN0000004419,ACC00000481,2026-02-05 13:53:00+00:00,2024-09-02 13:21:00+00:00,DEBIT,2660.93,GBP,1428,CP8491,ATM,REF6BAYRZW2DC,2026-03-23 06:27:00+00:00
TXN0000004420,ACC00000550,2026-03-29 10:24:00+00:00,2026-02-22 14:24:00+00:00,DEBIT,381.97,USD,1689,CP8421,POS,REFHFDCWPXKF4,2024-01-03 18:50:00+00:00
TXN0000004421,ACC00000114,2025-12-06 21:09:00+00:00,2024-11-14 11:22:00+00:00,DEBIT,429.97,GBP,6078,CP3343,ONLINE,REFF84YTIM10E,2025-02-08 10:11:00+00:00
TXN0000004422,ACC00000645,2025-08-30 05:23:00+00:00,2024-11-01 10:39:00+00:00,DEBIT,229.22,GBP,7824,CP8734,ONLINE,REF9P7WYA85SB,2025-04-28 17:11:00+00:00
TXN0000004423,ACC00000564,2026-03-03 21:42:00+00:00,2024-02-29 06:16:00+00:00,DEBIT,55.23,GBP,1403,CP7377,BRANCH,REFYPV1TCHUHX,2026-02-15 19:32:00+00:00
TXN0000004424,ACC00000357,2025-07-01 21:11:00+00:00,2025-05-31 03:39:00+00:00,DEBIT,1886.3,USD,6975,CP4423,ONLINE,REF53APU3WZTY,2024-11-25 02:41:00+00:00
TXN0000004425,ACC00000312,2024-06-11 16:57:00+00:00,2024-12-04 22:16:00+00:00,DEBIT,670.02,GBP,5494,CP8566,ATM,REFOEBSF434UM,2024-02-20 17:51:00+00:00
TXN0000004426,ACC00000550,2024-06-17 22:34:00+00:00,2024-07-25 11:49:00+00:00,DEBIT,973.43,USD,7863,CP8956,POS,REFQKP4YYAMP5,2024-02-02 15:25:00+00:00
TXN0000004427,ACC00000142,2024-01-02 03:33:00+00:00,2026-01-26 23:07:00+00:00,CREDIT,473.91,GBP,1394,CP3877,ONLINE,REFGWF41VSVM2,2025-12-13 21:23:00+00:00
TXN0000004428,ACC00000508,2024-08-11 04:15:00+00:00,2024-04-20 01:08:00+00:00,DEBIT,526.26,GBP,7117,,BRANCH,REFKAEC4E287A,2024-08-28 12:19:00+00:00
TXN0000004429,ACC00000325,2025-01-17 06:02:00+00:00,2025-01-25 19:13:00+00:00,DEBIT,468.25,GBP,1705,CP3233,ONLINE,REFXO0LBR42DH,2024-09-19 16:04:00+00:00
TXN0000004430,ACC00000497,2025-03-23 16:32:00+00:00,2025-08-10 10:23:00+00:00,DEBIT,268.74,USD,9290,CP1457,ATM,REFEKXV5N6HMF,2025-02-13 06:37:00+00:00
TXN0000004431,ACC00000736,2024-12-17 13:34:00+00:00,2024-07-29 07:52:00+00:00,CREDIT,1122.36,GBP,5924,CP1910,ATM,REFUWP1F0K72T,2024-08-08 11:37:00+00:00
TXN0000004432,ACC00000253,2026-01-14 09:43:00+00:00,2024-02-20 17:39:00+00:00,CREDIT,8.33,GBP,6475,CP9404,ATM,REFIEGS3X568M,2025-11-24 06:05:00+00:00
TXN0000004433,ACC00000736,2026-05-01 13:31:00+00:00,2026-01-19 04:12:00+00:00,DEBIT,327.76,USD,2427,CP7447,BRANCH,REFZNN526EDO1,2025-11-26 20:45:00+00:00
TXN0000004434,ACC00000215,2025-02-23 20:31:00+00:00,2025-12-08 07:12:00+00:00,CREDIT,363.54,GBP,8777,CP9731,BRANCH,REFHVNWOW86S7,2025-06-20 10:22:00+00:00
TXN0000004435,ACC00000753,2025-05-29 00:39:00+00:00,2025-10-30 02:13:00+00:00,CREDIT,581.92,USD,1235,CP5063,POS,REF14CEXEXCQN,2024-04-14 05:44:00+00:00
TXN0000004436,ACC00000547,2025-02-12 08:20:00+00:00,2025-01-08 21:47:00+00:00,DEBIT,219.06,GBP,5247,CP8242,ONLINE,REF97CY9VXS2T,2024-03-29 23:05:00+00:00
TXN0000004437,ACC00000799,2026-03-31 17:14:00+00:00,2024-03-12 09:41:00+00:00,DEBIT,91.43,EUR,3060,CP4125,ONLINE,REFYA18FQ59MS,2024-10-16 14:36:00+00:00
TXN0000004438,ACC00000715,2025-05-06 08:46:00+00:00,2025-06-16 10:21:00+00:00,CREDIT,344.15,EUR,1814,CP6984,POS,REFNO52A2CZ1D,2025-09-18 15:11:00+00:00
TXN0000004439,ACC00000534,2024-10-14 18:20:00+00:00,2026-02-03 00:29:00+00:00,DEBIT,298.19,GBP,5633,CP8520,ONLINE,REFW77X3EXKCL,2026-03-24 20:12:00+00:00
TXN0000004440,ACC00000146,2026-04-30 18:30:00+00:00,2024-01-24 04:24:00+00:00,DEBIT,135.93,GBP,8853,CP2430,ONLINE,REFM7MCI5N4HM,2024-07-12 14:22:00+00:00
TXN0000004441,ACC00000721,2024-12-08 04:05:00+00:00,2024-09-13 00:27:00+00:00,DEBIT,340.79,USD,4451,,ONLINE,REF28N4O7386W,2025-04-05 10:46:00+00:00
TXN0000004442,ACC00000628,2024-08-24 11:40:00+00:00,2024-05-21 13:00:00+00:00,CREDIT,1136.09,EUR,1358,CP5724,ONLINE,REFN27ITNBPP2,2026-04-25 08:58:00+00:00
TXN0000004443,ACC00000721,2024-07-24 02:30:00+00:00,2025-01-29 14:18:00+00:00,CREDIT,466.24,USD,9580,CP3954,ATM,REF2WCRNBZK3Z,2024-05-27 05:34:00+00:00
TXN0000004444,ACC00000286,2024-11-26 11:43:00+00:00,2026-01-04 03:20:00+00:00,DEBIT,872.41,GBP,8209,CP7268,POS,REF4IKWWKQQC1,2026-03-31 02:22:00+00:00
TXN0000004445,ACC00000770,2026-03-17 22:21:00+00:00,2025-10-09 03:47:00+00:00,CREDIT,434.15,GBP,9897,CP6238,POS,REFEX7ZQRTDGD,2024-06-19 16:54:00+00:00
TXN0000004446,ACC00000009,2025-09-06 20:10:00+00:00,2026-04-24 09:19:00+00:00,DEBIT,934.64,USD,8229,CP5764,ATM,REFUYLYNS49XD,2025-10-27 20:44:00+00:00
TXN0000004447,ACC00000688,2025-05-30 22:39:00+00:00,2026-04-14 16:30:00+00:00,CREDIT,834.0,GBP,6430,CP4676,ONLINE,REF90RRZ6HCMB,2025-06-12 20:34:00+00:00
TXN0000004448,ACC00000608,2025-05-15 08:34:00+00:00,2025-03-23 05:06:00+00:00,DEBIT,656.11,GBP,3078,CP3686,ATM,REFVF710TDNUF,2025-01-23 16:54:00+00:00
TXN0000004449,ACC00000560,2025-12-26 14:17:00+00:00,2025-03-06 09:35:00+00:00,CREDIT,1516.47,GBP,7333,CP2809,POS,REFTI6CTERMYZ,2024-08-02 03:37:00+00:00
TXN0000004450,ACC00000041,2024-03-30 21:04:00+00:00,2024-09-07 23:16:00+00:00,DEBIT,715.08,USD,4675,CP7120,POS,REFF5GXP39LX0,2025-07-06 06:15:00+00:00
TXN0000004451,ACC00000256,2025-12-23 20:18:00+00:00,2025-11-07 04:29:00+00:00,CREDIT,824.03,GBP,3638,CP2274,BRANCH,REF0YJ3LJE3TG,2025-12-30 06:21:00+00:00
TXN0000004452,ACC00000270,2025-06-23 12:43:00+00:00,2025-12-14 18:29:00+00:00,CREDIT,569.32,USD,3709,CP9193,BRANCH,REFWSHMRG3ZDM,2025-08-11 04:36:00+00:00
TXN0000004453,ACC00000691,2024-06-09 13:28:00+00:00,2024-09-12 01:11:00+00:00,DEBIT,71.06,GBP,9555,CP4859,POS,REF4KCLDV97ID,2025-09-14 15:39:00+00:00
TXN0000004454,ACC00000745,2024-11-26 03:53:00+00:00,2025-08-20 09:03:00+00:00,DEBIT,2357.28,EUR,5166,CP3380,POS,REFADPW04BHOZ,2024-08-12 07:30:00+00:00
TXN0000004455,ACC00000726,2026-02-05 20:07:00+00:00,2025-03-23 18:20:00+00:00,DEBIT,10.19,GBP,5842,CP1561,ONLINE,REF4S9Z368QOL,2026-02-16 09:14:00+00:00
TXN0000004456,ACC00000278,2026-03-19 19:39:00+00:00,2026-04-24 15:58:00+00:00,DEBIT,815.2,GBP,2894,CP8054,ONLINE,REFQULFTUASNC,2025-11-20 06:41:00+00:00
TXN0000004457,ACC00000639,2025-05-19 13:16:00+00:00,2024-06-21 11:10:00+00:00,CREDIT,1091.46,USD,4816,,ONLINE,REFP6OJTFAG8Y,2025-04-17 13:37:00+00:00
TXN0000004458,ACC00000550,2024-12-08 07:17:00+00:00,2025-11-13 01:10:00+00:00,DEBIT,1902.94,GBP,4780,CP5798,BRANCH,REFBZ320LD985,2026-02-13 21:00:00+00:00
TXN0000004459,ACC00000471,2025-09-19 13:22:00+00:00,2024-08-22 23:51:00+00:00,DEBIT,2000.57,USD,4146,CP8242,BRANCH,REF301P6RZSQ8,2024-08-14 23:55:00+00:00
TXN0000004460,ACC00000353,2026-03-17 10:04:00+00:00,2026-03-04 11:32:00+00:00,DEBIT,1905.93,EUR,6269,CP1549,POS,REFEQBUFX2C42,2025-07-01 21:27:00+00:00
TXN0000004461,ACC00000713,2026-02-24 11:49:00+00:00,2025-09-26 06:29:00+00:00,CREDIT,96.51,USD,1892,CP5714,ONLINE,REF40T3RQINA9,2025-01-23 01:49:00+00:00
TXN0000004462,ACC00000272,2025-10-18 13:19:00+00:00,2025-04-18 03:10:00+00:00,DEBIT,586.87,USD,3867,CP9660,ONLINE,REFW3VYVXTJVQ,2024-10-21 18:21:00+00:00
TXN0000004463,ACC00000351,2024-04-24 19:25:00+00:00,2025-01-18 17:11:00+00:00,DEBIT,261.83,GBP,2210,CP1751,ONLINE,REFJIEGQHOO0X,2024-10-10 04:32:00+00:00
TXN0000004464,ACC00000036,2025-03-27 16:38:00+00:00,2025-07-03 08:33:00+00:00,DEBIT,1249.41,USD,1976,CP2781,ONLINE,REFD1JIN0NMFO,2025-12-12 12:17:00+00:00
TXN0000004465,ACC00000668,2025-03-13 07:59:00+00:00,2026-02-23 17:38:00+00:00,DEBIT,953.51,EUR,4535,CP8917,ONLINE,REFDB4W42AFFW,2024-02-24 08:58:00+00:00
TXN0000004466,ACC00000080,2026-01-09 00:58:00+00:00,2024-03-27 18:42:00+00:00,DEBIT,1445.7,GBP,8869,CP8997,POS,REFGYLLR6ZAYG,2024-08-11 02:29:00+00:00
TXN0000004467,ACC00000355,2026-04-08 01:36:00+00:00,2026-04-27 22:37:00+00:00,DEBIT,1458.96,GBP,8808,CP1363,ONLINE,REF5K8X3FSPBZ,2025-06-07 01:42:00+00:00
TXN0000004468,ACC00000154,2024-07-30 11:47:00+00:00,2024-11-03 19:22:00+00:00,DEBIT,667.13,GBP,1246,CP5162,POS,REFNRMNN94R5S,2024-05-21 01:36:00+00:00
TXN0000004469,ACC00000104,2025-05-31 05:03:00+00:00,2024-03-25 12:43:00+00:00,DEBIT,301.18,GBP,1460,CP6221,ONLINE,REFF6AXWUNFDO,2024-09-02 17:17:00+00:00
TXN0000004470,ACC00000476,2026-05-05 03:25:00+00:00,2026-01-12 10:39:00+00:00,DEBIT,760.87,GBP,3325,CP3616,POS,REF6UWMDCIY1H,2025-07-22 19:32:00+00:00
TXN0000004471,ACC00000040,2026-03-14 06:53:00+00:00,2025-08-19 02:47:00+00:00,DEBIT,315.62,GBP,4910,CP2736,ONLINE,REFR9M5HHGAKH,2025-05-04 23:48:00+00:00
TXN0000004472,ACC00000284,2024-02-08 02:48:00+00:00,2025-12-24 22:37:00+00:00,DEBIT,1915.76,USD,4514,,ONLINE,REFTCJZONCMZV,2025-08-05 09:58:00+00:00
TXN0000004473,ACC00000595,2026-01-24 10:36:00+00:00,2024-10-09 10:53:00+00:00,CREDIT,435.69,GBP,6204,CP3656,POS,REF3T9APZRI8G,2026-02-15 12:03:00+00:00
TXN0000004474,ACC00000540,2025-05-01 20:40:00+00:00,2026-04-16 12:42:00+00:00,DEBIT,996.97,USD,9891,CP1230,POS,REF1YFYC8NA0P,2026-03-19 19:22:00+00:00
TXN0000004475,ACC00000516,2024-06-07 05:59:00+00:00,2024-10-27 09:27:00+00:00,CREDIT,1966.38,GBP,3283,CP4349,POS,REFGUGHENYT0G,2025-02-18 22:30:00+00:00
TXN0000004476,ACC00000731,2024-10-14 04:08:00+00:00,2024-09-14 10:09:00+00:00,DEBIT,806.62,EUR,4249,CP7973,POS,REFYNMGUACDI7,2024-08-11 14:11:00+00:00
TXN0000004477,ACC00000534,2025-06-20 08:48:00+00:00,2024-08-31 18:00:00+00:00,DEBIT,956.95,GBP,6417,,ONLINE,REF72WNNGYSHU,2025-12-14 14:59:00+00:00
TXN0000004478,ACC00000664,2025-07-08 23:13:00+00:00,2024-01-31 08:04:00+00:00,CREDIT,177.06,USD,1384,CP4913,ONLINE,REFY4B6JHAXI3,2025-10-07 10:12:00+00:00
TXN0000004479,ACC00000039,2024-11-08 21:38:00+00:00,2025-01-14 05:19:00+00:00,CREDIT,560.59,GBP,8153,CP5977,ONLINE,REF28TBDLRZFT,2025-01-09 23:07:00+00:00
TXN0000004480,ACC00000787,2024-06-20 15:24:00+00:00,2024-06-08 23:33:00+00:00,DEBIT,264.2,GBP,3849,,ONLINE,REFP6FA0A6A73,2025-11-28 04:23:00+00:00
TXN0000004481,ACC00000231,2025-02-24 17:03:00+00:00,2025-01-19 15:34:00+00:00,DEBIT,33.13,EUR,8675,CP7516,ONLINE,REFXO04H1FJ04,2024-10-06 22:43:00+00:00
TXN0000004482,ACC00000543,2025-08-04 20:33:00+00:00,2025-01-09 10:16:00+00:00,DEBIT,634.27,USD,6082,CP3667,ONLINE,REFXC48GDXLAF,2026-02-04 07:00:00+00:00
TXN0000004483,ACC00000173,2026-02-23 08:27:00+00:00,2025-05-20 00:50:00+00:00,CREDIT,1056.94,GBP,2354,CP4177,BRANCH,REF30HMZZTQZI,2026-04-15 20:52:00+00:00
TXN0000004484,ACC00000244,2025-11-01 22:03:00+00:00,2024-03-11 16:37:00+00:00,DEBIT,1203.36,GBP,7062,CP9296,ONLINE,REF0X1BH7FW9I,2025-07-29 23:13:00+00:00
TXN0000004485,ACC00000578,2024-03-25 20:55:00+00:00,2025-04-26 15:38:00+00:00,DEBIT,941.74,GBP,8755,CP8477,ONLINE,REFGWJ5P7W7P7,2024-03-16 12:17:00+00:00
TXN0000004486,ACC00000163,2025-06-02 01:17:00+00:00,2025-12-04 11:48:00+00:00,DEBIT,818.51,USD,1873,CP2303,ONLINE,REFZ8ILFZT5GE,2024-01-05 19:53:00+00:00
TXN0000004487,ACC00000718,2024-01-09 06:12:00+00:00,2024-02-16 03:57:00+00:00,DEBIT,1711.94,USD,9324,CP2344,ONLINE,REFT0KBAGUG8T,2024-11-13 00:32:00+00:00
TXN0000004488,ACC00000095,2024-11-03 17:00:00+00:00,2025-12-02 09:24:00+00:00,DEBIT,784.5,EUR,9696,CP8779,POS,REF2QARGRAERY,2026-03-20 14:43:00+00:00
TXN0000004489,ACC00000222,2024-03-14 10:55:00+00:00,2025-04-07 01:47:00+00:00,CREDIT,690.02,GBP,4304,CP7889,ATM,REFTED6C040X2,2025-11-29 09:53:00+00:00
TXN0000004490,ACC00000101,2024-08-12 14:47:00+00:00,2025-09-22 21:48:00+00:00,DEBIT,27.54,GBP,3741,CP7634,ONLINE,REFCRGMNS7JV6,2025-06-08 21:43:00+00:00
TXN0000004491,ACC00000026,2024-09-04 11:50:00+00:00,2024-08-21 13:31:00+00:00,CREDIT,163.92,USD,9315,CP2796,POS,REFKDLRCF0P8S,2024-04-08 08:38:00+00:00
TXN0000004492,ACC00000172,2025-06-23 12:25:00+00:00,2024-05-26 20:21:00+00:00,DEBIT,555.87,USD,7441,CP8071,POS,REFQBV2W0SAHJ,2024-03-16 07:20:00+00:00
TXN0000004493,ACC00000037,2026-02-03 15:06:00+00:00,2024-02-15 23:08:00+00:00,DEBIT,279.09,GBP,1585,CP8181,ONLINE,REFQUR4EBZ35L,2025-08-26 06:40:00+00:00
TXN0000004494,ACC00000490,2024-12-20 10:16:00+00:00,2025-05-30 22:01:00+00:00,DEBIT,296.11,GBP,5323,CP7238,ATM,REFIYUM443TGJ,2024-10-28 11:24:00+00:00
TXN0000004495,ACC00000778,2024-10-06 13:56:00+00:00,2024-02-28 22:19:00+00:00,DEBIT,1700.0,GBP,2568,CP7220,ONLINE,REF4D6DR2FJFB,2024-11-07 03:40:00+00:00
TXN0000004496,ACC00000228,2024-01-17 11:15:00+00:00,2025-11-13 02:29:00+00:00,DEBIT,1179.89,USD,7234,CP5437,ATM,REFNAH4OCCB46,2025-01-12 02:48:00+00:00
TXN0000004497,ACC00000058,2025-08-22 04:57:00+00:00,2025-05-10 22:02:00+00:00,DEBIT,1720.17,USD,2637,,POS,REFMS11V1PMNC,2024-03-12 09:14:00+00:00
TXN0000004498,ACC00000240,2025-02-06 01:39:00+00:00,2026-04-28 20:31:00+00:00,DEBIT,380.63,USD,6105,CP3846,ONLINE,REFJ12ZJQUY30,2025-05-04 19:16:00+00:00
TXN0000004499,ACC00000491,2025-03-23 15:54:00+00:00,2024-09-04 08:44:00+00:00,DEBIT,1079.06,GBP,4682,CP6956,POS,REFPITK2RIGIF,2024-12-31 14:13:00+00:00
TXN0000004500,ACC00000076,2024-09-30 23:52:00+00:00,2025-03-09 01:43:00+00:00,DEBIT,789.2,EUR,6598,CP1672,POS,REFGG30JSEP8O,2025-10-24 06:11:00+00:00
TXN0000004501,ACC00000178,2025-02-16 20:44:00+00:00,2024-09-11 03:26:00+00:00,CREDIT,27.44,USD,5581,,ATM,REFFYYO83E58V,2024-02-26 21:49:00+00:00
TXN0000004502,ACC00000524,2024-05-21 15:08:00+00:00,2024-04-10 07:42:00+00:00,CREDIT,670.58,USD,4601,CP3647,ATM,REF2IZC86ZE6G,2024-05-04 03:51:00+00:00
TXN0000004503,ACC00000705,2024-02-19 20:21:00+00:00,2024-11-01 00:47:00+00:00,CREDIT,1132.18,GBP,5987,CP2818,ONLINE,REFISPGSK1QIU,2024-08-31 08:12:00+00:00
TXN0000004504,ACC00000494,2026-02-06 06:25:00+00:00,2025-05-14 18:39:00+00:00,CREDIT,472.69,GBP,2839,CP3261,ONLINE,REFRE46AKL6WV,2025-04-22 15:21:00+00:00
TXN0000004505,ACC00000140,2025-12-14 09:39:00+00:00,2024-05-10 21:47:00+00:00,CREDIT,850.53,USD,9241,CP3303,ONLINE,REFOQVD49IJAZ,2025-05-01 02:25:00+00:00
TXN0000004506,ACC00000437,2025-08-10 02:06:00+00:00,2024-03-30 12:56:00+00:00,DEBIT,632.09,EUR,3477,,POS,REF3725PYED21,2025-01-09 15:42:00+00:00
TXN0000004507,ACC00000277,2025-09-05 22:09:00+00:00,2024-10-01 11:30:00+00:00,CREDIT,572.19,GBP,6036,CP8277,POS,REFCN62ZIAH5F,2025-07-19 14:52:00+00:00
TXN0000004508,ACC00000601,2025-12-28 16:52:00+00:00,2024-11-27 05:31:00+00:00,CREDIT,305.44,GBP,6668,CP1311,POS,REFM7PFBQPI9P,2024-05-18 06:14:00+00:00
TXN0000004509,ACC00000728,2024-12-23 13:28:00+00:00,2024-12-19 09:41:00+00:00,DEBIT,217.19,GBP,6167,CP7604,POS,REFVYJSOABMDS,2025-10-14 11:44:00+00:00
TXN0000004510,ACC00000549,2026-01-26 20:59:00+00:00,2024-07-02 22:32:00+00:00,DEBIT,1486.2,GBP,8415,CP8515,ATM,REFSBWOVUFZD2,2025-08-19 16:50:00+00:00
TXN0000004511,ACC00000273,2025-11-30 04:51:00+00:00,2025-12-29 21:55:00+00:00,DEBIT,1185.23,GBP,5691,CP8025,ATM,REFYLDRKLKQ7J,2025-11-08 23:31:00+00:00
TXN0000004512,ACC00000037,2025-05-28 11:47:00+00:00,2024-07-25 04:48:00+00:00,DEBIT,433.85,EUR,7893,CP5140,POS,REF8XWP2T9HN7,2025-03-10 08:13:00+00:00
TXN0000004513,ACC00000311,2024-02-13 05:05:00+00:00,2025-07-29 12:31:00+00:00,DEBIT,248.09,GBP,5834,CP3453,POS,REFY53E9AASD5,2024-01-20 15:02:00+00:00
TXN0000004514,ACC00000027,2024-12-31 10:46:00+00:00,2025-12-04 16:21:00+00:00,DEBIT,359.09,USD,4811,CP5241,ONLINE,REF2X4WB2AIRL,2025-03-01 02:04:00+00:00
TXN0000004515,ACC00000327,2026-03-14 20:53:00+00:00,2024-04-02 11:43:00+00:00,DEBIT,941.83,GBP,4208,CP8998,ONLINE,REF5JKTX3PD3X,2025-11-18 14:00:00+00:00
TXN0000004516,ACC00000390,2025-11-03 06:35:00+00:00,2024-02-23 13:58:00+00:00,CREDIT,401.39,GBP,4777,CP2511,BRANCH,REF3YA6SAW1V9,2024-07-04 14:13:00+00:00
TXN0000004517,ACC00000753,2024-09-08 00:43:00+00:00,2025-02-04 16:59:00+00:00,DEBIT,206.23,GBP,1924,CP9195,POS,REFR2U4ZIB80S,2024-03-16 23:17:00+00:00
TXN0000004518,ACC00000011,2025-05-24 14:21:00+00:00,2025-06-04 02:22:00+00:00,CREDIT,655.73,GBP,5460,CP1153,ATM,REF3M7NKJSQRU,2025-02-23 11:28:00+00:00
TXN0000004519,ACC00000016,2024-11-23 17:08:00+00:00,2025-01-02 23:29:00+00:00,CREDIT,323.45,GBP,1263,CP9878,ONLINE,REFVGAK3I3JR6,2025-01-08 09:55:00+00:00
TXN0000004520,ACC00000457,2024-04-01 05:24:00+00:00,2024-04-22 22:20:00+00:00,DEBIT,1914.71,GBP,4555,CP2850,POS,REF7FMTT1BEXD,2025-09-02 22:11:00+00:00
TXN0000004521,ACC00000755,2024-07-05 13:16:00+00:00,2025-01-08 13:43:00+00:00,DEBIT,757.94,USD,1722,CP7680,POS,REF20A3D67NX3,2026-04-27 02:33:00+00:00
TXN0000004522,ACC00000728,2024-08-10 19:23:00+00:00,2025-03-02 02:55:00+00:00,CREDIT,262.94,EUR,6552,CP7185,ONLINE,REF8H8JPOWHDG,2024-06-29 13:21:00+00:00
TXN0000004523,ACC00000438,2025-02-11 15:41:00+00:00,2025-03-07 13:35:00+00:00,DEBIT,525.37,USD,9970,CP8802,POS,REFNZ1COZTFA9,2025-01-06 22:47:00+00:00
TXN0000004524,ACC00000059,2025-06-08 08:18:00+00:00,2025-08-19 09:02:00+00:00,CREDIT,1014.32,GBP,2332,CP8698,ONLINE,REFVGYOSEBZSW,2026-01-16 07:38:00+00:00
TXN0000004525,ACC00000310,2026-02-05 12:00:00+00:00,2025-08-02 07:26:00+00:00,DEBIT,283.35,USD,9206,,ONLINE,REF57SIB3TLQU,2026-01-23 14:36:00+00:00
TXN0000004526,ACC00000352,2025-04-01 17:39:00+00:00,2026-02-03 07:24:00+00:00,CREDIT,1690.21,GBP,2938,CP9228,BRANCH,REFMPH5KOY1IE,2026-01-16 09:25:00+00:00
TXN0000004527,ACC00000211,2026-03-06 00:53:00+00:00,2024-09-13 13:40:00+00:00,CREDIT,10.65,USD,6903,CP2658,ONLINE,REFNJKR0R4CXH,2026-02-20 02:53:00+00:00
TXN0000004528,ACC00000623,2025-05-07 10:05:00+00:00,2024-01-15 10:36:00+00:00,DEBIT,859.67,GBP,9413,CP7013,POS,REFHRDLZHDL91,2025-08-23 22:11:00+00:00
TXN0000004529,ACC00000717,2025-11-13 18:44:00+00:00,2025-01-14 10:07:00+00:00,DEBIT,2006.34,EUR,6731,CP3056,ONLINE,REFTKECC4HM5B,2024-03-29 06:04:00+00:00
TXN0000004530,ACC00000797,2025-08-06 03:38:00+00:00,2025-12-13 13:07:00+00:00,CREDIT,833.17,GBP,4869,CP9071,POS,REFCQ4PA8D5ZA,2025-04-18 20:53:00+00:00
TXN0000004531,ACC00000401,2025-05-31 02:29:00+00:00,2024-03-14 07:13:00+00:00,CREDIT,1630.65,USD,6622,CP2607,POS,REFNX3XHW97WX,2024-12-17 06:40:00+00:00
TXN0000004532,ACC00000556,2025-05-09 11:23:00+00:00,2025-08-24 10:26:00+00:00,DEBIT,64.8,GBP,1052,CP3380,ATM,REFH33C0X0CZK,2024-02-14 03:27:00+00:00
TXN0000004533,ACC00000101,2024-03-11 04:36:00+00:00,2024-07-11 05:08:00+00:00,DEBIT,199.37,GBP,8042,CP9290,POS,REF9DTN9261ZF,2024-04-20 04:14:00+00:00
TXN0000004534,ACC00000712,2025-11-24 22:17:00+00:00,2024-09-24 11:59:00+00:00,DEBIT,895.31,EUR,3055,CP2256,ATM,REF35YPEGP1FR,2025-12-16 11:07:00+00:00
TXN0000004535,ACC00000175,2024-11-02 03:50:00+00:00,2024-03-17 16:09:00+00:00,DEBIT,471.38,EUR,3490,CP4504,ATM,REFN5SHLWWYSP,2024-01-20 15:20:00+00:00
TXN0000004536,ACC00000156,2024-11-10 19:49:00+00:00,2025-01-17 12:38:00+00:00,CREDIT,208.56,GBP,6909,CP7890,ONLINE,REFZK1NZN7DRV,2024-01-09 17:24:00+00:00
TXN0000004537,ACC00000679,2024-06-18 10:13:00+00:00,2025-02-17 02:37:00+00:00,DEBIT,164.38,GBP,9771,CP5357,ATM,REFP06GBBPZ4S,2024-02-27 08:22:00+00:00
TXN0000004538,ACC00000246,2025-11-19 03:27:00+00:00,2024-05-11 02:09:00+00:00,DEBIT,1332.45,EUR,1547,CP6178,ONLINE,REFGEW9U62MAZ,2026-02-12 17:52:00+00:00
TXN0000004539,ACC00000560,2024-10-09 19:34:00+00:00,2025-10-18 22:27:00+00:00,DEBIT,517.45,EUR,5521,,ONLINE,REFFRM5G540BX,2025-10-18 17:32:00+00:00
TXN0000004540,ACC00000790,2024-07-01 16:48:00+00:00,2025-08-04 14:54:00+00:00,DEBIT,1672.88,GBP,2032,CP3189,ONLINE,REF8P4JL647RX,2025-12-05 12:44:00+00:00
TXN0000004541,ACC00000690,2025-11-20 07:33:00+00:00,2026-01-26 09:35:00+00:00,DEBIT,255.53,GBP,5120,CP7403,ONLINE,REFD4CD1QCB6A,2026-03-17 02:10:00+00:00
TXN0000004542,ACC00000017,2026-03-10 20:21:00+00:00,2026-02-17 22:56:00+00:00,DEBIT,383.45,GBP,4935,,POS,REFU9RFMTDSMT,2025-06-24 06:37:00+00:00
TXN0000004543,ACC00000315,2025-11-09 18:30:00+00:00,2025-02-01 18:31:00+00:00,CREDIT,1704.62,GBP,8261,,ONLINE,REF06SCLDCDMK,2025-07-16 19:58:00+00:00
TXN0000004544,ACC00000367,2024-10-05 14:28:00+00:00,2025-07-20 09:33:00+00:00,DEBIT,1642.18,GBP,4208,CP3212,ONLINE,REFCULKV0C67E,2024-04-21 17:20:00+00:00
TXN0000004545,ACC00000608,2025-03-20 11:24:00+00:00,2025-05-08 18:48:00+00:00,DEBIT,345.9,USD,4902,CP3472,POS,REF9QXEL9F05V,2025-07-15 22:48:00+00:00
TXN0000004546,ACC00000678,2026-03-09 10:37:00+00:00,2026-04-27 16:40:00+00:00,CREDIT,218.28,GBP,4501,CP6165,ONLINE,REFWOP4XUPCSJ,2024-03-19 04:16:00+00:00
TXN0000004547,ACC00000268,2024-02-07 15:01:00+00:00,2025-09-13 13:47:00+00:00,DEBIT,631.6,GBP,2101,CP6757,ONLINE,REF60A7BEECOT,2025-07-15 07:49:00+00:00
TXN0000004548,ACC00000007,2025-01-05 10:19:00+00:00,2024-07-21 02:36:00+00:00,CREDIT,1490.99,USD,3886,CP4487,POS,REF9DGYKTP813,2024-09-28 16:34:00+00:00
TXN0000004549,ACC00000129,2026-01-12 19:16:00+00:00,2025-03-11 07:03:00+00:00,CREDIT,534.21,GBP,4353,CP8010,ATM,REFY3TDHHI4Y0,2024-10-16 18:52:00+00:00
TXN0000004550,ACC00000279,2025-10-26 22:13:00+00:00,2024-12-21 05:31:00+00:00,DEBIT,190.84,GBP,9689,CP8653,ONLINE,REFG6EW3EARDQ,2024-01-10 06:59:00+00:00
TXN0000004551,ACC00000009,2025-10-15 09:14:00+00:00,2025-10-04 01:16:00+00:00,CREDIT,349.05,GBP,7242,CP3569,POS,REFTH8EC5FBXU,2024-02-02 11:52:00+00:00
TXN0000004552,ACC00000395,2026-02-23 13:34:00+00:00,2025-12-26 06:24:00+00:00,DEBIT,227.88,GBP,6781,CP6031,ATM,REF2UWQAB4H8Y,2025-12-12 23:02:00+00:00
TXN0000004553,ACC00000789,2025-04-27 21:31:00+00:00,2025-08-07 05:11:00+00:00,CREDIT,1152.52,GBP,6509,CP3653,ATM,REF2Y6IZ2U9MV,2026-03-04 07:45:00+00:00
TXN0000004554,ACC00000251,2024-04-14 10:55:00+00:00,2026-02-19 11:52:00+00:00,DEBIT,1384.21,GBP,7602,CP7801,BRANCH,REFTQ6REXXEZ3,2024-11-25 19:38:00+00:00
TXN0000004555,ACC00000105,2025-02-24 18:11:00+00:00,2025-07-30 23:05:00+00:00,DEBIT,709.06,USD,6587,CP8251,ONLINE,REFJ6ZFQR0OZS,2025-02-20 22:22:00+00:00
TXN0000004556,ACC00000313,2024-05-24 23:00:00+00:00,2025-03-08 08:08:00+00:00,DEBIT,1094.51,EUR,1971,CP2425,POS,REF6G9JI8Z90Y,2024-01-04 20:34:00+00:00
TXN0000004557,ACC00000229,2026-04-29 18:17:00+00:00,2024-08-28 00:07:00+00:00,DEBIT,47.38,GBP,3561,CP3178,ONLINE,REFV8VIH5ZAKI,2024-11-21 01:21:00+00:00
TXN0000004558,ACC00000368,2026-02-25 19:54:00+00:00,2024-05-17 15:18:00+00:00,CREDIT,116.39,GBP,3240,CP6575,POS,REFUOLJA8P6CZ,2025-07-29 08:18:00+00:00
TXN0000004559,ACC00000204,2024-02-25 15:25:00+00:00,2025-02-19 18:58:00+00:00,CREDIT,211.18,GBP,1159,CP8959,ONLINE,REF62PO0J0GMR,2025-11-06 19:54:00+00:00
TXN0000004560,ACC00000466,2025-12-11 07:19:00+00:00,2026-01-05 00:07:00+00:00,DEBIT,1523.96,USD,9706,CP5386,ONLINE,REFICV9PWU1ZX,2024-11-30 17:23:00+00:00
TXN0000004561,ACC00000503,2024-04-25 11:13:00+00:00,2025-05-14 12:13:00+00:00,DEBIT,1871.48,GBP,1295,CP1612,ONLINE,REF20RNZ3EF45,2024-11-14 17:38:00+00:00
TXN0000004562,ACC00000530,2025-01-03 18:29:00+00:00,2024-04-20 19:05:00+00:00,CREDIT,893.77,GBP,7131,CP8499,ONLINE,REFI1RFPCVNQK,2025-02-13 16:43:00+00:00
TXN0000004563,ACC00000459,2025-04-22 03:03:00+00:00,2025-08-07 16:55:00+00:00,CREDIT,784.96,GBP,4112,,POS,REFLUAFJHG5HI,2024-03-24 02:29:00+00:00
TXN0000004564,ACC00000624,2025-11-10 01:07:00+00:00,2025-03-11 07:29:00+00:00,CREDIT,1348.07,GBP,9912,CP7653,ONLINE,REF11E2YWJ8E6,2025-06-04 20:49:00+00:00
TXN0000004565,ACC00000176,2024-05-06 10:41:00+00:00,2025-11-29 20:01:00+00:00,CREDIT,1585.83,USD,5867,CP8950,POS,REFXL9GQJWD2D,2024-01-16 15:17:00+00:00
TXN0000004566,ACC00000178,2024-09-15 14:29:00+00:00,2026-05-06 16:23:00+00:00,DEBIT,729.28,GBP,9125,CP5250,BRANCH,REF53CIZOCHXA,2025-05-06 02:25:00+00:00
TXN0000004567,ACC00000265,2024-08-22 09:39:00+00:00,2025-11-14 11:14:00+00:00,DEBIT,1062.52,GBP,3506,CP6039,POS,REFB13J0KKLCT,2024-10-03 23:49:00+00:00
TXN0000004568,ACC00000077,2024-09-26 07:42:00+00:00,2026-04-11 12:00:00+00:00,CREDIT,1431.55,GBP,8371,CP1461,POS,REFZKPJ9DO16T,2025-10-23 23:26:00+00:00
TXN0000004569,ACC00000013,2024-03-14 21:16:00+00:00,2025-03-06 04:11:00+00:00,DEBIT,614.36,GBP,7055,CP7289,ONLINE,REFJMB74RRV2R,2025-10-23 12:26:00+00:00
TXN0000004570,ACC00000630,2025-12-11 17:30:00+00:00,2024-07-16 00:26:00+00:00,CREDIT,523.97,GBP,2070,CP2928,ONLINE,REFBAJV87N7TM,2025-12-24 13:40:00+00:00
TXN0000004571,ACC00000458,2024-05-16 05:22:00+00:00,2024-07-12 11:26:00+00:00,DEBIT,102.36,GBP,4479,CP1382,ATM,REFBGYOIP5Y83,2024-08-15 20:56:00+00:00
TXN0000004572,ACC00000515,2025-01-09 14:32:00+00:00,2025-04-26 06:41:00+00:00,DEBIT,1751.65,USD,4017,CP7444,POS,REF0KS06HU5L0,2024-02-25 21:05:00+00:00
TXN0000004573,ACC00000714,2024-12-10 12:16:00+00:00,2026-01-24 11:31:00+00:00,CREDIT,790.43,USD,5587,CP1726,ATM,REFFMOJMXZZZZ,2024-01-08 12:33:00+00:00
TXN0000004574,ACC00000672,2024-04-16 07:21:00+00:00,2025-04-10 11:25:00+00:00,CREDIT,12.83,EUR,7491,CP9126,BRANCH,REFJ4KXVGSF18,2024-07-19 17:47:00+00:00
TXN0000004575,ACC00000038,2024-10-03 20:46:00+00:00,2025-09-27 23:18:00+00:00,CREDIT,9.56,GBP,6329,CP5975,ONLINE,REFRNVLFEQ6HK,2024-06-16 02:10:00+00:00
TXN0000004576,ACC00000196,2025-10-11 15:19:00+00:00,2024-06-19 19:33:00+00:00,DEBIT,655.6,GBP,2245,CP4314,ATM,REFAJN5KIBD6J,2024-12-27 08:22:00+00:00
TXN0000004577,ACC00000510,2024-04-07 12:34:00+00:00,2024-11-12 02:00:00+00:00,DEBIT,515.21,GBP,9948,CP6811,ONLINE,REFRRHMNUQAVV,2025-02-15 18:12:00+00:00
TXN0000004578,ACC00000768,2024-12-02 20:23:00+00:00,2026-03-29 09:56:00+00:00,DEBIT,304.5,GBP,4094,CP1104,ONLINE,REF3US3M4ZUAD,2025-07-18 21:33:00+00:00
TXN0000004579,ACC00000445,2025-04-23 06:39:00+00:00,2024-01-09 22:02:00+00:00,DEBIT,417.56,EUR,7057,CP1853,ATM,REFJC6DKKKZUI,2024-11-22 09:21:00+00:00
TXN0000004580,ACC00000332,2025-11-12 10:09:00+00:00,2024-08-10 23:10:00+00:00,DEBIT,1205.15,GBP,2628,,ONLINE,REFT7OTCFWEZP,2025-03-25 01:40:00+00:00
TXN0000004581,ACC00000203,2024-08-31 04:34:00+00:00,2025-04-25 06:01:00+00:00,DEBIT,1303.6,GBP,5178,CP9525,ONLINE,REFM62ZKEQOBB,2026-03-20 03:18:00+00:00
TXN0000004582,ACC00000012,2025-01-10 11:22:00+00:00,2024-08-11 04:19:00+00:00,CREDIT,453.41,GBP,8123,,ATM,REF3B6TF9MQPS,2026-03-22 04:43:00+00:00
TXN0000004583,ACC00000710,2025-07-19 00:53:00+00:00,2026-02-24 16:11:00+00:00,DEBIT,130.21,GBP,2856,CP1959,POS,REFYM0N7BY7Q9,2024-12-22 20:47:00+00:00
TXN0000004584,ACC00000094,2026-03-04 21:47:00+00:00,2025-12-27 14:19:00+00:00,DEBIT,1800.05,GBP,3740,CP6549,POS,REF9S48GZENXY,2025-10-20 10:17:00+00:00
TXN0000004585,ACC00000308,2025-08-19 11:31:00+00:00,2025-12-12 12:13:00+00:00,DEBIT,1751.18,GBP,1730,CP6971,POS,REFKHN21PJOS6,2025-09-29 04:50:00+00:00
TXN0000004586,ACC00000356,2026-02-03 19:19:00+00:00,2026-02-05 10:08:00+00:00,CREDIT,533.99,USD,2873,CP4342,POS,REFDXDXF3L7JN,2026-03-19 21:15:00+00:00
TXN0000004587,ACC00000636,2026-05-02 15:23:00+00:00,2025-11-30 23:14:00+00:00,DEBIT,1423.41,GBP,5347,CP4562,POS,REF7H8FKT9T5A,2025-10-24 01:05:00+00:00
TXN0000004588,ACC00000494,2025-05-28 03:41:00+00:00,2026-03-16 10:53:00+00:00,CREDIT,1046.32,GBP,1665,CP3410,BRANCH,REF5UQ45AY5LJ,2024-08-14 10:23:00+00:00
TXN0000004589,ACC00000006,2025-02-22 12:02:00+00:00,2025-02-27 02:07:00+00:00,CREDIT,1096.8,GBP,8428,CP4715,POS,REFG6FYWF3UNI,2024-12-12 11:42:00+00:00
TXN0000004590,ACC00000718,2024-06-08 16:49:00+00:00,2025-07-24 16:44:00+00:00,DEBIT,128.65,GBP,9297,CP1354,ATM,REFJ0R778P4V9,2025-09-30 15:41:00+00:00
TXN0000004591,ACC00000268,2024-09-25 20:40:00+00:00,2026-02-09 04:00:00+00:00,DEBIT,41.69,GBP,4699,CP5815,ONLINE,REF1TTSHELJED,2026-05-07 23:42:00+00:00
TXN0000004592,ACC00000781,2024-04-30 06:26:00+00:00,2024-09-05 17:00:00+00:00,DEBIT,865.2,EUR,5498,CP4028,ONLINE,REF720F76IT0G,2024-11-16 15:52:00+00:00
TXN0000004593,ACC00000730,2024-06-20 07:13:00+00:00,2025-12-04 13:54:00+00:00,DEBIT,1271.25,USD,1298,CP1164,ATM,REFDUFD3A4XCK,2026-02-04 16:33:00+00:00
TXN0000004594,ACC00000268,2026-01-29 23:41:00+00:00,2026-04-24 21:45:00+00:00,CREDIT,414.92,GBP,1090,CP8892,POS,REF3NKB56FK7W,2025-02-22 17:55:00+00:00
TXN0000004595,ACC00000702,2026-03-16 20:19:00+00:00,2026-01-07 18:21:00+00:00,DEBIT,193.66,USD,8368,CP7374,ONLINE,REF584T4WCNW2,2024-10-31 08:29:00+00:00
TXN0000004596,ACC00000451,2025-03-30 00:19:00+00:00,2025-06-01 21:26:00+00:00,DEBIT,528.53,GBP,8287,CP3987,POS,REFHUP8AVS87N,2024-06-02 00:30:00+00:00
TXN0000004597,ACC00000632,2024-01-19 14:06:00+00:00,2024-05-22 21:04:00+00:00,CREDIT,1598.85,EUR,2236,CP1911,ONLINE,REFFCDI3E9ZJA,2025-09-16 09:36:00+00:00
TXN0000004598,ACC00000435,2024-09-14 12:51:00+00:00,2025-07-29 10:12:00+00:00,DEBIT,1473.17,GBP,7900,CP9465,ATM,REFW0KA1C9NBD,2025-05-24 00:25:00+00:00
TXN0000004599,ACC00000259,2025-08-30 14:40:00+00:00,2025-10-27 21:55:00+00:00,DEBIT,106.88,GBP,1981,CP8404,ONLINE,REFZHCGL6D5GV,2025-02-05 04:43:00+00:00
TXN0000004600,ACC00000453,2026-01-03 03:16:00+00:00,2024-03-06 22:06:00+00:00,DEBIT,478.54,GBP,2638,CP5241,POS,REFSN4VZCSCNS,2024-04-24 10:26:00+00:00
TXN0000004601,ACC00000149,2026-01-17 15:42:00+00:00,2024-04-06 20:59:00+00:00,DEBIT,226.14,USD,1510,CP9606,ONLINE,REFV6U13VOSHZ,2025-08-05 04:11:00+00:00
TXN0000004602,ACC00000137,2025-08-27 15:46:00+00:00,2024-06-16 16:48:00+00:00,DEBIT,1531.26,EUR,4611,CP1891,ONLINE,REFKFWSFC78VW,2024-04-27 11:18:00+00:00
TXN0000004603,ACC00000590,2026-04-08 22:15:00+00:00,2024-03-21 14:31:00+00:00,DEBIT,290.86,EUR,2798,CP4500,BRANCH,REFIQFVJDINGK,2026-04-21 20:23:00+00:00
TXN0000004604,ACC00000617,2024-10-24 03:35:00+00:00,2026-03-25 19:01:00+00:00,DEBIT,43.92,GBP,8230,CP8717,ONLINE,REFL160QD1TO9,2025-03-29 23:32:00+00:00
TXN0000004605,ACC00000250,2024-12-23 22:20:00+00:00,2026-04-08 06:40:00+00:00,DEBIT,813.99,GBP,4958,CP2067,POS,REFWXUKEX8NRS,2026-03-06 09:33:00+00:00
TXN0000004606,ACC00000317,2025-08-08 10:02:00+00:00,2025-02-04 13:24:00+00:00,CREDIT,435.05,GBP,6062,,ONLINE,REFVJ8JGOIW2A,2026-03-27 12:02:00+00:00
TXN0000004607,ACC00000185,2025-06-14 22:13:00+00:00,2025-02-06 07:25:00+00:00,CREDIT,1076.62,GBP,8051,CP6009,POS,REFXK1JUKXY6N,2024-05-13 11:18:00+00:00
TXN0000004608,ACC00000675,2025-05-26 09:23:00+00:00,2025-10-28 23:39:00+00:00,CREDIT,598.54,GBP,4324,,ONLINE,REFZ8X24DIO0I,2026-04-22 00:40:00+00:00
TXN0000004609,ACC00000336,2026-01-01 12:02:00+00:00,2024-11-07 15:11:00+00:00,DEBIT,533.92,GBP,3868,,ATM,REF7AZJ8BLDTU,2024-05-26 18:44:00+00:00
TXN0000004610,ACC00000644,2024-05-05 14:01:00+00:00,2025-06-03 02:41:00+00:00,DEBIT,77.87,GBP,2561,CP6005,ONLINE,REFS7N9T03T8M,2024-01-04 22:49:00+00:00
TXN0000004611,ACC00000144,2024-07-14 19:52:00+00:00,2024-09-09 05:26:00+00:00,CREDIT,755.95,USD,7030,CP9597,ONLINE,REFYV2RR7GMMQ,2024-03-12 12:33:00+00:00
TXN0000004612,ACC00000007,2025-02-01 03:01:00+00:00,2024-11-30 18:32:00+00:00,DEBIT,138.66,USD,6888,CP6213,ATM,REFNWEJQRNLYG,2024-12-09 21:49:00+00:00
TXN0000004613,ACC00000556,2024-03-20 14:22:00+00:00,2024-10-13 10:00:00+00:00,DEBIT,81.68,GBP,4629,CP5700,ONLINE,REFU77F1IUTAI,2024-05-08 18:38:00+00:00
TXN0000004614,ACC00000367,2025-09-22 21:01:00+00:00,2024-07-16 06:43:00+00:00,DEBIT,1320.49,USD,4949,CP9795,POS,REFKBT5WYIYY7,2025-11-14 02:38:00+00:00
TXN0000004615,ACC00000283,2025-11-05 01:48:00+00:00,2025-05-18 19:03:00+00:00,CREDIT,1281.6,GBP,8605,CP5476,BRANCH,REFTL28KG2IIC,2024-10-26 05:11:00+00:00
TXN0000004616,ACC00000150,2024-04-17 14:47:00+00:00,2026-01-04 05:42:00+00:00,DEBIT,871.93,EUR,6250,CP6178,POS,REF23OSUYH9ZZ,2025-05-21 20:35:00+00:00
TXN0000004617,ACC00000205,2024-02-06 12:29:00+00:00,2025-11-10 19:17:00+00:00,DEBIT,730.56,EUR,4310,CP7058,ONLINE,REFHAM72MWHYG,2025-05-22 20:34:00+00:00
TXN0000004618,ACC00000787,2025-08-09 20:17:00+00:00,2024-02-01 07:31:00+00:00,CREDIT,383.15,GBP,2666,CP1277,ONLINE,REFXF8HV5VTLZ,2024-06-06 06:03:00+00:00
TXN0000004619,ACC00000712,2025-08-11 01:31:00+00:00,2025-01-04 06:22:00+00:00,DEBIT,807.15,USD,9098,CP9058,POS,REFCYOJB7E5AX,2026-04-06 03:30:00+00:00
TXN0000004620,ACC00000556,2025-07-10 13:44:00+00:00,2025-10-10 22:12:00+00:00,DEBIT,352.83,USD,6363,CP5238,POS,REFYHIL6V0PWV,2024-07-29 21:31:00+00:00
TXN0000004621,ACC00000101,2025-09-03 05:33:00+00:00,2025-11-13 23:06:00+00:00,DEBIT,499.26,USD,3150,CP7163,BRANCH,REF2R5L8F34DO,2024-12-11 07:05:00+00:00
TXN0000004622,ACC00000726,2024-11-16 10:43:00+00:00,2025-11-06 06:09:00+00:00,DEBIT,1177.13,GBP,9950,CP3992,ATM,REFHRDY4K8PF4,2024-09-13 21:59:00+00:00
TXN0000004623,ACC00000092,2024-04-10 12:57:00+00:00,2025-12-28 08:47:00+00:00,DEBIT,1126.82,EUR,7154,,POS,REFW113PSPK3N,2025-02-11 22:42:00+00:00
TXN0000004624,ACC00000641,2025-12-21 04:07:00+00:00,2024-12-17 04:54:00+00:00,CREDIT,1512.8,GBP,2639,CP2966,ONLINE,REFEO8TVCJI3R,2024-04-23 22:46:00+00:00
TXN0000004625,ACC00000674,2026-02-06 11:37:00+00:00,2025-12-06 14:44:00+00:00,DEBIT,1698.2,GBP,4029,CP6088,ONLINE,REF380QQDCZ87,2025-06-26 02:03:00+00:00
TXN0000004626,ACC00000181,2026-04-09 07:42:00+00:00,2024-12-03 13:28:00+00:00,DEBIT,897.04,GBP,3597,CP5513,ONLINE,REFYHZW8QJKJY,2025-11-14 15:29:00+00:00
TXN0000004627,ACC00000602,2025-07-16 18:27:00+00:00,2026-04-30 03:37:00+00:00,CREDIT,1422.11,GBP,5184,CP2011,ONLINE,REFO26IFN9K08,2025-03-31 14:32:00+00:00
TXN0000004628,ACC00000005,2025-03-31 12:43:00+00:00,2025-10-08 10:03:00+00:00,CREDIT,939.93,USD,1377,CP4203,ONLINE,REF8K6XJOP55M,2024-07-11 20:58:00+00:00
TXN0000004629,ACC00000152,2024-09-12 11:12:00+00:00,2026-04-12 23:15:00+00:00,DEBIT,1080.82,GBP,1770,CP5765,ATM,REFD9ENV2EH2Y,2024-10-20 05:27:00+00:00
TXN0000004630,ACC00000561,2026-03-20 13:31:00+00:00,2024-02-25 11:25:00+00:00,DEBIT,295.63,GBP,1539,CP2298,ATM,REFOVPZUOT0M7,2026-01-17 00:50:00+00:00
TXN0000004631,ACC00000135,2024-09-02 11:56:00+00:00,2025-05-28 14:35:00+00:00,DEBIT,577.24,GBP,3207,CP2222,POS,REFZMG2W5SCRC,2025-10-04 06:25:00+00:00
TXN0000004632,ACC00000518,2025-11-20 11:45:00+00:00,2024-03-04 14:50:00+00:00,CREDIT,1348.56,GBP,6124,CP7983,ONLINE,REF8I1HS4OV81,2024-12-19 09:27:00+00:00
TXN0000004633,ACC00000487,2025-06-23 19:26:00+00:00,2024-03-09 04:44:00+00:00,DEBIT,524.58,GBP,4232,,ONLINE,REF0NH5BR3V47,2024-03-08 22:59:00+00:00
TXN0000004634,ACC00000529,2024-02-16 15:03:00+00:00,2026-03-02 12:21:00+00:00,CREDIT,502.25,GBP,9093,CP3260,ONLINE,REFZX7DLGB1UH,2025-07-25 07:47:00+00:00
TXN0000004635,ACC00000055,2025-04-10 04:08:00+00:00,2024-06-04 09:54:00+00:00,DEBIT,611.76,GBP,6474,CP6421,POS,REFWDCOP22AGT,2025-03-16 07:29:00+00:00
TXN0000004636,ACC00000726,2025-06-30 17:13:00+00:00,2025-09-29 09:50:00+00:00,CREDIT,1674.45,GBP,9842,CP7913,ONLINE,REF6X3PKI65BC,2025-03-08 13:48:00+00:00
TXN0000004637,ACC00000420,2024-10-03 02:13:00+00:00,2025-07-08 19:04:00+00:00,CREDIT,1012.12,GBP,2370,CP3569,ONLINE,REFEL41HLY49Q,2025-05-06 06:23:00+00:00
TXN0000004638,ACC00000100,2024-08-24 11:52:00+00:00,2025-05-27 11:10:00+00:00,DEBIT,658.08,USD,9733,CP3202,POS,REFEF8ADQCMVT,2025-01-25 06:39:00+00:00
TXN0000004639,ACC00000459,2024-04-19 06:39:00+00:00,2026-03-29 23:38:00+00:00,DEBIT,704.84,USD,4735,CP5555,ONLINE,REFP4SDANUNW0,2025-01-07 03:56:00+00:00
TXN0000004640,ACC00000392,2024-01-08 02:17:00+00:00,2025-06-01 07:32:00+00:00,DEBIT,15.33,GBP,6630,CP2593,ONLINE,REFN2Z4V28XHN,2025-02-24 13:08:00+00:00
TXN0000004641,ACC00000004,2024-07-13 01:38:00+00:00,2025-05-29 05:58:00+00:00,CREDIT,296.55,USD,1627,CP9899,ONLINE,REF29E9NVPO61,2025-03-11 22:24:00+00:00
TXN0000004642,ACC00000293,2025-04-24 09:10:00+00:00,2024-01-05 22:04:00+00:00,DEBIT,443.63,USD,1739,CP2065,ONLINE,REF1W3RYW0HUN,2024-05-15 07:44:00+00:00
TXN0000004643,ACC00000076,2025-05-19 20:19:00+00:00,2024-12-01 03:17:00+00:00,DEBIT,9.25,GBP,4031,CP9566,POS,REFPEB5OZNFTI,2024-11-26 22:07:00+00:00
TXN0000004644,ACC00000086,2025-09-21 07:27:00+00:00,2025-08-24 14:28:00+00:00,CREDIT,60.25,GBP,3381,CP1695,POS,REFT3LDF5K8E3,2024-12-18 00:44:00+00:00
TXN0000004645,ACC00000090,2025-02-18 21:59:00+00:00,2025-05-23 13:17:00+00:00,CREDIT,162.99,USD,8748,CP7377,ONLINE,REFIBG6VLDYG0,2025-03-19 22:18:00+00:00
TXN0000004646,ACC00000350,2024-08-18 10:30:00+00:00,2025-08-11 02:15:00+00:00,DEBIT,120.06,USD,5380,CP7258,ATM,REFLWAQX63TNE,2025-11-02 12:46:00+00:00
TXN0000004647,ACC00000429,2025-12-30 23:36:00+00:00,2025-02-13 23:05:00+00:00,CREDIT,245.76,USD,1209,CP7674,ONLINE,REFJQN58WZP76,2024-01-13 06:42:00+00:00
TXN0000004648,ACC00000266,2025-02-27 14:49:00+00:00,2025-02-22 11:28:00+00:00,DEBIT,1124.39,GBP,9692,CP2908,ONLINE,REFYA0BIHTQX6,2026-01-15 06:12:00+00:00
TXN0000004649,ACC00000441,2026-04-19 02:44:00+00:00,2025-02-27 11:08:00+00:00,DEBIT,214.71,USD,9044,CP4642,ONLINE,REFY51G49VDL3,2025-11-14 17:30:00+00:00
TXN0000004650,ACC00000585,2024-10-01 16:01:00+00:00,2025-06-04 05:08:00+00:00,DEBIT,1149.98,EUR,7094,CP7249,ONLINE,REFV5SLR4H34I,2026-04-28 02:41:00+00:00
TXN0000004651,ACC00000705,2024-07-19 22:49:00+00:00,2025-12-21 12:06:00+00:00,DEBIT,336.64,GBP,8999,CP6937,ATM,REF7S8Y0D7OW1,2025-12-16 10:17:00+00:00
TXN0000004652,ACC00000456,2025-11-14 00:42:00+00:00,2025-08-04 20:20:00+00:00,DEBIT,455.76,USD,9467,CP2477,POS,REFDMP10BLLZS,2025-01-17 20:43:00+00:00
TXN0000004653,ACC00000372,2024-02-22 14:43:00+00:00,2025-11-03 08:45:00+00:00,DEBIT,204.99,USD,5279,CP3845,POS,REF567JHL16CO,2024-05-01 21:25:00+00:00
TXN0000004654,ACC00000779,2026-01-08 07:51:00+00:00,2025-07-31 21:52:00+00:00,DEBIT,59.76,USD,3234,CP8756,BRANCH,REF53D7733IPC,2025-01-07 01:28:00+00:00
TXN0000004655,ACC00000134,2025-01-07 20:27:00+00:00,2024-01-25 04:36:00+00:00,CREDIT,512.97,GBP,4750,CP1193,BRANCH,REFNGP7G2Z46E,2025-04-15 15:33:00+00:00
TXN0000004656,ACC00000553,2025-01-08 17:52:00+00:00,2024-11-08 17:54:00+00:00,DEBIT,680.44,GBP,6675,CP5374,BRANCH,REFH1JUU4SMO1,2025-11-21 03:57:00+00:00
TXN0000004657,ACC00000306,2024-06-06 12:52:00+00:00,2024-09-26 18:49:00+00:00,DEBIT,672.95,USD,2328,CP8770,POS,REFCJ4FZHXSI1,2025-03-05 21:58:00+00:00
TXN0000004658,ACC00000414,2024-01-26 16:11:00+00:00,2024-10-30 06:42:00+00:00,CREDIT,909.63,GBP,1623,CP9827,ONLINE,REF3HFRT9LMRO,2024-05-28 07:56:00+00:00
TXN0000004659,ACC00000568,2024-12-16 05:42:00+00:00,2026-02-01 08:47:00+00:00,DEBIT,632.0,GBP,3622,CP5859,ONLINE,REFEISFHVL85H,2024-07-17 15:19:00+00:00
TXN0000004660,ACC00000601,2025-03-01 07:57:00+00:00,2024-11-23 14:30:00+00:00,CREDIT,498.98,GBP,8107,CP4726,ONLINE,REFFNEPJRJZS1,2025-05-19 10:10:00+00:00
TXN0000004661,ACC00000619,2026-01-16 15:51:00+00:00,2026-05-03 13:55:00+00:00,CREDIT,745.2,GBP,6092,CP1849,ONLINE,REFWDJ9978ZTL,2024-12-22 21:47:00+00:00
TXN0000004662,ACC00000734,2025-08-28 08:45:00+00:00,2025-02-08 02:46:00+00:00,DEBIT,1283.22,EUR,3969,CP9844,ONLINE,REFSSWZ0KKTI7,2025-03-10 04:32:00+00:00
TXN0000004663,ACC00000384,2026-03-08 02:09:00+00:00,2024-08-31 17:34:00+00:00,DEBIT,755.07,USD,2811,,ATM,REFZC9TPPQQK2,2026-04-20 11:36:00+00:00
TXN0000004664,ACC00000613,2025-06-02 16:24:00+00:00,2025-03-23 10:40:00+00:00,CREDIT,97.53,GBP,5941,CP3302,ONLINE,REFFT4T2X9JKE,2025-11-12 12:14:00+00:00
TXN0000004665,ACC00000560,2025-03-15 18:06:00+00:00,2024-12-14 00:49:00+00:00,DEBIT,1279.31,USD,3285,CP9530,ONLINE,REFYLTG6KMDVH,2026-03-06 08:49:00+00:00
TXN0000004666,ACC00000687,2024-03-31 04:43:00+00:00,2026-01-24 01:45:00+00:00,CREDIT,291.91,GBP,9724,CP4792,ONLINE,REF8XACBTFQ8S,2026-04-26 06:35:00+00:00
TXN0000004667,ACC00000054,2024-05-11 06:50:00+00:00,2025-08-19 02:44:00+00:00,CREDIT,43.83,GBP,9364,CP6367,POS,REFKJCZ4HL6IM,2024-06-27 01:55:00+00:00
TXN0000004668,ACC00000784,2026-04-01 05:04:00+00:00,2025-01-11 19:22:00+00:00,DEBIT,283.44,GBP,5865,CP2654,ONLINE,REF7L6VX4H9LX,2025-05-06 04:29:00+00:00
TXN0000004669,ACC00000487,2024-09-27 20:42:00+00:00,2026-01-07 12:47:00+00:00,DEBIT,750.85,GBP,2190,CP8649,POS,REF64GVOVXO7W,2024-12-04 12:22:00+00:00
TXN0000004670,ACC00000124,2024-06-19 10:55:00+00:00,2025-03-30 16:12:00+00:00,CREDIT,1917.12,EUR,7351,,ATM,REFMVNFJM9SRS,2024-07-05 20:09:00+00:00
TXN0000004671,ACC00000727,2024-06-11 12:05:00+00:00,2024-05-25 06:36:00+00:00,CREDIT,387.03,EUR,4809,CP2373,POS,REFNJL1FM0ZU2,2025-04-07 04:08:00+00:00
TXN0000004672,ACC00000384,2024-04-20 18:31:00+00:00,2025-12-14 20:47:00+00:00,DEBIT,1706.07,GBP,5561,CP3993,ATM,REFZO0L80VSWT,2024-12-20 12:44:00+00:00
TXN0000004673,ACC00000138,2026-03-19 20:34:00+00:00,2026-03-14 11:59:00+00:00,DEBIT,692.21,GBP,5676,CP2046,ATM,REF12YV7ASV93,2025-09-29 22:50:00+00:00
TXN0000004674,ACC00000408,2025-08-04 04:53:00+00:00,2026-02-13 18:48:00+00:00,CREDIT,1383.85,USD,9047,CP6488,ONLINE,REF9C51O0BN4Z,2025-08-19 21:46:00+00:00
TXN0000004675,ACC00000266,2024-12-07 19:55:00+00:00,2024-07-11 12:51:00+00:00,DEBIT,26.19,USD,8673,CP6489,ATM,REF04XGMS7OM0,2024-05-18 06:51:00+00:00
TXN0000004676,ACC00000706,2024-11-09 12:48:00+00:00,2024-01-16 03:37:00+00:00,CREDIT,655.35,GBP,4062,CP3207,BRANCH,REF6HMQ31YT4B,2026-02-22 16:57:00+00:00
TXN0000004677,ACC00000693,2026-02-15 10:28:00+00:00,2026-03-09 09:05:00+00:00,CREDIT,770.14,GBP,8944,CP5721,POS,REFM0PWGDZCVT,2025-09-24 09:08:00+00:00
TXN0000004678,ACC00000526,2024-09-27 20:40:00+00:00,2024-06-06 20:29:00+00:00,DEBIT,7.64,GBP,7816,CP7947,ATM,REF2XBDDDMHND,2026-03-19 16:29:00+00:00
TXN0000004679,ACC00000797,2024-10-06 12:58:00+00:00,2024-02-01 13:24:00+00:00,CREDIT,701.38,USD,4256,CP3913,POS,REFTWU3NE5EZD,2025-05-12 16:42:00+00:00
TXN0000004680,ACC00000111,2025-01-16 22:13:00+00:00,2024-04-18 17:49:00+00:00,DEBIT,897.85,EUR,3469,CP1742,BRANCH,REFQVSXNMA801,2025-12-23 10:36:00+00:00
TXN0000004681,ACC00000578,2024-07-04 11:43:00+00:00,2024-12-01 21:14:00+00:00,CREDIT,573.21,EUR,1093,CP6349,ATM,REFV8YWCIB3AI,2024-03-03 00:04:00+00:00
TXN0000004682,ACC00000382,2026-04-18 10:17:00+00:00,2025-02-23 01:45:00+00:00,DEBIT,1203.62,GBP,6667,CP1711,POS,REF6V1IO7B3I0,2024-05-29 10:08:00+00:00
TXN0000004683,ACC00000001,2024-10-20 02:07:00+00:00,2025-06-27 15:34:00+00:00,CREDIT,146.01,GBP,7040,CP1057,ONLINE,REFC8PLMHPWH9,2025-12-09 12:03:00+00:00
TXN0000004684,ACC00000143,2025-06-17 03:51:00+00:00,2024-02-12 14:08:00+00:00,CREDIT,486.59,GBP,2319,CP9438,ONLINE,REFF1277LPNXB,2025-04-24 19:11:00+00:00
TXN0000004685,ACC00000172,2026-03-02 22:34:00+00:00,2024-01-01 21:08:00+00:00,DEBIT,60.81,EUR,7010,CP5976,ONLINE,REFCEKRXGTA42,2025-01-20 05:00:00+00:00
TXN0000004686,ACC00000236,2025-11-12 22:21:00+00:00,2024-01-30 07:59:00+00:00,CREDIT,233.61,GBP,8623,,POS,REF1V3FSTNHN2,2025-02-06 23:58:00+00:00
TXN0000004687,ACC00000102,2024-03-28 06:24:00+00:00,2025-10-11 22:13:00+00:00,CREDIT,330.48,USD,1091,CP2949,ONLINE,REF28LVI8U93S,2025-05-18 14:07:00+00:00
TXN0000004688,ACC00000742,2025-04-05 06:32:00+00:00,2025-07-17 17:06:00+00:00,DEBIT,506.54,GBP,5112,CP1472,ATM,REFTI6ZRVHBI6,2024-02-09 04:46:00+00:00
TXN0000004689,ACC00000784,2024-01-19 21:21:00+00:00,2024-03-09 05:00:00+00:00,DEBIT,1281.93,GBP,6816,,POS,REFMASKR965TA,2024-02-26 20:07:00+00:00
TXN0000004690,ACC00000109,2024-05-27 01:13:00+00:00,2026-02-15 18:39:00+00:00,DEBIT,272.2,GBP,4092,,BRANCH,REFFTAU4YIUQS,2024-04-08 23:38:00+00:00
TXN0000004691,ACC00000757,2025-07-19 20:41:00+00:00,2025-03-13 12:54:00+00:00,DEBIT,321.41,GBP,4785,CP2473,ATM,REFNQRF8DXNQ6,2024-07-24 09:51:00+00:00
TXN0000004692,ACC00000048,2025-07-06 03:44:00+00:00,2025-05-03 13:14:00+00:00,DEBIT,841.41,GBP,1181,CP6493,POS,REFKPSOD150A8,2025-10-17 18:59:00+00:00
TXN0000004693,ACC00000071,2025-08-30 06:28:00+00:00,2025-03-29 05:01:00+00:00,CREDIT,1704.98,GBP,5742,CP5166,POS,REF80IB39Z5YD,2024-03-05 12:45:00+00:00
TXN0000004694,ACC00000223,2026-05-07 23:27:00+00:00,2024-07-23 20:28:00+00:00,DEBIT,21.94,USD,4590,CP8597,ONLINE,REFX90SW56385,2025-12-04 00:40:00+00:00
TXN0000004695,ACC00000790,2025-06-09 09:49:00+00:00,2024-08-16 09:49:00+00:00,DEBIT,1164.21,USD,5098,CP8307,ONLINE,REFWXWXLGHILF,2025-02-28 22:47:00+00:00
TXN0000004696,ACC00000524,2024-04-12 17:49:00+00:00,2024-09-13 16:14:00+00:00,CREDIT,188.4,GBP,5463,CP2493,ONLINE,REFLC4X4L7LIV,2025-08-22 04:59:00+00:00
TXN0000004697,ACC00000585,2024-10-13 15:05:00+00:00,2025-01-19 11:26:00+00:00,DEBIT,934.38,USD,2828,CP2058,ATM,REFNSKSOAC6T0,2025-08-15 16:21:00+00:00
TXN0000004698,ACC00000740,2024-09-23 12:42:00+00:00,2025-05-09 00:29:00+00:00,CREDIT,1033.96,EUR,6925,CP6105,ONLINE,REFLTCPW2467E,2024-03-21 15:22:00+00:00
TXN0000004699,ACC00000689,2024-05-17 05:01:00+00:00,2025-10-17 03:37:00+00:00,DEBIT,286.8,GBP,9380,CP3234,POS,REFEUIT9E14F0,2024-05-22 13:59:00+00:00
TXN0000004700,ACC00000599,2024-03-17 08:42:00+00:00,2025-10-06 22:00:00+00:00,DEBIT,53.89,EUR,3342,CP9783,POS,REFIE40ZP2G28,2024-07-20 17:57:00+00:00
TXN0000004701,ACC00000053,2025-06-18 07:12:00+00:00,2024-12-21 12:42:00+00:00,CREDIT,792.75,GBP,7375,CP5755,POS,REF2Z3LM1BS7B,2025-05-16 12:51:00+00:00
TXN0000004702,ACC00000780,2024-09-05 10:17:00+00:00,2024-11-29 15:51:00+00:00,DEBIT,330.71,USD,9462,CP9306,POS,REFE85O4RCA70,2024-02-04 22:28:00+00:00
TXN0000004703,ACC00000766,2024-03-02 03:07:00+00:00,2024-10-20 06:37:00+00:00,DEBIT,2001.72,GBP,8707,CP1350,ONLINE,REFNBV9MTGTNC,2024-07-29 14:01:00+00:00
TXN0000004704,ACC00000462,2024-07-08 14:10:00+00:00,2025-02-21 15:30:00+00:00,DEBIT,425.73,USD,5795,CP1414,ONLINE,REFGEUWP5RWC2,2026-02-01 13:33:00+00:00
TXN0000004705,ACC00000569,2025-07-08 06:58:00+00:00,2024-02-04 10:16:00+00:00,DEBIT,212.53,GBP,5769,CP5132,ONLINE,REF4GB0MUUGE7,2024-12-03 04:33:00+00:00
TXN0000004706,ACC00000561,2025-02-02 00:12:00+00:00,2025-02-04 14:12:00+00:00,DEBIT,256.91,USD,4612,CP6248,ONLINE,REFXOTFUW0QMN,2025-03-12 10:28:00+00:00
TXN0000004707,ACC00000539,2024-01-02 16:30:00+00:00,2025-09-07 07:04:00+00:00,DEBIT,1201.0,GBP,4916,CP1453,BRANCH,REFXTDO51ATLH,2025-04-01 16:04:00+00:00
TXN0000004708,ACC00000589,2026-03-07 12:58:00+00:00,2025-02-05 08:46:00+00:00,DEBIT,55.0,GBP,9068,CP2790,ONLINE,REF9Y3DZZSV04,2024-08-14 17:27:00+00:00
TXN0000004709,ACC00000588,2024-10-25 14:58:00+00:00,2025-09-03 00:37:00+00:00,DEBIT,1339.87,GBP,4379,CP9223,BRANCH,REFELFXJ98MJN,2026-01-25 02:08:00+00:00
TXN0000004710,ACC00000103,2025-05-09 01:46:00+00:00,2026-01-30 10:17:00+00:00,DEBIT,929.97,USD,2825,CP5804,ONLINE,REFDYVOX6PY3O,2025-09-09 18:38:00+00:00
TXN0000004711,ACC00000508,2025-08-09 00:26:00+00:00,2025-03-11 17:41:00+00:00,CREDIT,303.9,GBP,5311,CP7299,ONLINE,REFDUAZI352Z5,2024-03-10 23:02:00+00:00
TXN0000004712,ACC00000783,2025-11-08 21:30:00+00:00,2025-06-29 15:47:00+00:00,CREDIT,6.81,EUR,1185,CP2536,POS,REF0QGD1T2JBT,2025-07-23 22:32:00+00:00
TXN0000004713,ACC00000222,2025-03-21 03:34:00+00:00,2024-09-03 22:42:00+00:00,DEBIT,507.9,USD,3339,CP8966,ONLINE,REF31UVKNY96Q,2026-03-15 00:46:00+00:00
TXN0000004714,ACC00000572,2024-08-30 14:24:00+00:00,2024-02-21 11:33:00+00:00,DEBIT,582.66,GBP,1345,CP2758,ATM,REFM7IPNA6XYB,2025-02-14 23:47:00+00:00
TXN0000004715,ACC00000120,2024-05-27 23:38:00+00:00,2025-05-29 13:34:00+00:00,DEBIT,233.87,USD,4724,CP3743,ATM,REFX6S95EMKKZ,2025-08-29 16:53:00+00:00
TXN0000004716,ACC00000682,2025-01-17 00:30:00+00:00,2024-05-07 01:54:00+00:00,CREDIT,392.09,USD,1329,CP5963,BRANCH,REF6BQFQ8I2WV,2025-01-26 08:01:00+00:00
TXN0000004717,ACC00000105,2025-03-07 20:30:00+00:00,2024-06-13 10:13:00+00:00,DEBIT,1042.07,GBP,1829,CP9736,ATM,REFDFHQGQYIQ5,2024-06-07 04:43:00+00:00
TXN0000004718,ACC00000352,2025-12-06 02:40:00+00:00,2024-04-06 04:37:00+00:00,DEBIT,566.45,GBP,9928,CP4751,ONLINE,REFHPRQGMO1TA,2024-08-10 10:05:00+00:00
TXN0000004719,ACC00000288,2025-03-02 05:06:00+00:00,2026-03-31 05:27:00+00:00,CREDIT,107.31,USD,2741,CP9260,ONLINE,REFPOWT3TTLDM,2024-08-15 09:02:00+00:00
TXN0000004720,ACC00000745,2025-05-25 04:02:00+00:00,2025-03-05 04:20:00+00:00,DEBIT,808.43,GBP,1121,,ONLINE,REFQYA5QXM4KH,2024-03-29 01:31:00+00:00
TXN0000004721,ACC00000557,2024-10-15 17:33:00+00:00,2024-10-05 15:49:00+00:00,CREDIT,882.87,GBP,4638,CP7022,POS,REFOX4YU0FU7O,2026-04-22 06:01:00+00:00
TXN0000004722,ACC00000083,2025-06-12 12:35:00+00:00,2025-06-04 01:43:00+00:00,CREDIT,1003.93,GBP,2487,CP9923,ONLINE,REFX3S3GXED7S,2024-03-28 18:37:00+00:00
TXN0000004723,ACC00000299,2024-02-20 21:19:00+00:00,2024-02-03 18:20:00+00:00,DEBIT,16.22,GBP,2150,CP8327,POS,REFWDGK713KLN,2025-07-16 18:50:00+00:00
TXN0000004724,ACC00000156,2024-04-15 16:24:00+00:00,2025-06-12 01:19:00+00:00,DEBIT,1923.74,GBP,2903,CP4018,ONLINE,REF12POHIWFTA,2025-03-10 02:46:00+00:00
TXN0000004725,ACC00000719,2026-04-13 18:14:00+00:00,2024-01-15 02:49:00+00:00,DEBIT,796.89,GBP,5909,CP6679,ONLINE,REFF18WXC5FT2,2026-03-30 21:04:00+00:00
TXN0000004726,ACC00000608,2024-02-15 07:56:00+00:00,2024-10-27 12:07:00+00:00,CREDIT,1194.18,USD,1204,CP9012,BRANCH,REF6149CHVFQH,2024-06-06 20:23:00+00:00
TXN0000004727,ACC00000403,2026-04-26 21:10:00+00:00,2026-05-01 10:38:00+00:00,DEBIT,455.11,USD,9053,,ONLINE,REFUM00JCXBPD,2025-02-08 21:20:00+00:00
TXN0000004728,ACC00000335,2025-01-31 09:41:00+00:00,2026-03-17 14:49:00+00:00,DEBIT,1293.77,GBP,6641,,POS,REF9X04JI4USK,2025-06-10 13:22:00+00:00
TXN0000004729,ACC00000710,2024-12-02 12:16:00+00:00,2026-01-20 00:02:00+00:00,CREDIT,546.88,GBP,7122,CP9581,POS,REFKLU46US957,2024-10-31 15:06:00+00:00
TXN0000004730,ACC00000326,2025-09-21 13:29:00+00:00,2024-01-27 02:58:00+00:00,CREDIT,926.3,EUR,8670,CP5649,ONLINE,REFQWX308IFSX,2026-02-13 02:30:00+00:00
TXN0000004731,ACC00000317,2024-11-01 03:37:00+00:00,2025-08-16 21:03:00+00:00,DEBIT,141.21,GBP,9807,CP4159,ONLINE,REFA57GLL995O,2024-08-13 19:53:00+00:00
TXN0000004732,ACC00000003,2025-09-19 02:25:00+00:00,2024-02-05 14:13:00+00:00,CREDIT,699.37,GBP,8158,CP3392,ONLINE,REFJ6AKI09L76,2026-04-04 20:20:00+00:00
TXN0000004733,ACC00000788,2024-02-07 10:45:00+00:00,2025-06-15 16:20:00+00:00,DEBIT,1229.5,GBP,3756,CP1532,POS,REF02H6QVTMGD,2024-07-01 13:25:00+00:00
TXN0000004734,ACC00000046,2025-12-02 07:38:00+00:00,2024-09-20 12:28:00+00:00,DEBIT,2036.44,GBP,2177,CP9866,ONLINE,REFGH0IR3J7KQ,2025-06-01 00:22:00+00:00
TXN0000004735,ACC00000573,2025-11-29 00:24:00+00:00,2026-02-15 22:14:00+00:00,DEBIT,1058.45,GBP,7820,,ONLINE,REFD2D903RKTU,2024-02-09 12:46:00+00:00
TXN0000004736,ACC00000476,2026-03-14 08:50:00+00:00,2025-10-07 09:46:00+00:00,DEBIT,916.06,GBP,4521,,POS,REFBGTAO5FL32,2024-12-17 22:46:00+00:00
TXN0000004737,ACC00000748,2026-03-27 18:02:00+00:00,2025-05-23 09:15:00+00:00,DEBIT,239.69,USD,5134,,ATM,REFEV6DPW3KSL,2025-04-08 01:30:00+00:00
TXN0000004738,ACC00000352,2025-08-01 23:45:00+00:00,2025-02-15 18:14:00+00:00,DEBIT,866.42,GBP,9289,CP7733,ONLINE,REFSRUMFFMD5T,2024-03-23 04:27:00+00:00
TXN0000004739,ACC00000368,2026-02-07 15:41:00+00:00,2026-04-19 18:40:00+00:00,CREDIT,842.33,USD,6007,CP5033,POS,REFWRQLYULC3K,2024-04-29 05:10:00+00:00
TXN0000004740,ACC00000319,2024-01-16 07:19:00+00:00,2024-02-03 17:38:00+00:00,DEBIT,611.67,GBP,5717,CP6349,ATM,REFGU8T5E9XGD,2026-04-07 17:50:00+00:00
TXN0000004741,ACC00000468,2024-05-13 10:52:00+00:00,2024-10-09 03:13:00+00:00,CREDIT,273.3,GBP,4838,CP8104,ONLINE,REFPF8RT4LE3P,2024-03-14 11:45:00+00:00
TXN0000004742,ACC00000489,2025-11-08 03:45:00+00:00,2024-04-19 18:33:00+00:00,CREDIT,212.57,USD,1972,,ATM,REFQBSEW8WAZZ,2026-04-29 21:01:00+00:00
TXN0000004743,ACC00000180,2025-09-02 14:43:00+00:00,2024-11-21 18:24:00+00:00,CREDIT,587.63,GBP,6465,CP6312,ONLINE,REF5QUUVDUOYO,2024-11-19 11:58:00+00:00
TXN0000004744,ACC00000615,2024-02-24 03:35:00+00:00,2025-05-24 02:33:00+00:00,CREDIT,5.56,GBP,4494,CP1138,POS,REFMPESSBM1DB,2026-03-14 15:56:00+00:00
TXN0000004745,ACC00000548,2024-03-11 23:55:00+00:00,2024-08-12 04:06:00+00:00,DEBIT,1287.95,GBP,5934,CP1118,POS,REFQD5GLR13I8,2025-05-04 19:21:00+00:00
TXN0000004746,ACC00000522,2025-01-17 17:36:00+00:00,2024-07-24 00:22:00+00:00,DEBIT,143.3,USD,5272,CP5225,BRANCH,REFZYXKVGYTJL,2024-01-10 22:07:00+00:00
TXN0000004747,ACC00000793,2024-04-12 06:25:00+00:00,2024-10-27 04:59:00+00:00,CREDIT,282.17,GBP,8844,CP3430,POS,REFXNT6HYR2OT,2026-01-18 14:11:00+00:00
TXN0000004748,ACC00000072,2025-07-11 04:37:00+00:00,2025-11-07 17:40:00+00:00,CREDIT,758.34,GBP,6515,CP3460,ONLINE,REF8TDEXO80YN,2024-09-12 18:02:00+00:00
TXN0000004749,ACC00000547,2025-02-04 14:00:00+00:00,2024-09-16 20:50:00+00:00,DEBIT,130.35,GBP,6808,CP7871,BRANCH,REF2T0O4H7A4J,2025-05-11 00:08:00+00:00
TXN0000004750,ACC00000651,2025-04-18 08:11:00+00:00,2025-12-27 05:22:00+00:00,DEBIT,125.96,USD,1344,CP9398,POS,REFEHH99MQRMI,2025-04-06 22:43:00+00:00
TXN0000004751,ACC00000783,2024-04-30 10:59:00+00:00,2025-10-07 02:06:00+00:00,DEBIT,88.64,GBP,9434,CP1596,ATM,REF0GWB5QA6GC,2024-10-29 14:16:00+00:00
TXN0000004752,ACC00000060,2024-09-09 02:38:00+00:00,2024-03-29 18:41:00+00:00,DEBIT,831.51,GBP,3421,,POS,REF1T3Y602Q2N,2024-10-10 23:07:00+00:00
TXN0000004753,ACC00000239,2024-09-11 20:57:00+00:00,2024-02-12 06:48:00+00:00,DEBIT,566.82,GBP,4755,CP8647,ONLINE,REF2JPJJLEZ71,2025-11-01 17:05:00+00:00
TXN0000004754,ACC00000693,2025-02-11 23:08:00+00:00,2024-12-27 19:19:00+00:00,DEBIT,530.68,GBP,3383,CP6372,ONLINE,REFJ2QVVAY7OK,2025-02-24 08:09:00+00:00
TXN0000004755,ACC00000033,2026-03-10 10:10:00+00:00,2026-02-04 00:36:00+00:00,DEBIT,612.52,GBP,9654,CP2527,ONLINE,REFYTNZW4IZ8M,2025-12-31 09:07:00+00:00
TXN0000004756,ACC00000756,2025-02-15 00:08:00+00:00,2024-10-27 05:42:00+00:00,CREDIT,1319.23,EUR,9737,CP6415,BRANCH,REFXEDJZBK4WX,2025-02-22 05:54:00+00:00
TXN0000004757,ACC00000466,2024-06-27 03:27:00+00:00,2025-08-14 09:04:00+00:00,DEBIT,193.2,GBP,2596,CP4087,POS,REF96WIGUS8X9,2024-04-26 19:55:00+00:00
TXN0000004758,ACC00000765,2025-08-08 23:59:00+00:00,2026-04-25 05:20:00+00:00,DEBIT,1527.7,GBP,7457,CP5652,ONLINE,REFUVGEUS6IOL,2024-05-25 16:23:00+00:00
TXN0000004759,ACC00000175,2026-02-13 00:35:00+00:00,2025-08-01 14:39:00+00:00,DEBIT,327.88,EUR,2313,CP6057,POS,REFQH1QRU6215,2025-07-31 22:20:00+00:00
TXN0000004760,ACC00000756,2025-12-25 16:29:00+00:00,2025-10-01 23:52:00+00:00,DEBIT,837.85,GBP,4817,CP2031,BRANCH,REF2DEOFEMMFZ,2025-11-30 03:16:00+00:00
TXN0000004761,ACC00000024,2025-01-10 08:32:00+00:00,2025-08-26 01:46:00+00:00,DEBIT,763.72,GBP,8490,CP6524,POS,REFO4VCXOIDP6,2025-02-09 19:35:00+00:00
TXN0000004762,ACC00000199,2024-01-11 04:55:00+00:00,2025-11-30 07:48:00+00:00,DEBIT,1299.56,GBP,2396,CP7128,ONLINE,REFKYW9XAI3CE,2024-01-05 07:51:00+00:00
TXN0000004763,ACC00000773,2025-09-09 07:12:00+00:00,2026-03-01 04:15:00+00:00,CREDIT,529.95,GBP,6359,CP1112,POS,REF0DTFI67MV2,2024-02-04 06:09:00+00:00
TXN0000004764,ACC00000433,2026-03-02 11:34:00+00:00,2025-07-25 17:45:00+00:00,CREDIT,428.77,GBP,9444,CP2967,ONLINE,REF5RWRZPS24N,2024-04-15 03:12:00+00:00
TXN0000004765,ACC00000221,2024-08-24 16:52:00+00:00,2025-04-03 21:26:00+00:00,DEBIT,433.28,GBP,9771,CP1474,POS,REFA6O3ACJ1NQ,2025-07-03 22:14:00+00:00
TXN0000004766,ACC00000497,2024-11-01 06:43:00+00:00,2025-04-24 12:54:00+00:00,CREDIT,227.6,USD,1472,CP2001,ONLINE,REFVU1NZNM74D,2024-02-25 06:48:00+00:00
TXN0000004767,ACC00000314,2025-09-28 20:05:00+00:00,2025-03-16 01:40:00+00:00,CREDIT,1003.03,GBP,9037,CP1289,POS,REF7OSDHRUTDC,2024-06-21 04:48:00+00:00
TXN0000004768,ACC00000121,2024-01-05 13:23:00+00:00,2025-01-31 05:53:00+00:00,DEBIT,843.02,EUR,4698,CP3099,ONLINE,REF8K7XJGBQFQ,2024-10-15 13:45:00+00:00
TXN0000004769,ACC00000065,2025-04-04 07:56:00+00:00,2026-01-15 16:36:00+00:00,DEBIT,14.98,GBP,3351,CP7648,ATM,REFSBEQSOLZR7,2025-05-15 21:29:00+00:00
TXN0000004770,ACC00000695,2026-04-02 10:54:00+00:00,2024-11-23 02:57:00+00:00,CREDIT,133.83,GBP,8938,CP3195,POS,REFCBWRG3UZ2B,2026-01-25 16:32:00+00:00
TXN0000004771,ACC00000752,2024-03-27 15:19:00+00:00,2024-07-25 09:01:00+00:00,CREDIT,432.91,GBP,2999,CP6572,POS,REF6BUE5BX2VP,2024-05-03 11:07:00+00:00
TXN0000004772,ACC00000336,2024-12-12 08:24:00+00:00,2025-10-25 06:36:00+00:00,DEBIT,1241.38,GBP,6039,CP1896,ATM,REFZPXS7OR9WQ,2025-08-28 02:06:00+00:00
TXN0000004773,ACC00000012,2025-08-10 06:49:00+00:00,2025-09-18 15:35:00+00:00,CREDIT,1667.81,GBP,7239,CP6967,ONLINE,REFCRLHSHKQ9H,2025-03-31 17:01:00+00:00
TXN0000004774,ACC00000045,2025-12-07 22:22:00+00:00,2024-08-11 17:29:00+00:00,CREDIT,789.06,EUR,4657,CP1412,POS,REFCBYOA3GREQ,2025-02-20 18:17:00+00:00
TXN0000004775,ACC00000325,2024-05-05 00:56:00+00:00,2024-10-20 09:42:00+00:00,DEBIT,781.9,GBP,6712,CP1548,ONLINE,REF441B0G6Z1D,2024-11-30 11:38:00+00:00
TXN0000004776,ACC00000708,2024-06-15 23:05:00+00:00,2025-12-17 20:12:00+00:00,DEBIT,687.72,GBP,6623,CP1012,ONLINE,REF0KPKBSGM7V,2025-02-24 16:35:00+00:00
TXN0000004777,ACC00000776,2024-11-07 01:58:00+00:00,2024-01-22 16:06:00+00:00,DEBIT,866.88,GBP,5820,CP3657,ONLINE,REFM07QTE9FR9,2024-03-18 04:40:00+00:00
TXN0000004778,ACC00000335,2026-04-07 02:09:00+00:00,2025-06-06 06:26:00+00:00,CREDIT,275.39,GBP,3334,CP8930,BRANCH,REFZQV23PP9J5,2024-11-14 16:14:00+00:00
TXN0000004779,ACC00000776,2025-07-10 07:12:00+00:00,2024-09-01 05:44:00+00:00,CREDIT,964.24,GBP,9749,CP7863,ATM,REFWPJOH09PWO,2025-12-13 08:59:00+00:00
TXN0000004780,ACC00000315,2024-03-29 18:21:00+00:00,2026-02-13 18:42:00+00:00,CREDIT,511.14,GBP,6004,CP7880,POS,REF5U5HDRIAHO,2025-03-23 03:50:00+00:00
TXN0000004781,ACC00000764,2025-01-11 16:40:00+00:00,2024-07-28 20:39:00+00:00,DEBIT,466.73,GBP,8123,CP8303,ONLINE,REFIVXJHRPN4V,2024-01-30 21:17:00+00:00
TXN0000004782,ACC00000702,2025-08-19 22:30:00+00:00,2025-12-01 14:45:00+00:00,DEBIT,99.25,USD,9515,CP7961,ONLINE,REFQGWLY79LOZ,2024-08-21 08:59:00+00:00
TXN0000004783,ACC00000033,2025-08-02 18:00:00+00:00,2024-01-09 05:24:00+00:00,CREDIT,251.91,GBP,7784,CP2470,ONLINE,REFNKDC6BMKJR,2024-09-20 03:44:00+00:00
TXN0000004784,ACC00000188,2024-08-13 10:51:00+00:00,2026-02-09 12:15:00+00:00,DEBIT,461.78,GBP,4517,,ONLINE,REFL01S5IPTKG,2025-09-28 20:45:00+00:00
TXN0000004785,ACC00000316,2026-02-15 19:29:00+00:00,2025-06-06 05:56:00+00:00,DEBIT,1205.47,EUR,9896,,BRANCH,REF3ETEOJI63G,2025-01-28 15:44:00+00:00
TXN0000004786,ACC00000123,2024-04-12 15:59:00+00:00,2024-01-05 15:07:00+00:00,DEBIT,380.88,GBP,8272,CP2087,POS,REF9DJPZCBXFY,2025-07-27 07:14:00+00:00
TXN0000004787,ACC00000457,2025-05-19 02:54:00+00:00,2024-12-22 09:35:00+00:00,CREDIT,323.42,USD,3903,,POS,REFF1BJVE8YFY,2024-05-09 13:41:00+00:00
TXN0000004788,ACC00000644,2025-05-12 22:01:00+00:00,2024-03-22 17:20:00+00:00,DEBIT,700.43,EUR,1861,CP8108,ONLINE,REFEJT53XEB9W,2024-03-27 16:41:00+00:00
TXN0000004789,ACC00000290,2024-07-15 01:22:00+00:00,2024-04-30 07:14:00+00:00,CREDIT,25.67,USD,4428,CP3883,POS,REFI8FY8HS984,2025-01-30 20:51:00+00:00
TXN0000004790,ACC00000049,2025-02-24 16:28:00+00:00,2026-04-24 03:04:00+00:00,DEBIT,797.73,GBP,3733,CP9637,ONLINE,REFS939CYK4U9,2026-03-31 18:46:00+00:00
TXN0000004791,ACC00000465,2024-02-28 18:19:00+00:00,2026-04-12 15:32:00+00:00,CREDIT,534.9,GBP,4267,CP2891,ONLINE,REFHOFA3SX19L,2026-02-10 17:27:00+00:00
TXN0000004792,ACC00000624,2024-03-16 04:16:00+00:00,2025-02-28 01:21:00+00:00,DEBIT,71.47,GBP,9606,CP8340,POS,REFN6FJ4WP104,2024-12-10 04:53:00+00:00
TXN0000004793,ACC00000627,2025-12-16 12:00:00+00:00,2025-03-24 14:25:00+00:00,CREDIT,2214.87,GBP,4652,,ONLINE,REFNV3EW2TAAL,2024-12-31 03:01:00+00:00
TXN0000004794,ACC00000241,2024-12-03 02:25:00+00:00,2025-04-08 15:04:00+00:00,CREDIT,353.39,GBP,3538,CP4326,ONLINE,REFKFB1WX5ZA7,2024-09-24 01:54:00+00:00
TXN0000004795,ACC00000029,2024-09-16 17:51:00+00:00,2025-08-30 04:45:00+00:00,DEBIT,997.9,USD,3077,CP2519,POS,REFMFCMOM6OM4,2024-08-27 20:01:00+00:00
TXN0000004796,ACC00000773,2024-08-25 20:40:00+00:00,2026-03-12 21:35:00+00:00,CREDIT,1558.62,USD,8888,CP2256,ATM,REF12HQ396IM5,2025-03-08 16:11:00+00:00
TXN0000004797,ACC00000314,2025-07-22 18:20:00+00:00,2025-07-19 19:08:00+00:00,DEBIT,763.26,USD,1992,CP1865,POS,REFN0B05CTMDP,2025-06-02 02:48:00+00:00
TXN0000004798,ACC00000158,2024-08-01 07:28:00+00:00,2026-02-20 01:55:00+00:00,CREDIT,840.25,GBP,6114,CP6615,ATM,REFVLYIZWK3ZZ,2024-06-12 13:33:00+00:00
TXN0000004799,ACC00000245,2025-01-29 17:16:00+00:00,2024-08-21 01:58:00+00:00,CREDIT,929.49,GBP,5285,CP1668,POS,REF5KSBX6YHF6,2024-05-21 17:36:00+00:00
TXN0000004800,ACC00000617,2024-04-28 17:29:00+00:00,2024-06-08 16:28:00+00:00,DEBIT,1279.81,GBP,4916,CP9748,ONLINE,REF05XVKJ4GE1,2024-11-02 09:40:00+00:00
TXN0000004801,ACC00000574,2026-02-21 12:29:00+00:00,2024-11-23 14:17:00+00:00,DEBIT,181.93,USD,3303,CP4592,ATM,REFMYKAMCZ898,2024-04-25 14:05:00+00:00
TXN0000004802,ACC00000455,2025-04-20 21:27:00+00:00,2024-02-04 11:32:00+00:00,CREDIT,1376.92,USD,8813,CP6047,POS,REFKOBP5ZM1DZ,2025-07-23 10:53:00+00:00
TXN0000004803,ACC00000276,2024-03-03 00:24:00+00:00,2025-10-01 05:15:00+00:00,DEBIT,504.44,GBP,5792,CP5601,ATM,REF5DX5UQK2AU,2024-09-15 12:17:00+00:00
TXN0000004804,ACC00000242,2024-10-13 07:19:00+00:00,2025-11-26 00:13:00+00:00,DEBIT,183.64,GBP,1465,CP8991,POS,REF5NZYK4B2G6,2026-02-17 07:38:00+00:00
TXN0000004805,ACC00000484,2024-11-28 20:53:00+00:00,2025-03-03 00:24:00+00:00,CREDIT,1253.85,GBP,3621,CP7141,BRANCH,REFWJRXWOEM92,2024-09-20 07:35:00+00:00
TXN0000004806,ACC00000134,2026-01-01 18:51:00+00:00,2025-03-24 15:33:00+00:00,CREDIT,295.75,GBP,7221,,ONLINE,REFSJHM0ZJGIC,2024-12-21 22:10:00+00:00
TXN0000004807,ACC00000152,2026-01-03 14:43:00+00:00,2025-05-08 03:38:00+00:00,DEBIT,980.35,GBP,6776,CP6523,ATM,REF4D9JGK38HL,2024-06-07 23:00:00+00:00
TXN0000004808,ACC00000678,2025-10-12 21:53:00+00:00,2025-10-20 05:17:00+00:00,CREDIT,446.54,GBP,6617,CP4015,POS,REF5JJCMAR649,2025-04-26 23:41:00+00:00
TXN0000004809,ACC00000309,2024-08-26 02:40:00+00:00,2026-02-16 19:30:00+00:00,DEBIT,591.54,EUR,6303,CP4358,POS,REF6H3I3NV73A,2026-03-20 06:56:00+00:00
TXN0000004810,ACC00000348,2026-02-19 15:48:00+00:00,2025-11-09 05:24:00+00:00,DEBIT,1232.09,GBP,3958,CP4808,ONLINE,REFHPZG1HP4X4,2024-04-24 02:39:00+00:00
TXN0000004811,ACC00000668,2024-08-30 01:14:00+00:00,2024-11-27 10:48:00+00:00,CREDIT,1004.97,GBP,5297,CP2310,ONLINE,REFA4MCDY91WJ,2025-01-21 09:35:00+00:00
TXN0000004812,ACC00000071,2024-08-19 05:16:00+00:00,2025-04-21 02:12:00+00:00,DEBIT,1094.35,GBP,7008,CP6961,ATM,REF5XB9DN8RU3,2026-04-16 17:03:00+00:00
TXN0000004813,ACC00000775,2025-08-17 13:47:00+00:00,2025-02-18 09:36:00+00:00,DEBIT,1536.74,USD,1824,CP7857,ONLINE,REFE7PC3O4APC,2024-04-12 13:22:00+00:00
TXN0000004814,ACC00000205,2026-04-28 23:46:00+00:00,2025-02-28 15:16:00+00:00,CREDIT,391.75,GBP,3711,CP2660,ONLINE,REFLVH4GGE7DN,2025-08-08 16:16:00+00:00
TXN0000004815,ACC00000629,2025-04-07 10:58:00+00:00,2025-12-15 11:06:00+00:00,DEBIT,782.96,GBP,4860,CP6795,ONLINE,REFE1MK4QCTQA,2024-08-26 15:54:00+00:00
TXN0000004816,ACC00000533,2026-02-12 15:57:00+00:00,2025-12-12 23:19:00+00:00,DEBIT,137.05,GBP,5060,CP8069,ATM,REF9X1VBMQDF0,2025-04-24 00:52:00+00:00
TXN0000004817,ACC00000736,2024-09-27 10:07:00+00:00,2024-11-19 07:28:00+00:00,DEBIT,104.73,GBP,2977,CP5863,ONLINE,REF5AY1116AKE,2025-03-16 05:49:00+00:00
TXN0000004818,ACC00000592,2026-03-09 00:19:00+00:00,2024-12-30 05:22:00+00:00,CREDIT,928.93,GBP,1477,CP4726,ONLINE,REFPFTX6LPGS2,2024-05-22 07:02:00+00:00
TXN0000004819,ACC00000753,2025-07-09 08:57:00+00:00,2025-03-30 23:19:00+00:00,DEBIT,615.33,GBP,9318,CP1422,ONLINE,REFE3UT67F9WU,2025-11-13 06:06:00+00:00
TXN0000004820,ACC00000444,2025-06-30 01:37:00+00:00,2026-04-06 09:43:00+00:00,CREDIT,1680.16,GBP,2628,CP1999,ATM,REF54BKT3YMAH,2024-07-21 22:15:00+00:00
TXN0000004821,ACC00000257,2024-11-06 22:55:00+00:00,2026-04-10 16:34:00+00:00,CREDIT,459.91,EUR,9263,CP7620,ONLINE,REF000LCYRGI1,2024-07-31 01:34:00+00:00
TXN0000004822,ACC00000539,2025-03-25 23:51:00+00:00,2024-05-29 10:08:00+00:00,CREDIT,28.57,GBP,6804,CP7058,ONLINE,REFAZZBQDSTWW,2025-07-28 03:47:00+00:00
TXN0000004823,ACC00000082,2024-08-10 03:34:00+00:00,2026-01-07 13:41:00+00:00,CREDIT,421.08,USD,5577,,POS,REF2OJXQVY1TA,2025-11-01 02:04:00+00:00
TXN0000004824,ACC00000412,2024-04-04 11:24:00+00:00,2025-09-10 18:03:00+00:00,DEBIT,1453.22,USD,9787,CP7310,ONLINE,REF72D92EJEGX,2025-11-03 04:32:00+00:00
TXN0000004825,ACC00000411,2024-01-21 10:54:00+00:00,2025-12-25 03:52:00+00:00,DEBIT,391.66,EUR,1391,CP3890,ATM,REF8RERNOAS4D,2026-04-17 17:31:00+00:00
TXN0000004826,ACC00000710,2024-10-23 05:30:00+00:00,2025-06-17 11:06:00+00:00,DEBIT,858.1,GBP,6337,CP6554,ONLINE,REF4IR4EGKQE2,2024-09-10 09:46:00+00:00
TXN0000004827,ACC00000032,2024-02-22 14:38:00+00:00,2026-02-19 03:52:00+00:00,DEBIT,238.16,EUR,2522,CP5038,ONLINE,REFEZZPM022AK,2025-04-19 02:02:00+00:00
TXN0000004828,ACC00000588,2026-03-09 18:57:00+00:00,2024-04-24 10:47:00+00:00,DEBIT,917.41,GBP,5147,CP5058,POS,REFX595P9MIX9,2025-12-07 13:18:00+00:00
TXN0000004829,ACC00000760,2025-01-03 18:45:00+00:00,2025-03-19 15:57:00+00:00,DEBIT,1156.5,USD,4860,,ONLINE,REFHIP8HM6LP4,2025-01-09 18:12:00+00:00
TXN0000004830,ACC00000476,2024-11-02 15:26:00+00:00,2024-09-12 07:34:00+00:00,DEBIT,1113.71,GBP,9457,CP3423,POS,REFAIWFZYJT12,2024-09-24 23:00:00+00:00
TXN0000004831,ACC00000550,2026-05-01 03:06:00+00:00,2024-12-18 02:20:00+00:00,CREDIT,609.92,GBP,9551,CP3541,ATM,REF4DM875I6IC,2024-02-23 01:36:00+00:00
TXN0000004832,ACC00000079,2024-04-20 01:30:00+00:00,2025-04-15 13:18:00+00:00,CREDIT,750.79,GBP,3880,CP2189,ATM,REFBE0RBHBA5E,2024-08-13 13:52:00+00:00
TXN0000004833,ACC00000499,2025-08-12 15:25:00+00:00,2026-01-23 13:31:00+00:00,CREDIT,425.87,GBP,8761,,POS,REFBRJFBTA4ZX,2024-02-28 18:51:00+00:00
TXN0000004834,ACC00000327,2024-11-10 14:23:00+00:00,2024-02-07 20:23:00+00:00,CREDIT,1000.25,USD,4693,CP7023,ONLINE,REFE45DB0PBSA,2025-02-15 10:56:00+00:00
TXN0000004835,ACC00000512,2024-10-23 21:47:00+00:00,2024-03-02 21:26:00+00:00,CREDIT,917.46,GBP,8996,CP4145,ONLINE,REF64M1BD7NGE,2024-09-03 12:49:00+00:00
TXN0000004836,ACC00000580,2024-12-25 13:21:00+00:00,2026-02-07 17:00:00+00:00,DEBIT,798.38,USD,5367,CP9039,POS,REFZK2OXQKO11,2024-09-11 07:57:00+00:00
TXN0000004837,ACC00000726,2025-04-17 04:32:00+00:00,2025-09-15 17:12:00+00:00,CREDIT,164.84,GBP,1755,CP8921,POS,REFCMJ1MEHKM1,2024-10-29 04:09:00+00:00
TXN0000004838,ACC00000569,2025-08-01 14:09:00+00:00,2025-05-31 23:13:00+00:00,DEBIT,2481.62,GBP,5246,CP3568,ATM,REF49ASAHJWI0,2025-06-26 06:03:00+00:00
TXN0000004839,ACC00000527,2024-06-19 12:43:00+00:00,2024-03-10 18:14:00+00:00,DEBIT,1490.42,GBP,5588,CP2707,ONLINE,REF6S01C2XCPV,2025-12-31 02:58:00+00:00
TXN0000004840,ACC00000457,2025-08-13 06:18:00+00:00,2024-09-22 13:20:00+00:00,DEBIT,1295.67,GBP,9148,CP2674,BRANCH,REFK2SEZI8F8S,2026-04-02 17:40:00+00:00
TXN0000004841,ACC00000305,2025-06-03 10:17:00+00:00,2025-12-20 01:11:00+00:00,CREDIT,270.92,USD,2493,CP3604,ONLINE,REFJOUEECO25A,2024-09-16 19:44:00+00:00
TXN0000004842,ACC00000177,2025-11-27 00:48:00+00:00,2026-02-16 15:20:00+00:00,DEBIT,8.41,USD,9751,CP4890,ATM,REF0S2K62EI4O,2024-12-29 00:30:00+00:00
TXN0000004843,ACC00000448,2024-07-27 18:00:00+00:00,2025-06-05 13:03:00+00:00,DEBIT,847.81,USD,2081,CP9114,ONLINE,REF3EMJ9CUADG,2025-05-13 17:26:00+00:00
TXN0000004844,ACC00000644,2025-09-15 16:16:00+00:00,2024-09-11 20:19:00+00:00,CREDIT,441.07,USD,4307,,ONLINE,REF9TMWBVS7EZ,2024-03-01 05:45:00+00:00
TXN0000004845,ACC00000710,2025-12-02 12:33:00+00:00,2026-02-03 23:57:00+00:00,DEBIT,342.68,GBP,3363,CP7076,BRANCH,REFKNZ3080UGO,2026-05-04 09:56:00+00:00
TXN0000004846,ACC00000577,2024-12-23 23:26:00+00:00,2024-12-18 12:12:00+00:00,CREDIT,931.65,GBP,5852,CP4811,ONLINE,REF78Y4KUI95Z,2025-05-29 23:39:00+00:00
TXN0000004847,ACC00000770,2024-01-12 13:24:00+00:00,2025-12-05 07:54:00+00:00,DEBIT,1082.55,GBP,1625,,ONLINE,REFC7F46UOMI9,2025-02-15 18:05:00+00:00
TXN0000004848,ACC00000226,2026-01-10 18:46:00+00:00,2024-07-30 17:36:00+00:00,DEBIT,323.2,EUR,7659,CP9823,BRANCH,REF99EVDSU19P,2024-10-18 17:17:00+00:00
TXN0000004849,ACC00000369,2025-09-03 05:59:00+00:00,2024-06-03 07:19:00+00:00,DEBIT,474.97,USD,3454,CP9867,ONLINE,REFA8PJ7KW6XX,2026-03-18 08:22:00+00:00
TXN0000004850,ACC00000767,2025-10-27 22:55:00+00:00,2025-09-30 11:08:00+00:00,CREDIT,1039.83,USD,2174,CP8039,ONLINE,REFIC8P5STBYG,2024-10-15 00:11:00+00:00
TXN0000004851,ACC00000712,2025-02-21 02:13:00+00:00,2024-10-12 10:28:00+00:00,DEBIT,146.46,GBP,5669,CP5832,ONLINE,REFPE93ZU3UHH,2025-04-04 09:01:00+00:00
TXN0000004852,ACC00000534,2025-06-15 04:59:00+00:00,2024-02-24 10:04:00+00:00,DEBIT,605.85,EUR,7702,CP4690,ATM,REFFGUCWU0FJS,2025-04-03 19:33:00+00:00
TXN0000004853,ACC00000292,2025-02-23 17:30:00+00:00,2024-11-20 10:46:00+00:00,DEBIT,63.83,GBP,2555,,POS,REFRD7XSM9CO2,2024-03-15 00:06:00+00:00
TXN0000004854,ACC00000189,2024-02-04 19:49:00+00:00,2025-04-26 16:40:00+00:00,DEBIT,408.97,GBP,4807,CP6828,POS,REF7K66QDTECF,2026-03-14 19:59:00+00:00
TXN0000004855,ACC00000197,2025-03-29 14:56:00+00:00,2024-05-16 12:12:00+00:00,DEBIT,110.45,USD,4548,CP8361,BRANCH,REF0GE3MJHFKK,2026-01-24 05:40:00+00:00
TXN0000004856,ACC00000760,2025-04-12 14:38:00+00:00,2025-07-02 17:00:00+00:00,DEBIT,939.88,GBP,6752,CP5083,POS,REF7BS2OPQIE0,2026-03-27 08:39:00+00:00
TXN0000004857,ACC00000760,2025-01-18 14:02:00+00:00,2026-04-23 20:12:00+00:00,CREDIT,371.65,USD,5270,CP9019,ONLINE,REFPAOK4A4D2S,2024-05-15 02:03:00+00:00
TXN0000004858,ACC00000028,2026-02-14 20:13:00+00:00,2026-04-03 05:17:00+00:00,DEBIT,449.63,USD,8173,,POS,REFPER4K070H9,2024-09-05 18:30:00+00:00
TXN0000004859,ACC00000552,2025-08-06 18:57:00+00:00,2025-11-24 23:55:00+00:00,DEBIT,446.86,GBP,4098,CP3549,ONLINE,REF8YJZ29M154,2024-03-08 00:42:00+00:00
TXN0000004860,ACC00000063,2026-04-25 13:09:00+00:00,2024-05-28 14:05:00+00:00,DEBIT,83.36,GBP,5050,CP7776,POS,REFDZM8D35R9F,2026-01-16 23:54:00+00:00
TXN0000004861,ACC00000566,2025-01-20 07:31:00+00:00,2025-01-21 03:42:00+00:00,CREDIT,324.57,GBP,8734,CP6961,ONLINE,REFANL0YOLRD3,2026-02-12 14:23:00+00:00
TXN0000004862,ACC00000293,2025-04-24 18:11:00+00:00,2025-06-21 23:42:00+00:00,DEBIT,528.97,GBP,1963,,POS,REFXV1OUIIOCY,2026-03-27 11:40:00+00:00
TXN0000004863,ACC00000535,2026-02-02 14:04:00+00:00,2025-02-03 05:45:00+00:00,DEBIT,11.58,USD,3765,,ONLINE,REFC9WWKKPFFW,2025-02-20 06:56:00+00:00
TXN0000004864,ACC00000400,2025-11-17 02:03:00+00:00,2025-12-05 16:58:00+00:00,CREDIT,1701.34,GBP,6269,CP3529,POS,REFP7G76U5TVV,2024-07-26 07:43:00+00:00
TXN0000004865,ACC00000023,2025-03-24 07:22:00+00:00,2025-10-09 12:37:00+00:00,CREDIT,413.84,GBP,6276,,ONLINE,REFZWMCOVOQJE,2025-07-19 15:05:00+00:00
TXN0000004866,ACC00000785,2024-05-06 04:35:00+00:00,2025-04-18 23:16:00+00:00,CREDIT,2361.67,GBP,6687,CP2330,POS,REFS3IK71ESFP,2025-07-14 01:06:00+00:00
TXN0000004867,ACC00000214,2025-09-03 13:11:00+00:00,2025-05-07 13:46:00+00:00,CREDIT,151.27,EUR,7401,CP3168,POS,REFNYZN6427H7,2025-01-16 17:52:00+00:00
TXN0000004868,ACC00000691,2024-07-10 21:50:00+00:00,2026-04-04 05:57:00+00:00,CREDIT,1268.14,GBP,4129,CP9864,ATM,REFZIYWGH10XW,2024-05-21 02:07:00+00:00
TXN0000004869,ACC00000623,2024-02-03 13:34:00+00:00,2024-08-08 20:30:00+00:00,DEBIT,856.6,USD,5764,CP6106,ONLINE,REFBWNJPLUD3K,2026-04-02 18:55:00+00:00
TXN0000004870,ACC00000313,2025-10-30 05:18:00+00:00,2024-01-26 06:43:00+00:00,DEBIT,1640.18,USD,2960,CP5519,BRANCH,REF7EPEZGEO0R,2025-05-13 22:16:00+00:00
TXN0000004871,ACC00000552,2024-07-25 05:14:00+00:00,2025-07-23 11:41:00+00:00,DEBIT,341.41,USD,5344,,ATM,REF4OE9PLH3P7,2025-06-19 23:11:00+00:00
TXN0000004872,ACC00000541,2024-07-16 21:49:00+00:00,2024-10-12 15:35:00+00:00,DEBIT,1049.0,USD,2877,CP5453,ONLINE,REFF334CDAHJ1,2026-03-20 23:01:00+00:00
TXN0000004873,ACC00000400,2024-09-04 01:50:00+00:00,2026-02-14 14:48:00+00:00,DEBIT,174.38,USD,6791,CP5175,ONLINE,REF1ROSUTUGHD,2024-05-30 22:01:00+00:00
TXN0000004874,ACC00000637,2024-05-26 06:39:00+00:00,2025-12-12 05:26:00+00:00,DEBIT,1440.74,GBP,8591,CP3999,POS,REFUPAKM59LEI,2025-06-13 07:57:00+00:00
TXN0000004875,ACC00000322,2025-08-26 07:16:00+00:00,2025-06-23 03:36:00+00:00,DEBIT,1124.02,USD,8445,CP7058,ONLINE,REF563HJ1ZP2Y,2024-01-27 15:41:00+00:00
TXN0000004876,ACC00000570,2024-10-13 12:01:00+00:00,2024-07-12 03:50:00+00:00,CREDIT,767.02,GBP,2814,CP3235,POS,REFVEKYDWJ19E,2026-04-01 15:45:00+00:00
TXN0000004877,ACC00000577,2026-03-17 12:52:00+00:00,2025-09-17 04:11:00+00:00,CREDIT,2156.36,USD,1925,CP4002,ONLINE,REF66TKVVECKF,2026-01-22 09:45:00+00:00
TXN0000004878,ACC00000793,2025-12-26 00:53:00+00:00,2026-01-11 18:17:00+00:00,CREDIT,143.5,GBP,8374,CP1154,BRANCH,REFKPJ6Q7QK6E,2024-08-10 23:05:00+00:00
TXN0000004879,ACC00000578,2025-01-21 18:16:00+00:00,2024-04-02 22:11:00+00:00,CREDIT,849.74,USD,5124,CP5502,ATM,REF1C4X6V3XRW,2025-07-25 02:30:00+00:00
TXN0000004880,ACC00000755,2025-12-25 07:43:00+00:00,2025-12-19 07:08:00+00:00,CREDIT,1756.1,EUR,3212,,ATM,REFYLUA1GIUZ5,2025-01-08 14:49:00+00:00
TXN0000004881,ACC00000733,2024-01-03 12:39:00+00:00,2025-06-06 22:00:00+00:00,DEBIT,748.13,GBP,3359,CP9487,ONLINE,REFOLCEFISVQ2,2024-12-16 06:02:00+00:00
TXN0000004882,ACC00000269,2024-12-18 20:08:00+00:00,2026-02-21 12:11:00+00:00,DEBIT,1197.4,USD,4088,CP8977,ATM,REFT6Q7KKYHC9,2026-04-23 17:37:00+00:00
TXN0000004883,ACC00000160,2024-07-14 10:28:00+00:00,2024-12-22 07:43:00+00:00,DEBIT,181.63,GBP,8025,CP4098,ATM,REF15N3LKGE9P,2025-07-09 06:57:00+00:00
TXN0000004884,ACC00000774,2025-07-04 12:20:00+00:00,2025-08-16 08:55:00+00:00,CREDIT,611.83,GBP,7784,CP9259,ATM,REFIVICD0KVV7,2025-09-18 19:05:00+00:00
TXN0000004885,ACC00000350,2026-03-08 04:38:00+00:00,2026-01-19 03:58:00+00:00,CREDIT,108.33,USD,6908,CP6294,BRANCH,REFMM9VBK0SAR,2025-04-23 22:40:00+00:00
TXN0000004886,ACC00000452,2024-11-08 02:08:00+00:00,2025-05-28 11:17:00+00:00,CREDIT,982.51,GBP,3238,CP2890,ONLINE,REF6AGGOR8J0E,2025-01-01 07:29:00+00:00
TXN0000004887,ACC00000793,2025-06-01 10:15:00+00:00,2024-12-15 11:17:00+00:00,DEBIT,1096.15,USD,9723,CP3044,POS,REFX1XCL5NSSU,2025-05-26 12:12:00+00:00
TXN0000004888,ACC00000217,2025-05-08 22:53:00+00:00,2024-03-06 17:39:00+00:00,CREDIT,466.45,EUR,6991,CP8111,POS,REF4LB1M0PPO6,2024-03-11 22:17:00+00:00
TXN0000004889,ACC00000310,2024-02-19 01:50:00+00:00,2024-06-17 10:34:00+00:00,DEBIT,110.43,USD,2721,CP1937,POS,REFQQ6YTX9WOY,2024-06-14 17:53:00+00:00
TXN0000004890,ACC00000583,2025-01-26 08:16:00+00:00,2025-06-26 07:05:00+00:00,DEBIT,227.89,USD,5243,CP1195,ONLINE,REF3AMWYJ1JMQ,2025-12-19 14:22:00+00:00
TXN0000004891,ACC00000622,2025-06-27 17:21:00+00:00,2024-09-24 00:03:00+00:00,CREDIT,1070.94,GBP,2742,CP1448,POS,REFXU0GLI6EK5,2025-06-24 12:23:00+00:00
TXN0000004892,ACC00000306,2024-10-21 17:30:00+00:00,2024-08-25 11:25:00+00:00,CREDIT,82.2,USD,1001,CP4688,ATM,REFPXOBZMRTSX,2025-07-07 07:01:00+00:00
TXN0000004893,ACC00000646,2026-03-09 10:15:00+00:00,2024-08-18 00:12:00+00:00,DEBIT,1620.14,GBP,9396,CP9880,ONLINE,REFMV77TSJM4S,2025-08-02 05:11:00+00:00
TXN0000004894,ACC00000345,2024-04-19 03:37:00+00:00,2024-06-11 16:09:00+00:00,DEBIT,1400.32,GBP,3957,CP1686,ONLINE,REFQGFFRAHWBC,2025-03-03 02:42:00+00:00
TXN0000004895,ACC00000725,2025-10-08 16:50:00+00:00,2025-03-17 15:12:00+00:00,DEBIT,1481.96,USD,8336,,BRANCH,REFOFEMHLB7JW,2024-06-08 03:14:00+00:00
TXN0000004896,ACC00000102,2024-01-11 08:10:00+00:00,2024-11-30 21:19:00+00:00,CREDIT,69.21,GBP,5556,CP7022,BRANCH,REFUWKKF4ELS1,2024-07-13 23:46:00+00:00
TXN0000004897,ACC00000142,2025-01-05 11:19:00+00:00,2025-09-19 00:19:00+00:00,DEBIT,332.11,USD,6195,CP9735,ONLINE,REF1PLA3TBKFE,2026-03-23 09:05:00+00:00
TXN0000004898,ACC00000229,2024-05-26 16:51:00+00:00,2025-04-02 18:52:00+00:00,CREDIT,81.07,GBP,8415,CP8636,BRANCH,REFTVAN6GT4TD,2024-01-31 04:16:00+00:00
TXN0000004899,ACC00000018,2024-01-07 10:15:00+00:00,2026-02-12 17:24:00+00:00,DEBIT,298.7,GBP,5508,CP5637,ONLINE,REFH6O3SQZ7ZU,2026-05-06 18:44:00+00:00
TXN0000004900,ACC00000559,2025-03-30 13:48:00+00:00,2025-01-03 14:06:00+00:00,DEBIT,1095.3,EUR,7113,CP1683,ONLINE,REF4NVAWBRWAM,2025-11-04 10:23:00+00:00
TXN0000004901,ACC00000007,2024-11-05 04:23:00+00:00,2025-03-12 16:37:00+00:00,DEBIT,542.92,EUR,7741,,ATM,REFBERSC8UJ11,2025-02-02 23:21:00+00:00
TXN0000004902,ACC00000266,2024-12-07 00:30:00+00:00,2025-12-31 13:41:00+00:00,CREDIT,12.34,GBP,6717,CP5093,ONLINE,REFBLKBP2ANX2,2024-03-14 12:02:00+00:00
TXN0000004903,ACC00000672,2025-07-24 13:35:00+00:00,2024-05-22 02:12:00+00:00,CREDIT,1001.51,GBP,3460,CP3650,ATM,REFGSIZDAQRF9,2025-05-19 20:14:00+00:00
TXN0000004904,ACC00000495,2025-06-26 20:28:00+00:00,2024-05-31 23:50:00+00:00,DEBIT,146.76,GBP,7085,CP7839,ONLINE,REFXGVVZQ6IME,2024-07-02 12:05:00+00:00
TXN0000004905,ACC00000752,2025-07-11 12:01:00+00:00,2025-01-10 01:33:00+00:00,DEBIT,671.95,GBP,1291,CP4043,ONLINE,REFUQJHUKEA22,2024-06-26 03:11:00+00:00
TXN0000004906,ACC00000407,2025-11-26 05:02:00+00:00,2025-03-03 05:54:00+00:00,CREDIT,708.42,GBP,8992,CP8245,POS,REFIG0V9I1KX0,2025-10-08 15:25:00+00:00
TXN0000004907,ACC00000652,2024-08-22 23:37:00+00:00,2025-07-06 13:58:00+00:00,DEBIT,942.03,GBP,8035,CP6049,ATM,REFA07SNJFAC8,2025-03-16 14:28:00+00:00
TXN0000004908,ACC00000149,2024-05-13 05:07:00+00:00,2025-07-03 10:24:00+00:00,DEBIT,1350.6,GBP,4118,CP6881,POS,REFYDOP4AJM9I,2026-05-04 08:53:00+00:00
TXN0000004909,ACC00000320,2024-09-12 02:58:00+00:00,2024-10-26 20:13:00+00:00,DEBIT,205.94,GBP,4717,CP4633,POS,REFFHJ2VTQ9RK,2024-05-10 06:36:00+00:00
TXN0000004910,ACC00000115,2025-05-07 01:57:00+00:00,2024-11-01 14:24:00+00:00,DEBIT,1339.22,USD,8783,CP4420,ONLINE,REFMSIIA6TR2Q,2024-02-06 09:43:00+00:00
TXN0000004911,ACC00000630,2024-04-05 19:45:00+00:00,2024-02-21 21:43:00+00:00,CREDIT,119.0,GBP,4777,CP7953,POS,REF5EE2JB6K5K,2024-10-23 03:08:00+00:00
TXN0000004912,ACC00000297,2024-11-29 17:25:00+00:00,2025-06-20 17:11:00+00:00,CREDIT,239.49,GBP,7807,CP6253,ATM,REFY7QRB9PNN2,2025-12-10 06:42:00+00:00
TXN0000004913,ACC00000306,2025-02-28 06:37:00+00:00,2024-08-03 00:36:00+00:00,CREDIT,2646.93,GBP,5726,CP4073,BRANCH,REFKITS7VXABO,2026-03-11 23:01:00+00:00
TXN0000004914,ACC00000242,2026-03-05 18:42:00+00:00,2024-06-23 11:34:00+00:00,DEBIT,136.15,USD,4296,CP6228,POS,REFDZCKESM9AS,2025-11-15 14:34:00+00:00
TXN0000004915,ACC00000358,2024-05-14 17:51:00+00:00,2025-03-25 05:33:00+00:00,CREDIT,548.43,USD,7123,CP8748,POS,REF541ZS86BCB,2025-11-04 10:12:00+00:00
TXN0000004916,ACC00000091,2025-04-28 18:33:00+00:00,2025-09-04 20:40:00+00:00,DEBIT,680.24,GBP,4778,CP5849,BRANCH,REF3UUIE7LHAB,2024-03-19 23:34:00+00:00
TXN0000004917,ACC00000739,2026-03-06 15:10:00+00:00,2024-10-23 12:29:00+00:00,DEBIT,163.57,GBP,9117,CP3583,ATM,REFZYBKHPHZ35,2024-11-29 06:33:00+00:00
TXN0000004918,ACC00000011,2025-06-15 15:12:00+00:00,2025-11-11 06:25:00+00:00,DEBIT,469.85,GBP,2838,CP8243,BRANCH,REFEE7AJ4VTGH,2025-10-06 11:21:00+00:00
TXN0000004919,ACC00000697,2026-04-26 22:04:00+00:00,2024-08-02 02:25:00+00:00,CREDIT,468.9,USD,3961,,ONLINE,REF4G7Q9RXNQK,2025-02-28 21:01:00+00:00
TXN0000004920,ACC00000221,2024-09-14 05:51:00+00:00,2024-07-26 07:01:00+00:00,DEBIT,267.27,USD,2607,CP5186,ATM,REF9PJSE9QH19,2026-04-10 18:49:00+00:00
TXN0000004921,ACC00000192,2024-11-13 18:23:00+00:00,2025-07-21 09:24:00+00:00,CREDIT,206.73,GBP,5784,CP6635,ONLINE,REF5JF8LX7CKI,2025-09-05 22:24:00+00:00
TXN0000004922,ACC00000622,2026-03-27 13:11:00+00:00,2024-02-12 03:30:00+00:00,CREDIT,1550.28,GBP,7457,CP6887,ATM,REFSSVVJW30II,2025-12-21 08:27:00+00:00
TXN0000004923,ACC00000471,2025-08-13 03:30:00+00:00,2024-06-10 23:25:00+00:00,DEBIT,1031.81,USD,4997,CP7628,POS,REFQ6J8P6Q9MC,2026-01-02 23:21:00+00:00
TXN0000004924,ACC00000095,2025-11-13 18:25:00+00:00,2024-06-04 16:49:00+00:00,DEBIT,922.12,GBP,1868,CP1654,ATM,REF63DTJ4XVFP,2024-11-02 19:24:00+00:00
TXN0000004925,ACC00000146,2024-11-13 09:07:00+00:00,2024-01-15 07:13:00+00:00,CREDIT,506.24,GBP,9176,CP4748,ATM,REFWW237KOZCZ,2024-06-26 15:13:00+00:00
TXN0000004926,ACC00000099,2025-03-13 00:15:00+00:00,2025-12-18 12:19:00+00:00,DEBIT,1332.65,GBP,1983,CP6951,ATM,REF0M34E75S81,2024-03-31 16:29:00+00:00
TXN0000004927,ACC00000651,2024-07-18 05:34:00+00:00,2025-09-15 01:32:00+00:00,CREDIT,953.07,GBP,1950,CP6731,ATM,REF7MPF03UUE8,2024-06-27 03:49:00+00:00
TXN0000004928,ACC00000043,2025-07-24 16:00:00+00:00,2026-04-25 09:50:00+00:00,CREDIT,828.36,USD,6384,CP6540,ONLINE,REFI84NWNUZIJ,2024-06-16 06:46:00+00:00
TXN0000004929,ACC00000535,2025-04-27 00:01:00+00:00,2025-11-14 15:18:00+00:00,CREDIT,348.0,EUR,9690,CP2608,ONLINE,REFEW18OICUXT,2024-07-15 15:01:00+00:00
TXN0000004930,ACC00000212,2024-11-27 02:44:00+00:00,2025-08-07 02:40:00+00:00,CREDIT,407.48,GBP,4377,CP9673,ATM,REF6NXWWL9O7C,2025-09-30 14:19:00+00:00
TXN0000004931,ACC00000436,2024-02-12 05:33:00+00:00,2024-04-02 13:51:00+00:00,DEBIT,689.08,GBP,1339,CP2022,POS,REFZN6MKSUL4F,2024-09-18 13:55:00+00:00
TXN0000004932,ACC00000157,2025-05-14 09:21:00+00:00,2024-09-02 08:54:00+00:00,CREDIT,305.56,GBP,5215,CP5387,ONLINE,REFH8T9L3BKUP,2025-03-03 22:11:00+00:00
TXN0000004933,ACC00000635,2025-12-02 02:09:00+00:00,2025-10-29 22:14:00+00:00,DEBIT,51.11,GBP,3813,CP5129,POS,REFCAXP8ACHDH,2025-01-21 23:36:00+00:00
TXN0000004934,ACC00000126,2024-01-22 04:43:00+00:00,2025-11-27 01:14:00+00:00,DEBIT,953.81,USD,9835,CP6724,POS,REFZNR5NRABI9,2024-12-28 03:47:00+00:00
TXN0000004935,ACC00000333,2024-06-12 23:45:00+00:00,2024-04-07 01:45:00+00:00,CREDIT,820.65,USD,7431,CP6478,ONLINE,REFWU9S3LJPEO,2026-04-24 11:17:00+00:00
TXN0000004936,ACC00000094,2025-11-02 00:05:00+00:00,2025-12-07 03:24:00+00:00,CREDIT,680.86,USD,4554,CP2718,ONLINE,REFAAK3T906MT,2025-11-15 11:58:00+00:00
TXN0000004937,ACC00000622,2026-01-10 15:23:00+00:00,2025-02-25 07:49:00+00:00,DEBIT,822.24,GBP,3444,CP2151,POS,REF76WDFF3QIO,2025-06-30 02:15:00+00:00
TXN0000004938,ACC00000709,2024-10-31 11:17:00+00:00,2025-01-19 13:11:00+00:00,CREDIT,122.41,GBP,4927,CP1895,ONLINE,REFEVQ37Z34EV,2025-04-08 21:13:00+00:00
TXN0000004939,ACC00000171,2024-03-09 12:17:00+00:00,2026-02-08 04:33:00+00:00,CREDIT,549.6,GBP,2085,CP4402,POS,REF701GGUCV1F,2024-09-20 08:35:00+00:00
TXN0000004940,ACC00000648,2025-06-26 15:39:00+00:00,2024-10-07 11:53:00+00:00,DEBIT,1376.93,USD,1814,CP2343,ONLINE,REFDDYGWTDKI2,2024-12-18 13:13:00+00:00
TXN0000004941,ACC00000363,2024-05-20 21:55:00+00:00,2024-11-21 09:04:00+00:00,DEBIT,1826.23,GBP,3901,CP2715,POS,REFKHIFVWHNK5,2025-07-18 21:23:00+00:00
TXN0000004942,ACC00000331,2025-12-13 02:03:00+00:00,2024-10-24 00:34:00+00:00,DEBIT,666.18,USD,7612,CP7992,ONLINE,REFOUJZPKJ484,2025-02-10 05:49:00+00:00
TXN0000004943,ACC00000527,2024-10-02 12:26:00+00:00,2025-10-12 10:29:00+00:00,CREDIT,905.38,GBP,6881,CP8412,ATM,REF12XPPGFEE8,2024-05-06 11:54:00+00:00
TXN0000004944,ACC00000367,2024-05-14 14:20:00+00:00,2025-09-22 12:09:00+00:00,CREDIT,953.62,USD,6239,CP6840,ONLINE,REFYWKQCPWP33,2024-01-29 21:44:00+00:00
TXN0000004945,ACC00000084,2025-10-27 23:01:00+00:00,2024-06-15 18:22:00+00:00,CREDIT,261.1,USD,9145,CP8464,POS,REFCNJZBP6XSM,2024-12-12 15:15:00+00:00
TXN0000004946,ACC00000726,2026-03-09 03:22:00+00:00,2024-03-18 03:40:00+00:00,CREDIT,717.24,GBP,5609,CP2636,ATM,REFWD0XFGYH44,2024-08-02 17:01:00+00:00
TXN0000004947,ACC00000723,2024-06-24 12:43:00+00:00,2024-01-02 16:19:00+00:00,DEBIT,120.3,GBP,8816,CP3424,ATM,REFTZ20OH4JON,2025-05-08 03:23:00+00:00
TXN0000004948,ACC00000024,2025-11-27 18:28:00+00:00,2025-06-23 13:05:00+00:00,DEBIT,507.19,USD,5328,CP9475,ONLINE,REFSFPU1ALS0W,2025-10-24 11:35:00+00:00
TXN0000004949,ACC00000517,2024-09-15 08:10:00+00:00,2024-02-07 12:46:00+00:00,CREDIT,1590.74,GBP,5771,CP5071,ATM,REF38XOWCL92A,2026-04-02 07:27:00+00:00
TXN0000004950,ACC00000585,2026-04-25 01:14:00+00:00,2026-03-03 13:47:00+00:00,DEBIT,527.84,USD,4278,CP2543,POS,REFY3B338UWLQ,2025-04-10 15:59:00+00:00
TXN0000004951,ACC00000397,2026-01-08 12:03:00+00:00,2024-02-14 23:42:00+00:00,DEBIT,1166.02,EUR,7484,CP6338,POS,REFZAOX0SR20O,2025-07-21 09:16:00+00:00
TXN0000004952,ACC00000425,2025-05-07 17:58:00+00:00,2026-03-20 01:11:00+00:00,DEBIT,102.81,GBP,7446,CP3314,ONLINE,REFK1BU1ESISZ,2024-08-22 20:05:00+00:00
TXN0000004953,ACC00000286,2026-02-24 10:18:00+00:00,2025-02-02 00:18:00+00:00,CREDIT,521.59,GBP,9036,CP2564,POS,REFTFW1QQ6UGE,2026-04-06 11:37:00+00:00
TXN0000004954,ACC00000134,2026-01-22 17:59:00+00:00,2025-03-04 18:01:00+00:00,DEBIT,821.91,GBP,4733,,POS,REFRPY4749YQF,2025-08-03 10:40:00+00:00
TXN0000004955,ACC00000746,2026-04-04 06:12:00+00:00,2025-10-14 03:28:00+00:00,CREDIT,1599.22,GBP,6336,,POS,REF2ATHFUGUKA,2025-07-27 19:59:00+00:00
TXN0000004956,ACC00000064,2024-01-14 18:23:00+00:00,2024-09-25 19:42:00+00:00,CREDIT,1386.52,GBP,3354,CP9953,ONLINE,REFBAA2CQVACZ,2026-03-12 23:21:00+00:00
TXN0000004957,ACC00000584,2025-06-03 15:09:00+00:00,2024-12-09 06:32:00+00:00,CREDIT,928.94,GBP,2628,CP9821,POS,REF41Q7MB7RVQ,2025-11-04 14:17:00+00:00
TXN0000004958,ACC00000358,2024-08-31 22:35:00+00:00,2026-04-29 20:39:00+00:00,DEBIT,486.09,GBP,7554,CP1156,POS,REFGFV6FIG0ZI,2026-01-12 16:03:00+00:00
TXN0000004959,ACC00000733,2024-08-09 12:34:00+00:00,2024-04-18 23:24:00+00:00,CREDIT,1230.61,GBP,1263,CP9566,ONLINE,REFJT0PNRC8FA,2026-04-23 22:07:00+00:00
TXN0000004960,ACC00000446,2025-12-25 20:00:00+00:00,2026-04-20 04:57:00+00:00,DEBIT,426.6,EUR,9524,CP5488,POS,REFQ3PT7QYWHG,2024-01-17 06:26:00+00:00
TXN0000004961,ACC00000255,2025-03-12 01:50:00+00:00,2024-11-15 08:04:00+00:00,DEBIT,544.41,GBP,5049,CP1869,POS,REF24BOT5SBJC,2026-03-04 05:06:00+00:00
TXN0000004962,ACC00000168,2024-03-31 08:21:00+00:00,2024-01-25 13:24:00+00:00,CREDIT,1387.82,GBP,5880,,ATM,REF4R5JTSFRJF,2024-02-02 06:26:00+00:00
TXN0000004963,ACC00000653,2025-04-01 19:09:00+00:00,2025-10-03 15:34:00+00:00,CREDIT,1182.54,GBP,1756,CP7702,ONLINE,REF23BNKUUL6L,2024-12-04 00:48:00+00:00
TXN0000004964,ACC00000527,2024-08-22 04:25:00+00:00,2025-07-11 09:20:00+00:00,DEBIT,1329.57,GBP,3735,CP9504,ONLINE,REFMSB5XEWN98,2025-04-15 01:22:00+00:00
TXN0000004965,ACC00000592,2025-05-12 02:17:00+00:00,2025-04-26 07:54:00+00:00,DEBIT,84.1,GBP,9316,CP2265,ONLINE,REFFGJBPC8S38,2025-12-28 23:32:00+00:00
TXN0000004966,ACC00000141,2026-01-29 21:34:00+00:00,2026-04-27 04:58:00+00:00,CREDIT,645.89,GBP,8472,CP4421,BRANCH,REF2O16KJTIZD,2024-08-21 11:48:00+00:00
TXN0000004967,ACC00000712,2024-12-16 16:45:00+00:00,2024-03-18 13:22:00+00:00,CREDIT,826.85,GBP,5576,CP7193,ONLINE,REF0U6APAPL3T,2025-04-23 13:41:00+00:00
TXN0000004968,ACC00000405,2024-04-12 19:40:00+00:00,2024-02-27 05:58:00+00:00,CREDIT,612.19,GBP,1061,CP4958,ATM,REFODXRGWKW5O,2024-11-11 18:12:00+00:00
TXN0000004969,ACC00000369,2025-04-16 00:06:00+00:00,2025-11-30 08:09:00+00:00,DEBIT,497.33,GBP,4470,CP4454,ONLINE,REFG37QIBIXIN,2024-03-13 03:57:00+00:00
TXN0000004970,ACC00000214,2025-01-08 01:46:00+00:00,2024-08-04 16:36:00+00:00,DEBIT,969.05,USD,4334,CP8035,POS,REFKAZSYFW4CQ,2024-02-21 22:16:00+00:00
TXN0000004971,ACC00000545,2024-04-19 18:27:00+00:00,2024-07-18 11:17:00+00:00,DEBIT,1732.42,GBP,5366,CP5382,ONLINE,REFVHN9RLWBMD,2024-05-21 22:06:00+00:00
TXN0000004972,ACC00000713,2025-05-23 19:54:00+00:00,2026-01-30 08:54:00+00:00,CREDIT,1035.01,GBP,7408,CP6093,POS,REFR5GMSHOFO6,2024-11-11 10:43:00+00:00
TXN0000004973,ACC00000399,2025-05-09 21:08:00+00:00,2026-05-05 00:29:00+00:00,CREDIT,1112.82,GBP,5581,CP6893,ONLINE,REF84H9KZ11FU,2025-04-04 19:11:00+00:00
TXN0000004974,ACC00000090,2024-01-29 19:08:00+00:00,2024-03-19 02:41:00+00:00,DEBIT,979.77,GBP,8789,CP3351,POS,REFAM8BGD4RHK,2025-06-16 09:44:00+00:00
TXN0000004975,ACC00000156,2024-12-24 02:36:00+00:00,2024-01-16 21:29:00+00:00,CREDIT,1211.17,EUR,4217,,ONLINE,REFQLVLLF9FCO,2026-03-08 22:19:00+00:00
TXN0000004976,ACC00000772,2024-05-13 01:07:00+00:00,2026-02-13 05:39:00+00:00,CREDIT,1130.8,GBP,6961,CP9585,POS,REFAFEAYNUG3I,2025-08-14 19:54:00+00:00
TXN0000004977,ACC00000696,2025-07-29 04:35:00+00:00,2025-06-12 11:01:00+00:00,CREDIT,33.98,GBP,4587,CP8659,BRANCH,REFZ56G6MEGBO,2024-08-02 22:47:00+00:00
TXN0000004978,ACC00000748,2026-01-11 23:22:00+00:00,2024-06-21 07:42:00+00:00,CREDIT,14.14,GBP,6504,CP3462,ONLINE,REFEDDA9HST37,2025-09-22 14:07:00+00:00
TXN0000004979,ACC00000542,2024-05-09 07:14:00+00:00,2025-11-05 00:22:00+00:00,DEBIT,120.71,GBP,7382,CP2435,ONLINE,REFGHP1HKDYCE,2024-05-25 21:46:00+00:00
TXN0000004980,ACC00000554,2025-12-22 04:36:00+00:00,2025-10-16 23:01:00+00:00,DEBIT,449.61,GBP,3684,CP1932,ONLINE,REF8OGL4BDAQC,2025-12-25 13:52:00+00:00
TXN0000004981,ACC00000329,2025-04-05 00:53:00+00:00,2025-03-11 13:28:00+00:00,DEBIT,158.9,GBP,2723,CP8809,ONLINE,REFKC7J6MDDGY,2026-03-12 14:49:00+00:00
TXN0000004982,ACC00000274,2024-10-02 18:41:00+00:00,2024-04-06 08:34:00+00:00,CREDIT,365.48,USD,6319,CP3107,POS,REFTWR7ELTNUK,2025-07-08 16:05:00+00:00
TXN0000004983,ACC00000594,2024-07-21 15:37:00+00:00,2024-12-13 07:59:00+00:00,CREDIT,410.66,GBP,5768,CP4440,POS,REF650XZE3XLW,2025-01-22 11:50:00+00:00
TXN0000004984,ACC00000119,2024-12-14 16:10:00+00:00,2024-08-15 21:12:00+00:00,DEBIT,2173.83,GBP,3450,CP1651,ONLINE,REFSXSAKBFBNH,2024-06-27 09:28:00+00:00
TXN0000004985,ACC00000724,2025-08-30 03:21:00+00:00,2026-03-05 03:31:00+00:00,DEBIT,1313.94,GBP,7828,CP7632,ONLINE,REFBUCAIYKSB5,2024-07-17 11:33:00+00:00
TXN0000004986,ACC00000371,2025-07-02 20:58:00+00:00,2026-02-21 02:16:00+00:00,CREDIT,231.23,GBP,3187,CP8407,ATM,REFKGTGF1NNY7,2024-07-18 21:15:00+00:00
TXN0000004987,ACC00000106,2025-01-15 10:51:00+00:00,2025-04-11 18:48:00+00:00,CREDIT,970.62,GBP,7777,CP3184,POS,REF9LP5SKR8DI,2024-05-13 14:45:00+00:00
TXN0000004988,ACC00000344,2024-05-07 02:27:00+00:00,2024-11-20 11:16:00+00:00,CREDIT,1097.52,GBP,8447,CP1549,ATM,REFBVAZXGEDO0,2026-05-04 22:17:00+00:00
TXN0000004989,ACC00000546,2024-08-04 19:41:00+00:00,2026-01-23 02:10:00+00:00,DEBIT,508.25,GBP,2328,CP2136,ONLINE,REFZKY5UN7UDC,2024-11-03 16:29:00+00:00
TXN0000004990,ACC00000326,2025-03-30 02:18:00+00:00,2025-07-30 17:44:00+00:00,DEBIT,905.65,GBP,9611,CP1610,ONLINE,REFVD8A26UZH2,2026-03-07 15:49:00+00:00
TXN0000004991,ACC00000156,2025-09-07 05:01:00+00:00,2024-06-18 09:48:00+00:00,DEBIT,1201.79,USD,9824,,POS,REF5RL86KP838,2024-04-26 01:09:00+00:00
TXN0000004992,ACC00000003,2026-03-17 14:21:00+00:00,2026-02-15 18:11:00+00:00,DEBIT,386.58,USD,3588,CP1749,POS,REF2VC1LQ1WQT,2024-06-07 16:05:00+00:00
TXN0000004993,ACC00000223,2026-04-30 14:19:00+00:00,2024-06-09 00:52:00+00:00,DEBIT,1296.84,EUR,7709,CP9501,ONLINE,REFRZ18OPFWXE,2025-06-02 06:19:00+00:00
TXN0000004994,ACC00000050,2025-12-13 03:50:00+00:00,2026-03-12 05:32:00+00:00,DEBIT,506.06,GBP,8825,CP3135,ONLINE,REFKHKQU0QI7N,2024-07-05 21:07:00+00:00
TXN0000004995,ACC00000662,2024-11-13 05:19:00+00:00,2025-11-18 17:04:00+00:00,DEBIT,811.65,GBP,2007,CP3081,ONLINE,REF2DFL1ER3J5,2024-08-27 06:44:00+00:00
TXN0000004996,ACC00000741,2025-07-28 14:52:00+00:00,2024-12-31 20:11:00+00:00,DEBIT,734.94,GBP,2471,CP9398,BRANCH,REFUCFBY3XBV3,2026-01-01 21:54:00+00:00
TXN0000004997,ACC00000504,2024-08-31 18:26:00+00:00,2024-02-18 16:37:00+00:00,DEBIT,227.32,GBP,4416,CP4667,BRANCH,REF7Q4I216OZG,2024-09-03 15:20:00+00:00
TXN0000004998,ACC00000286,2024-06-11 12:08:00+00:00,2025-11-27 11:08:00+00:00,CREDIT,461.14,USD,8063,CP9109,POS,REFNNXZ6EGOYI,2024-04-18 17:28:00+00:00
TXN0000004999,ACC00000123,2024-12-20 19:05:00+00:00,2024-04-23 14:55:00+00:00,CREDIT,305.12,GBP,2070,CP6478,ATM,REFMOSRPIPXOZ,2025-10-21 18:42:00+00:00
TXN0000005000,ACC00000352,2025-06-13 17:15:00+00:00,2025-02-05 17:00:00+00:00,CREDIT,1337.23,USD,2511,CP9275,BRANCH,REFKX96WXB2UZ,2024-09-02 05:14:00+00:00
